fund_id,fund_name,group,universe,quarter_start,quarter_end,report_date_used,lag_days,k,universe_size,coverage,fund_return_vw,fund_return_ew,null_median_vw,null_median_ew,pct_vw,pct_ew,benchmark_return,within_universe_diff_vw,within_universe_diff_ew,selection_shift_vw,selection_shift_ew
S000000856,Parnassus Core Equity,active ESG,S&P 500 proxy,2019-09-30,2019-12-31,2019-09-30,0,36,492,0.9409534815920428,0.06102307788580137,0.052631452041953505,0.07695171731796047,0.07257692983015902,27.189999999999998,12.9,0.08503162406158934,-0.015928639432159095,-0.019945477788205518,-0.008079906743628879,-0.012454694231430322
S000000856,Parnassus Core Equity,active ESG,S&P 500 proxy,2019-12-31,2020-03-31,2019-12-31,0,37,502,0.9362154693126694,-0.15797868721194475,-0.15914854453888633,-0.21102091483113605,-0.27243517256699723,85.53,100.0,-0.2002668373550832,0.05304222761919131,0.1132866280281109,-0.010754077476052865,-0.07216833521191404
S000000856,Parnassus Core Equity,active ESG,S&P 500 proxy,2020-03-31,2020-06-30,2020-03-31,0,36,494,0.9551828180573656,0.17941430830882915,0.17062908650249983,0.1821318111353541,0.20925783260937042,47.870000000000005,8.924999999999999,0.1999719142059206,-0.0027175028265249423,-0.03862874610687059,-0.017840103070566493,0.009285918403449833
S000000856,Parnassus Core Equity,active ESG,S&P 500 proxy,2020-06-30,2020-09-30,2020-06-30,0,37,502,0.9541196034272792,0.1188237466842745,0.1118774706037516,0.07575606423954273,0.06306160710589698,85.435,97.71,0.08473430752277213,0.043067682444731775,0.04881586349785462,-0.008978243283229395,-0.02167270041687515
S000000856,Parnassus Core Equity,active ESG,S&P 500 proxy,2020-09-30,2020-12-31,2020-09-30,0,36,501,0.9531022996876088,0.10992404685874128,0.1251903451304619,0.11743900170657055,0.17996956993119217,41.36,2.07,0.11560230013788039,-0.007514954847829269,-0.054779224800730275,0.0018367015686901605,0.06436726979331178
S000000856,Parnassus Core Equity,active ESG,S&P 500 proxy,2020-12-31,2021-03-31,2020-12-31,0,36,495,0.9519578890902004,0.07123133735906668,0.07073883204351065,0.06775128369538558,0.10924323582487662,54.445,3.7150000000000003,0.057759145187932764,0.003480053663681107,-0.038504403781365965,0.009992138507452814,0.051484090636943855
S000000856,Parnassus Core Equity,active ESG,S&P 500 proxy,2021-03-31,2021-06-30,2021-03-31,0,36,501,0.9520027192143841,0.0744633718990417,0.06837052092357156,0.07506138522753827,0.06313177944198309,49.15,63.035,0.08144362414218898,-0.0005980133284965716,0.005238741481588469,-0.006382238914650701,-0.018311844700205887
S000000856,Parnassus Core Equity,active ESG,S&P 500 proxy,2021-06-30,2021-09-30,2021-06-30,0,36,498,0.953324045720354,0.005736961777779534,0.0017154465831900451,0.000493538958251116,-0.010391044114243872,58.355000000000004,79.255,0.005010169048692208,0.005243422819528418,0.012106490697433917,-0.004516630090441093,-0.01540121316293608
S000000856,Parnassus Core Equity,active ESG,S&P 500 proxy,2021-09-30,2021-12-31,2021-09-30,0,34,501,0.932902718036178,0.10542067087561682,0.10738172108814745,0.09512970505858148,0.08661169103279003,58.055,83.965,0.10624683587012637,0.010290965817035341,0.020770030055357422,-0.01111713081154489,-0.019635144837336346
S000000856,Parnassus Core Equity,active ESG,S&P 500 proxy,2021-12-31,2022-03-31,2021-12-31,0,34,499,0.9310614299269895,-0.055791127501628165,-0.06732668752740913,-0.04846093879211097,-0.03140048385619755,42.11,8.774999999999999,-0.05051592356014442,-0.007330188709517196,-0.035926203671211576,0.002054984768033452,0.01911543970394687
S000000856,Parnassus Core Equity,active ESG,S&P 500 proxy,2022-03-31,2022-06-30,2022-03-31,0,36,498,0.9591540280294414,-0.16571296362517945,-0.1640702841141488,-0.1467217936738146,-0.14301153572552724,31.175000000000004,13.775,-0.15199697665123377,-0.01899116995136485,-0.021058748388621568,0.005275182977419163,0.008985440925706523
S000000856,Parnassus Core Equity,active ESG,S&P 500 proxy,2022-06-30,2022-09-30,2022-06-30,0,36,500,0.9282468877508645,-0.05654338765001156,-0.066594374893596,-0.048545448196793614,-0.05043224653993929,40.565,18.795,-0.0440642284405621,-0.007997939453217945,-0.016162128353656713,-0.0044812197562315165,-0.00636801809937719
S000000856,Parnassus Core Equity,active ESG,S&P 500 proxy,2022-09-30,2022-12-31,2022-09-30,0,36,497,0.9430261851710517,0.09698422307980142,0.10886381443183975,0.10359613174792263,0.10844825300951783,45.265,50.735,0.07035614260591766,-0.006611908668121211,0.0004155614223219223,0.033239989142004975,0.038092110403600166
S000000856,Parnassus Core Equity,active ESG,S&P 500 proxy,2022-12-31,2023-03-31,2022-12-31,0,36,498,0.9419572934932077,0.07458250705052558,0.08074841389432816,0.04054349268721382,0.029557725358199286,65.06,97.605,0.06968692448924221,0.034039014363311755,0.051190688536128875,-0.029143431802028393,-0.04012919913104293
S000000856,Parnassus Core Equity,active ESG,S&P 500 proxy,2023-03-31,2023-06-30,2023-03-31,0,36,501,0.9183498541848197,0.083063017267837,0.07912070201746922,0.060988770419039814,0.03596105466457211,62.39,97.41,0.08317615465650055,0.02207424684879719,0.04315964735289711,-0.022187384237460736,-0.04721509999192844
S000000856,Parnassus Core Equity,active ESG,S&P 500 proxy,2023-06-30,2023-09-30,2023-06-30,0,35,500,0.9134777065901563,-0.0383194867660949,-0.036971345908088225,-0.03363088650188345,-0.052239020534044375,43.62,79.83,-0.03632019069948815,-0.004688600264211452,0.01526767462595615,0.0026893041976047,-0.015918829834556225
S000000856,Parnassus Core Equity,active ESG,S&P 500 proxy,2023-09-30,2023-12-31,2023-09-30,0,36,496,0.9147727560019172,0.11794746086541377,0.11750620030305796,0.10933679788557683,0.11350100897240967,60.605,58.62500000000001,0.11155382697903815,0.008610662979836939,0.004005191330648292,-0.0022170290934613174,0.0019471819933715162
S000000856,Parnassus Core Equity,active ESG,S&P 500 proxy,2023-12-31,2024-03-31,2023-12-31,0,36,499,0.9304982575970202,0.09805686635952128,0.08992842301178898,0.09252047636776622,0.07453764493424668,55.61000000000001,78.645,0.10178530675880962,0.005536389991755056,0.0153907780775423,-0.009264830391043394,-0.027247661824562938
S000000856,Parnassus Core Equity,active ESG,S&P 500 proxy,2024-03-31,2024-06-30,2024-03-31,0,38,496,0.9501845405906436,0.007216659541196509,0.0010059609722672393,0.00759406656367394,-0.03128731911227382,49.655,96.94,0.024444293477078004,-0.0003774070224774311,0.03229328008454106,-0.016850226913404064,-0.05573161258935183
S000000856,Parnassus Core Equity,active ESG,S&P 500 proxy,2024-06-30,2024-09-30,2024-06-30,0,37,498,0.9711113399878963,0.05027327481399664,0.06320653203073645,0.06537996303560102,0.08984306041954512,37.515,10.63,0.055161548787359814,-0.01510668822160438,-0.026636528388808672,0.010218414248241207,0.03468151163218531
S000000856,Parnassus Core Equity,active ESG,S&P 500 proxy,2024-09-30,2024-12-31,2024-09-30,0,36,494,0.9698534885778293,0.013191329781732037,-0.010821729462215062,0.005046253930932212,-0.021621132132417765,55.04,67.375,0.021191380382806116,0.008145075850799825,0.010799402670202704,-0.016145126451873902,-0.04281251251522388
S000000856,Parnassus Core Equity,active ESG,S&P 500 proxy,2024-12-31,2025-03-31,2024-12-31,0,37,499,0.9589158243246166,-0.032100101547140124,-0.01323986083593913,-0.023355346314113814,-0.009083634711633969,45.92,41.685,-0.045926854044900725,-0.00874475523302631,-0.004156226124305161,0.02257150773078691,0.03684321933326676
S000000856,Parnassus Core Equity,active ESG,S&P 500 proxy,2025-03-31,2025-06-30,2025-03-31,0,38,502,0.9566412926879496,0.10316990229020483,0.10172846612162394,0.07986590807798723,0.0511994397161622,62.6,96.785,0.1056815464225028,0.0233039942122176,0.05052902640546174,-0.02581563834451557,-0.0544821067063406
S000000856,Parnassus Core Equity,active ESG,S&P 500 proxy,2025-06-30,2025-09-30,2025-06-30,0,37,495,0.9557769091992834,0.028684209125689555,0.011211410742414316,0.05395866962850615,0.04478358260707567,28.444999999999997,6.859999999999999,0.07827229945108612,-0.025274460502816596,-0.033572171864661354,-0.024313629822579966,-0.03348871684401045
S000000856,Parnassus Core Equity,active ESG,S&P 500 proxy,2025-09-30,2025-12-31,2025-09-30,0,38,497,0.9558773963385866,0.027375517110514894,0.016487828635556864,0.02269940182124357,0.008914664017587021,54.800000000000004,63.22,0.0273312584333281,0.004676115289271324,0.007573164617969842,-0.004631856612084529,-0.01841659441574108
S000000856,Parnassus Core Equity,active ESG,S&P 500 proxy,2025-12-31,2026-03-31,2025-12-31,0,35,497,0.960163343566494,-0.07931270174738374,-0.07997852517694402,-0.037081267870409565,0.0006344290758290033,13.79,0.31,-0.04676135369210999,-0.04223143387697417,-0.08061295425277303,0.009680085821700428,0.047395782767938995
S000000856,Parnassus Core Equity,active ESG,S&P 500 proxy,2026-03-31,2026-06-30,2026-03-31,0,35,494,0.950619176280776,0.1479676067382633,0.13066420566268427,0.1280992478430664,0.10414730407899495,60.01499999999999,69.055,0.14716078654785325,0.01986835889519692,0.02651690158368933,-0.019061538704786857,-0.043013482468858305
S000008719,Calvert Equity,active ESG,Russell 1000 proxy,2019-09-30,2019-12-31,2019-09-30,0,40,986,0.9579306073023915,0.056244858916247864,0.05559782986522562,0.07541748475107857,0.07278993174616852,25.319999999999997,18.32,0.08485173411549017,-0.019172625834830703,-0.017192101880942896,-0.009434249364411604,-0.012061802369321653
S000008719,Calvert Equity,active ESG,Russell 1000 proxy,2019-12-31,2020-03-31,2019-12-31,0,40,990,0.9600260318347551,-0.14687728443180798,-0.16358024589157658,-0.21995349405223394,-0.2902024363338389,90.57,99.995,-0.20639817951749032,0.07307620962042596,0.12662219044226233,-0.013555314534743623,-0.0838042568163486
S000008719,Calvert Equity,active ESG,Russell 1000 proxy,2020-03-31,2020-06-30,2020-03-31,0,40,945,0.9520373905082248,0.21549219731808508,0.20598830113528216,0.19674018965741202,0.25653939470115095,62.18,8.95,0.21288715027469685,0.01875200766067306,-0.05055109356586879,-0.016146960617284822,0.0436522444264541
S000008719,Calvert Equity,active ESG,Russell 1000 proxy,2020-06-30,2020-09-30,2020-06-30,0,41,998,0.9472666233871279,0.10350557464116643,0.10402095960662847,0.07697046752550715,0.0604306197761227,73.345,93.54,0.0858908083626267,0.026535107115659276,0.04359033983050577,-0.008920340837119553,-0.025460188586504007
S000008719,Calvert Equity,active ESG,Russell 1000 proxy,2020-09-30,2020-12-31,2020-09-30,0,41,1000,0.9487297136522956,0.08762610734459607,0.09755172080121545,0.13416765104536152,0.21759371786384996,14.08,0.005,0.13134128051718308,-0.04654154370076545,-0.1200419970626345,0.00282637052817844,0.08625243734666688
S000008719,Calvert Equity,active ESG,Russell 1000 proxy,2020-12-31,2021-03-31,2020-12-31,0,43,1006,0.9480672545523119,0.025565204728372103,0.03392057620855709,0.0634309799664115,0.09709146251756395,15.085,0.42500000000000004,0.05503149565981003,-0.0378657752380394,-0.06317088630900686,0.008399484306601472,0.04205996685775392
S000008719,Calvert Equity,active ESG,Russell 1000 proxy,2021-03-31,2021-06-30,2021-03-31,0,42,964,0.9460755149393446,0.10096280223787651,0.10255030651429824,0.07353692611402571,0.06259715594430702,78.07,98.75,0.08180508667741294,0.027425876123850806,0.039953150569991214,-0.008268160563387236,-0.01920793073310592
S000008719,Calvert Equity,active ESG,Russell 1000 proxy,2021-06-30,2021-09-30,2021-06-30,0,43,1012,0.9414135205024693,0.03226671138908272,0.025706310610268842,-0.005064846526885544,-0.019527746516737943,89.24,97.92999999999999,0.0013705279682896423,0.03733155791596827,0.04523405712700679,-0.006435374495175186,-0.020898274485027585
S000008719,Calvert Equity,active ESG,Russell 1000 proxy,2021-09-30,2021-12-31,2021-09-30,0,43,1016,0.940227947112045,0.11576920959354971,0.11746393210881668,0.07805129972889341,0.05017407365858275,74.835,99.885,0.09334391565412548,0.0377179098646563,0.06728985845023394,-0.015292615925232067,-0.043169841995542725
S000008719,Calvert Equity,active ESG,Russell 1000 proxy,2021-12-31,2022-03-31,2021-12-31,0,42,1012,0.9111943513319559,-0.10828711042344767,-0.11211364437868208,-0.05466156982217557,-0.05483757655448738,10.69,1.6650000000000003,-0.0557636385468342,-0.0536255406012721,-0.057276067824194705,0.0011020687246586294,0.0009260619923468216
S000008719,Calvert Equity,active ESG,Russell 1000 proxy,2022-03-31,2022-06-30,2022-03-31,0,44,968,0.942316398796361,-0.12890214780045203,-0.13204898288175473,-0.15391190488269085,-0.1611340737851812,72.76,91.96,-0.1579209255035002,0.02500975708223882,0.029085090903426453,0.00400902062080935,-0.003213148281680983
S000008719,Calvert Equity,active ESG,Russell 1000 proxy,2022-06-30,2022-09-30,2022-06-30,0,42,961,0.9402356990815814,-0.03145437373137816,-0.026516135669049878,-0.04712192992607918,-0.04422686903851737,66.225,77.535,-0.04160038536558748,0.01566755619470102,0.017710733369467494,-0.005521544560491698,-0.0026264836729298913
S000008719,Calvert Equity,active ESG,Russell 1000 proxy,2022-09-30,2022-12-31,2022-09-30,0,41,1005,0.940540998064996,0.10030569966824535,0.11408970049114914,0.09890764678736297,0.0849294247098687,51.21,86.88,0.06760125136763086,0.0013980528808823778,0.029160275781280443,0.03130639541973211,0.017328173342237838
S000008719,Calvert Equity,active ESG,Russell 1000 proxy,2022-12-31,2023-03-31,2022-12-31,0,41,1002,0.9394046604512309,0.03485899204819932,0.026971697378820256,0.03516452278321091,0.04710167856790878,49.69,23.36,0.06941288975761699,-0.00030553073501159156,-0.02012998118908852,-0.03424836697440608,-0.022311211189708212
S000008719,Calvert Equity,active ESG,Russell 1000 proxy,2023-03-31,2023-06-30,2023-03-31,0,41,973,0.9360584375911284,0.05019132166404893,0.043728221214717124,0.05220121729307737,0.0404414418968187,48.235,55.474999999999994,0.08125209135809551,-0.002009895629028438,0.0032867793178984264,-0.02905087406501814,-0.04081064946127681
S000008719,Calvert Equity,active ESG,Russell 1000 proxy,2023-06-30,2023-09-30,2023-06-30,0,41,996,0.9348144903621395,-0.04333899363263997,-0.06453166434377154,-0.033938945030403414,-0.04749957727267744,37.905,20.885,-0.035017352488151667,-0.009400048602236553,-0.017032087071094104,0.0010784074577482525,-0.01248222478452577
S000008719,Calvert Equity,active ESG,Russell 1000 proxy,2023-09-30,2023-12-31,2023-09-30,0,41,1003,0.935174018292614,0.12426289229566526,0.13476675238304883,0.11373626384773437,0.12633095227950109,61.875,63.385000000000005,0.11460784140135323,0.010526628447930883,0.008435800103547747,-0.0008715775536188575,0.011723110878147855
S000008719,Calvert Equity,active ESG,Russell 1000 proxy,2023-12-31,2024-03-31,2023-12-31,0,42,1001,0.9380505646897795,0.05553089730123122,0.05423699219410103,0.0885549827328671,0.06367831012140568,22.645,35.125,0.09910565431589027,-0.03302408543163588,-0.009441317927304647,-0.010550671583023169,-0.035427344194484595
S000008719,Calvert Equity,active ESG,Russell 1000 proxy,2024-03-31,2024-06-30,2024-03-31,0,42,1001,0.9366799490991123,0.0022629562912270663,-0.011115768530058039,-0.007963895659698274,-0.04156546894158103,57.894999999999996,92.515,0.01885601589674102,0.01022685195092534,0.030449700411522992,-0.026819911556439292,-0.06042148483832205
S000008719,Calvert Equity,active ESG,Russell 1000 proxy,2024-06-30,2024-09-30,2024-06-30,0,41,967,0.9395212223337535,0.06187956786155623,0.07744056810008955,0.07080213077802341,0.0882679162256937,42.045,31.014999999999997,0.057625865236739605,-0.008922562916467182,-0.010827348125604153,0.013176265541283809,0.030642050988954096
S000008719,Calvert Equity,active ESG,Russell 1000 proxy,2024-09-30,2024-12-31,2024-09-30,0,41,997,0.9381932743112397,-0.03131519326562199,-0.03594689352262917,0.001895926543242312,-0.000430486010447534,24.044999999999998,8.82,0.02406718985893059,-0.0332111198088643,-0.03551640751218164,-0.022171263315688278,-0.02449767586937812
S000008719,Calvert Equity,active ESG,Russell 1000 proxy,2024-12-31,2025-03-31,2024-12-31,0,41,1002,0.9405182902930732,-0.006450347656188348,-0.0081756109075586,-0.018790733887075077,-0.04247869199141481,59.695,93.315,-0.04825848635082,0.012340386230886728,0.03430308108385621,0.029467752463744924,0.005779794359405191
S000008719,Calvert Equity,active ESG,Russell 1000 proxy,2025-03-31,2025-06-30,2025-03-31,0,41,975,0.9388023069074694,0.06530464152699966,0.06613818500148734,0.08051689263794433,0.06592492620735985,40.63,50.349999999999994,0.10749288104967636,-0.015212251110944666,0.00021325879412749382,-0.02697598841173203,-0.04156795484231651
S000008719,Calvert Equity,active ESG,Russell 1000 proxy,2025-06-30,2025-09-30,2025-06-30,0,41,1001,0.941854667031482,0.011079995026949143,-0.01173860583366776,0.04831732265043706,0.04827985536942717,18.29,1.045,0.07696755491016137,-0.037237327623487915,-0.06001846120309493,-0.02865023225972431,-0.028687699540734198
S000008719,Calvert Equity,active ESG,Russell 1000 proxy,2025-09-30,2025-12-31,2025-09-30,0,43,1002,0.9453226016619684,0.014684542311129294,-0.006718315476829138,0.016339283213378124,0.0039551396592837715,48.370000000000005,32.785,0.024519648346238647,-0.0016547409022488295,-0.01067345513611291,-0.008180365132860523,-0.020564508686954877
S000008719,Calvert Equity,active ESG,Russell 1000 proxy,2025-12-31,2026-03-31,2025-12-31,0,42,999,0.9516869461506596,-0.11608443061772301,-0.10610105879539616,-0.03388316259250712,-0.00846818633958835,5.17,0.05,-0.044915787251847875,-0.08220126802521589,-0.09763287245580782,0.011032624659340753,0.03644760091225953
S000008719,Calvert Equity,active ESG,Russell 1000 proxy,2026-03-31,2026-06-30,2026-03-31,0,42,956,0.9474034762109079,-0.003230470731365717,-0.014420373001062177,0.121205949134888,0.11285314755023962,4.66,0.005,0.14544311548650715,-0.12443641986625371,-0.12727352055130178,-0.024237166351619155,-0.03258996793626753
S000005371,Nuveen Large Cap Responsible,active ESG,Russell 1000 proxy,2019-12-31,2020-03-31,2019-10-31,61,370,990,0.8908660724442448,-0.19609823298736767,-0.28648805224636215,-0.20718069922181093,-0.2903059174893263,72.71,67.2,-0.20639817951749032,0.011082466234443256,0.00381786524296418,-0.0007825197043206111,-0.08390773797183601
S000005371,Nuveen Large Cap Responsible,active ESG,Russell 1000 proxy,2020-03-31,2020-06-30,2020-01-31,60,337,945,0.8943433018989775,0.22254482558275934,0.24542041268289602,0.21181190182441728,0.25911198863753765,67.71000000000001,12.115,0.21288715027469685,0.010732923758342061,-0.013691575954641627,-0.0010752484502795645,0.0462248383628408
S000005371,Nuveen Large Cap Responsible,active ESG,Russell 1000 proxy,2020-06-30,2020-09-30,2020-04-30,61,330,998,0.9139245959383726,0.0774952773541575,0.04947856378788971,0.08353918078628893,0.06135306196730418,37.345,6.65,0.0858908083626267,-0.006043903432131431,-0.011874498179414474,-0.002351627576337778,-0.024537746395322524
S000005371,Nuveen Large Cap Responsible,active ESG,Russell 1000 proxy,2020-09-30,2020-12-31,2020-07-31,61,338,1000,0.9128990014636007,0.1276888821980321,0.19158314050590397,0.13133888030569232,0.21863674958354382,40.44,0.22999999999999998,0.13134128051718308,-0.0036499981076602295,-0.027053609077639845,-2.4002114907550887e-06,0.08729546906636074
S000005371,Nuveen Large Cap Responsible,active ESG,Russell 1000 proxy,2020-12-31,2021-03-31,2020-10-31,61,340,1006,0.913518834032895,0.057761958174914606,0.10631412395138334,0.05666299435249842,0.09729993393742684,52.37500000000001,89.13,0.05503149565981003,0.0010989638224161852,0.009014190013956508,0.0016314986926883879,0.0422684382776168
S000005371,Nuveen Large Cap Responsible,active ESG,Russell 1000 proxy,2021-03-31,2021-06-30,2021-01-31,59,337,964,0.9069166219370424,0.08306365288609042,0.05684754341749792,0.08159934534796491,0.06314751347695126,55.415000000000006,9.985,0.08180508667741294,0.0014643075381255144,-0.00629997005945334,-0.0002057413294480337,-0.018657573200461686
S000005371,Nuveen Large Cap Responsible,active ESG,Russell 1000 proxy,2021-06-30,2021-09-30,2021-04-30,61,351,1012,0.9060058720010241,-0.006129090081052187,-0.01124620262042844,0.0011871782950619797,-0.0189674377733164,21.675,89.97500000000001,0.0013705279682896423,-0.007316268376114167,0.007721235152887961,-0.0001833496732276626,-0.020337965741606043
S000005371,Nuveen Large Cap Responsible,active ESG,Russell 1000 proxy,2021-09-30,2021-12-31,2021-07-31,61,340,1016,0.9152515771922201,0.09074484094203232,0.06749343212121027,0.09262104446068285,0.04942755101983792,46.53,99.595,0.09334391565412548,-0.0018762035186505321,0.018065881101372347,-0.000722871193442623,-0.04391636463428755
S000005371,Nuveen Large Cap Responsible,active ESG,Russell 1000 proxy,2021-12-31,2022-03-31,2021-10-31,61,339,1012,0.9141611125357092,-0.06707744525749093,-0.047669898583079774,-0.05572585440876207,-0.05489948316650966,21.055,81.52000000000001,-0.0557636385468342,-0.01135159084872886,0.007229584583429885,3.778413807212916e-05,0.0008641553803245411
S000005371,Nuveen Large Cap Responsible,active ESG,Russell 1000 proxy,2022-03-31,2022-06-30,2022-01-31,59,314,968,0.9195866356314341,-0.16188119644581603,-0.16089214542579158,-0.15755577433219098,-0.16153697560613503,39.395,53.89000000000001,-0.1579209255035002,-0.004325422113625049,0.0006448301803434475,0.0003651511713092248,-0.003616050102634827
S000005371,Nuveen Large Cap Responsible,active ESG,Russell 1000 proxy,2022-06-30,2022-09-30,2022-04-30,61,319,961,0.9213450891523516,-0.04716859423147905,-0.0382279603329848,-0.04184652734297806,-0.04400489777861574,34.245,78.595,-0.04160038536558748,-0.005322066888500995,0.005776937445630945,-0.00024614197739057653,-0.002404512413028262
S000005371,Nuveen Large Cap Responsible,active ESG,Russell 1000 proxy,2022-09-30,2022-12-31,2022-07-31,61,327,1005,0.9583218300476989,0.095396501292454,0.10501740945434537,0.06861930635135347,0.08441600449714799,78.745,99.455,0.06760125136763086,0.026777194941100535,0.02060140495719738,0.0010180549837226077,0.016814753129517135
S000005371,Nuveen Large Cap Responsible,active ESG,Russell 1000 proxy,2022-12-31,2023-03-31,2022-10-31,61,317,1002,0.9523091984699285,0.062335969222048225,0.03635514821567437,0.06760754853568915,0.04746287071272069,43.254999999999995,9.47,0.06941288975761699,-0.005271579313640924,-0.011107722497046321,-0.0018053412219278392,-0.021950019044896296
S000005371,Nuveen Large Cap Responsible,active ESG,Russell 1000 proxy,2023-03-31,2023-06-30,2023-01-31,59,290,973,0.9430428095818143,0.05277032930190827,0.020085158449633368,0.07987375559813259,0.04056711610418558,13.69,0.36,0.08125209135809551,-0.027103426296224323,-0.02048195765455221,-0.0013783357599629203,-0.04068497525390993
S000005371,Nuveen Large Cap Responsible,active ESG,Russell 1000 proxy,2023-06-30,2023-09-30,2023-04-30,61,294,996,0.9610376686634544,-0.03649085816131711,-0.04097638410214388,-0.03373103215324072,-0.047295488297968424,42.025,82.46,-0.035017352488151667,-0.0027598260080763937,0.006319104195824543,0.0012863203349109467,-0.012278135809816758
S000005371,Nuveen Large Cap Responsible,active ESG,Russell 1000 proxy,2023-09-30,2023-12-31,2023-07-31,61,266,1003,0.9496180366658008,0.11993839171591819,0.11678669406875898,0.11419160618436872,0.12703898180280498,65.245,11.495,0.11460784140135323,0.005746785531549475,-0.010252287734046003,-0.0004162352169845146,0.012431140401451754
S000005371,Nuveen Large Cap Responsible,active ESG,Russell 1000 proxy,2023-12-31,2024-03-31,2023-10-31,61,258,1001,0.9520694599624369,0.10658140253456587,0.0697739586042645,0.0947451452433275,0.06420143300450992,63.93,73.225,0.09910565431589027,0.01183625729123837,0.005572525599754574,-0.004360509072562774,-0.03490422131138035
S000005371,Nuveen Large Cap Responsible,active ESG,Russell 1000 proxy,2024-03-31,2024-06-30,2024-01-31,60,242,1001,0.9428444742149895,-0.012368507787653693,-0.03246881078604014,0.013552139788950042,-0.0411867005008418,12.839999999999998,87.47,0.01885601589674102,-0.025920647576603735,0.008717889714801655,-0.005303876107790977,-0.06004271639758282
S000005371,Nuveen Large Cap Responsible,active ESG,Russell 1000 proxy,2024-06-30,2024-09-30,2024-04-30,61,158,967,0.9890113645017262,0.06594813508406806,0.08637213521720091,0.060556675829685096,0.08829982728392478,57.325,43.19,0.057625865236739605,0.005391459254382967,-0.0019276920667238712,0.0029308105929454903,0.03067396204718518
S000005371,Nuveen Large Cap Responsible,active ESG,Russell 1000 proxy,2024-09-30,2024-12-31,2024-07-31,61,140,997,0.9818322051412881,-0.001658183177193004,-0.013603453777718096,0.01977738387166881,0.0010485112798775949,28.294999999999998,15.275,0.02406718985893059,-0.021435567048861813,-0.014651965057595692,-0.00428980598726178,-0.023018678579052994
S000005371,Nuveen Large Cap Responsible,active ESG,Russell 1000 proxy,2024-12-31,2025-03-31,2024-10-31,61,136,1002,0.9906158692368406,-0.034704126354479746,-0.011257563914327376,-0.043351624088626924,-0.04233082718265192,57.945,99.555,-0.04825848635082,0.008647497734147178,0.031073263268324547,0.004906862262193078,0.0059276591681680785
S000005371,Nuveen Large Cap Responsible,active ESG,Russell 1000 proxy,2025-03-31,2025-06-30,2025-01-31,59,132,975,0.9827966888437696,0.11350110454564696,0.0647345824004833,0.09397573467508809,0.06670074478444735,61.485,44.915,0.10749288104967636,0.019525369870558876,-0.0019661623839640485,-0.01351714637458827,-0.04079213626522901
S000005371,Nuveen Large Cap Responsible,active ESG,Russell 1000 proxy,2025-06-30,2025-09-30,2025-04-30,61,120,1001,0.9810994749464317,0.041956740984535126,0.0431108938808683,0.06818215229545507,0.04914825069761797,29.439999999999998,34.945,0.07696755491016137,-0.026225411310919947,-0.0060373568167496686,-0.008785402614706297,-0.027819304212543403
S000005371,Nuveen Large Cap Responsible,active ESG,Russell 1000 proxy,2025-09-30,2025-12-31,2025-07-31,61,119,1002,0.9904607749156861,0.021361027042657053,0.019745858291319248,0.021518550597486336,0.004574602923780341,49.76,84.76,0.024519648346238647,-0.0001575235548292829,0.015171255367538907,-0.0030010977487523113,-0.019945045422458306
S000005371,Nuveen Large Cap Responsible,active ESG,Russell 1000 proxy,2025-12-31,2026-03-31,2025-10-31,61,119,999,0.9878955657342234,-0.04106197020057408,-0.028166049882744158,-0.03787197117781887,-0.008264751651965878,45.595,13.76,-0.044915787251847875,-0.0031899990227552133,-0.01990129823077828,0.0070438160740290065,0.036651035599882
S000005371,Nuveen Large Cap Responsible,active ESG,Russell 1000 proxy,2026-03-31,2026-06-30,2026-01-31,59,120,956,0.991184460618271,0.16457750052906733,0.11917396653470051,0.13568291428610232,0.11671758714254649,66.815,53.625,0.14544311548650715,0.02889458624296501,0.002456379392154026,-0.009760201200404828,-0.028725528343960666
S000006203,American Century Large Cap Eq.,active ESG,Russell 1000 proxy,2019-12-31,2020-03-31,2019-10-31,61,86,990,0.9303773694557453,-0.18785720435829847,-0.22347808198475344,-0.2160582630367262,-0.2903316552049445,75.51,99.935,-0.20639817951749032,0.02820105867842773,0.06685357322019109,-0.00966008351923589,-0.08393347568745421
S000006203,American Century Large Cap Eq.,active ESG,Russell 1000 proxy,2020-03-31,2020-06-30,2020-01-31,60,87,945,0.922663262816674,0.22358443285876167,0.22862170604997936,0.20193372889536326,0.25785335090713585,66.495,12.520000000000001,0.21288715027469685,0.02165070396339841,-0.029231644857156486,-0.010953421379333583,0.044966200632439
S000006203,American Century Large Cap Eq.,active ESG,Russell 1000 proxy,2020-06-30,2020-09-30,2020-04-30,61,83,998,0.9170103760186501,0.08620813217003542,0.07864310186779748,0.07823550161791562,0.060896010472646214,59.885,82.48,0.0858908083626267,0.007972630552119803,0.017747091395151265,-0.007655306744711085,-0.02499479788998049
S000006203,American Century Large Cap Eq.,active ESG,Russell 1000 proxy,2020-09-30,2020-12-31,2020-07-31,61,86,1000,0.924172734276058,0.1085403038469204,0.12824091289855158,0.13194098898955448,0.21837705897988194,23.235,0.0,0.13134128051718308,-0.023400685142634076,-0.09013614608133036,0.0005997084723713964,0.08703577846269886
S000006203,American Century Large Cap Eq.,active ESG,Russell 1000 proxy,2020-12-31,2021-03-31,2020-10-31,61,84,1006,0.9218228821058971,0.04193940133530406,0.058043021471658275,0.06272699658012997,0.09726064279274878,23.9,0.96,0.05503149565981003,-0.0207875952448259,-0.0392176213210905,0.007695500920319932,0.042229147132938745
S000006203,American Century Large Cap Eq.,active ESG,Russell 1000 proxy,2021-03-31,2021-06-30,2021-01-31,59,86,964,0.9234510138708866,0.0890583723148319,0.07713651923468799,0.07798505606670968,0.06302671524360387,66.345,88.615,0.08180508667741294,0.011073316248122217,0.014109803991084122,-0.0038200306107032678,-0.018778371433809074
S000006203,American Century Large Cap Eq.,active ESG,Russell 1000 proxy,2021-06-30,2021-09-30,2021-04-30,61,86,1012,0.9154219088439033,0.009973628214228359,-0.006470980110316197,-0.0019700730298359615,-0.01915302255871653,70.685,81.085,0.0013705279682896423,0.01194370124406432,0.012682042448400333,-0.003340600998125604,-0.020523550527006173
S000006203,American Century Large Cap Eq.,active ESG,Russell 1000 proxy,2021-09-30,2021-12-31,2021-07-31,61,85,1016,0.9108091615764317,0.11710833947672379,0.1057564414658361,0.08306570970027444,0.04965028315826754,75.42999999999999,99.98,0.09334391565412548,0.034042629776449354,0.05610615830756856,-0.010278205953851038,-0.043693632495857934
S000006203,American Century Large Cap Eq.,active ESG,Russell 1000 proxy,2021-12-31,2022-03-31,2021-10-31,61,84,1012,0.9092971496707729,-0.07056373892066642,-0.0734322114165529,-0.054946946891128834,-0.05493265469748821,30.475,16.619999999999997,-0.0557636385468342,-0.015616792029537585,-0.01849955671906469,0.0008166916557053663,0.0008309838493459898
S000006203,American Century Large Cap Eq.,active ESG,Russell 1000 proxy,2022-03-31,2022-06-30,2022-01-31,59,87,968,0.924467838179785,-0.16133900681041177,-0.15576180771337517,-0.15492774710924942,-0.16187449674846438,42.309999999999995,65.4,-0.1579209255035002,-0.006411259701162353,0.006112689035089214,0.002993178394250784,-0.003953571244964177
S000006203,American Century Large Cap Eq.,active ESG,Russell 1000 proxy,2022-06-30,2022-09-30,2022-04-30,61,85,961,0.925589766096826,-0.033653067681218195,-0.03793659788169027,-0.044894782433998526,-0.044340299368744715,64.785,65.095,-0.04160038536558748,0.011241714752780331,0.006403701487054443,-0.003294397068411045,-0.0027399140031572344
S000006203,American Century Large Cap Eq.,active ESG,Russell 1000 proxy,2022-09-30,2022-12-31,2022-07-31,61,94,1005,0.9864542246389466,0.08427478244462254,0.10737225969557532,0.09120916473259022,0.08460853932652103,44.29,90.75999999999999,0.06760125136763086,-0.00693438228796768,0.02276372036905429,0.023607913364959363,0.01700728795889017
S000006203,American Century Large Cap Eq.,active ESG,Russell 1000 proxy,2022-12-31,2023-03-31,2022-10-31,61,94,1002,0.974016334862116,0.07283256471907686,0.07194665860569996,0.04981223455196631,0.04738050174564988,61.515,91.305,0.06941288975761699,0.023020330167110546,0.02456615686005008,-0.01960065520565068,-0.022032388011967108
S000006203,American Century Large Cap Eq.,active ESG,Russell 1000 proxy,2023-03-31,2023-06-30,2023-01-31,59,94,973,0.9701603416606771,0.06701275095257185,0.05731596181999728,0.06738596051878873,0.040385777500249055,49.72,86.535,0.08125209135809551,-0.0003732095662168783,0.016930184319748222,-0.013866130839306781,-0.040866313857846455
S000006203,American Century Large Cap Eq.,active ESG,Russell 1000 proxy,2023-06-30,2023-09-30,2023-04-30,61,94,996,0.9846123196320402,-0.032636475900335395,-0.04069881479566436,-0.032442438032276186,-0.047326412523725325,49.595,68.695,-0.035017352488151667,-0.00019403786805920892,0.006627597728060965,0.002574914455875481,-0.012309060035573659
S000006203,American Century Large Cap Eq.,active ESG,Russell 1000 proxy,2023-09-30,2023-12-31,2023-07-31,61,97,1003,0.9854727371110762,0.1142900921269507,0.12111238522786588,0.11345684695559041,0.12685378944288897,51.32,35.65,0.11460784140135323,0.0008332451713602834,-0.005741404215023088,-0.001150994445762818,0.01224594804153574
S000006203,American Century Large Cap Eq.,active ESG,Russell 1000 proxy,2023-12-31,2024-03-31,2023-10-31,61,97,1001,0.9899340742311546,0.10835306712445733,0.10131640235700913,0.09192099138391091,0.06433407297656533,67.09,98.92,0.09910565431589027,0.01643207574054642,0.036982329380443796,-0.007184662931979363,-0.03477158133932494
S000006203,American Century Large Cap Eq.,active ESG,Russell 1000 proxy,2024-03-31,2024-06-30,2024-01-31,60,98,1001,0.9887845255531074,0.008100042552246407,-0.025466971600983747,0.007422364280840706,-0.041356298540912315,50.660000000000004,88.24,0.01885601589674102,0.000677678271405701,0.015889326939928568,-0.011433651615900313,-0.06021231443765333
S000006203,American Century Large Cap Eq.,active ESG,Russell 1000 proxy,2024-06-30,2024-09-30,2024-04-30,61,97,967,0.9873554681251483,0.05331512553527529,0.06706128124427661,0.06426513499077283,0.08824331880607013,38.735,6.635000000000001,0.057625865236739605,-0.010950009455497539,-0.021182037561793515,0.006639269754033221,0.030617453569330523
S000006203,American Century Large Cap Eq.,active ESG,Russell 1000 proxy,2024-09-30,2024-12-31,2024-07-31,61,94,997,0.9665387467915181,0.008464584405480355,-0.0028810898499434722,0.015368729457316675,0.0008728542909762918,44.105,41.92,0.02406718985893059,-0.00690414505183632,-0.003753944140919764,-0.008698460401613914,-0.023194335567954298
S000006203,American Century Large Cap Eq.,active ESG,Russell 1000 proxy,2024-12-31,2025-03-31,2024-10-31,61,97,1002,0.981257523895904,-0.05937239439193369,-0.041817042403736036,-0.038352415527444714,-0.042437189803693466,34.61,51.9,-0.04825848635082,-0.021019978864488975,0.0006201473999574297,0.009906070823375288,0.005821296547126535
S000006203,American Century Large Cap Eq.,active ESG,Russell 1000 proxy,2025-03-31,2025-06-30,2025-01-31,59,99,975,0.9843335517530185,0.11858474468647077,0.07527529571309527,0.08906354155721813,0.06658790009989571,66.3,68.10000000000001,0.10749288104967636,0.029521203129252646,0.008687395613199561,-0.01842933949245823,-0.04090498094978065
S000006203,American Century Large Cap Eq.,active ESG,Russell 1000 proxy,2025-06-30,2025-09-30,2025-04-30,61,99,1001,0.9476326247401102,0.06183795814434692,0.023420233237935396,0.06255976164302252,0.04900067564797064,49.519999999999996,6.61,0.07696755491016137,-0.0007218034986755939,-0.025580442410035247,-0.014407793267138855,-0.027966879262190728
S000006203,American Century Large Cap Eq.,active ESG,Russell 1000 proxy,2025-09-30,2025-12-31,2025-07-31,61,97,1002,0.9929860977316086,0.01722280842203354,0.012518882719781533,0.020941980120112565,0.004657370565768807,45.69,68.66,0.024519648346238647,-0.0037191716980790254,0.007861512154012727,-0.0035776682261260823,-0.01986227778046984
S000006203,American Century Large Cap Eq.,active ESG,Russell 1000 proxy,2025-12-31,2026-03-31,2025-10-31,61,95,999,0.988191672165776,-0.06262533793497596,-0.025954651678267358,-0.03641064293812747,-0.00791645282800618,21.63,19.09,-0.044915787251847875,-0.02621469499684849,-0.01803819885026118,0.008505144313720403,0.03699933442384169
S000006203,American Century Large Cap Eq.,active ESG,Russell 1000 proxy,2026-03-31,2026-06-30,2026-01-31,59,93,956,0.981265893792185,0.1205733193924902,0.12711604107729876,0.1327083680512127,0.11626741507468233,41.915,63.365,0.14544311548650715,-0.012135048658722489,0.010848626002616435,-0.012734747435294458,-0.029175700411824823
S000069051,SPDR S&P 500 ESG ETF,passive ESG ETF,S&P 500 proxy,2020-09-30,2020-12-31,2020-09-30,0,296,501,0.9990744932575889,0.10525888844075365,0.17280113969771246,0.11540920774862155,0.18071651095613278,9.705,11.15,0.11560230013788039,-0.010150319307867903,-0.007915371258420317,-0.00019309238925883931,0.06511421081825239
S000069051,SPDR S&P 500 ESG ETF,passive ESG ETF,S&P 500 proxy,2020-12-31,2021-03-31,2020-12-31,0,290,495,0.9981571197656711,0.057099593501294926,0.11040154116524944,0.057295434077716305,0.10918105163696681,49.345,59.275,0.057759145187932764,-0.0001958405764213786,0.0012204895282826311,-0.00046371111021645955,0.05142190644903405
S000069051,SPDR S&P 500 ESG ETF,passive ESG ETF,S&P 500 proxy,2021-03-31,2021-06-30,2021-03-31,0,290,501,0.9987148321426828,0.09234621304893806,0.0694496190277434,0.0815221815578074,0.0634758434525832,94.89,95.175,0.08144362414218898,0.010824031491130662,0.005973775575160198,7.855741561842156e-05,-0.017967780689605778
S000069051,SPDR S&P 500 ESG ETF,passive ESG ETF,S&P 500 proxy,2021-06-30,2021-09-30,2021-06-30,0,311,498,0.9937324472884631,0.007905905259278907,-0.01633205248595463,0.005083694970871656,-0.010382663122364258,69.6,3.3550000000000004,0.005010169048692208,0.0028222102884072507,-0.0059493893635903725,7.352592217944789e-05,-0.015392832171056466
S000069051,SPDR S&P 500 ESG ETF,passive ESG ETF,S&P 500 proxy,2021-09-30,2021-12-31,2021-09-30,0,310,501,0.9995355721611778,0.12464552300190566,0.09734032696153662,0.1067964964375516,0.08618350538862687,95.33500000000001,99.355,0.10624683587012637,0.017849026564354067,0.011156821572909745,0.0005496605674252253,-0.020063330481499497
S000069051,SPDR S&P 500 ESG ETF,passive ESG ETF,S&P 500 proxy,2021-12-31,2022-03-31,2021-12-31,0,307,499,0.9967771641453653,-0.043505875825488476,-0.02064356280465056,-0.05061216016460466,-0.0310800887331359,79.415,95.81,-0.05051592356014442,0.007106284339116184,0.010436525928485343,-9.623660446023835e-05,0.01943583482700852
S000069051,SPDR S&P 500 ESG ETF,passive ESG ETF,S&P 500 proxy,2022-03-31,2022-06-30,2022-03-31,0,304,498,0.9993871089266342,-0.15313242836426372,-0.1455147827333813,-0.1519832030475168,-0.1432229573989453,45.4,29.49,-0.15199697665123377,-0.0011492253167469102,-0.002291825334436004,1.3773603716960015e-05,0.008774019252288462
S000069051,SPDR S&P 500 ESG ETF,passive ESG ETF,S&P 500 proxy,2022-06-30,2022-09-30,2022-06-30,0,306,500,0.9998320453672673,-0.04873029075846249,-0.05430452337574524,-0.04397183310729617,-0.05040681799658471,26.889999999999997,17.330000000000002,-0.0440642284405621,-0.004758457651166323,-0.0038977053791605307,9.23953332659308e-05,-0.0063425895560226125
S000069051,SPDR S&P 500 ESG ETF,passive ESG ETF,S&P 500 proxy,2022-09-30,2022-12-31,2022-09-30,0,304,497,0.9981797434731589,0.07756540941827178,0.11688682081718549,0.0695821357732509,0.10821419279425595,65.655,96.055,0.07035614260591766,0.007983273645020883,0.008672628022929535,-0.0007740068326667626,0.037858050188338294
S000069051,SPDR S&P 500 ESG ETF,passive ESG ETF,S&P 500 proxy,2022-12-31,2023-03-31,2022-12-31,0,301,498,0.9895359136139713,0.07479857031393604,0.025219594861834605,0.07006700211885243,0.029902216326146456,60.495,20.244999999999997,0.06968692448924221,0.0047315681950836075,-0.004682621464311851,0.0003800776296102176,-0.03978470816309576
S000069051,SPDR S&P 500 ESG ETF,passive ESG ETF,S&P 500 proxy,2023-03-31,2023-06-30,2023-03-31,0,302,501,0.9972081975694499,0.0820114483987584,0.02344595416150082,0.0835666707172717,0.03635499317790117,45.14,0.29,0.08317615465650055,-0.001555222318513294,-0.012909039016400347,0.00039051606077114553,-0.04682116147859938
S000069051,SPDR S&P 500 ESG ETF,passive ESG ETF,S&P 500 proxy,2023-06-30,2023-09-30,2023-06-30,0,319,500,0.9997403966465901,-0.036253293493781216,-0.05040315959951732,-0.03670656174395008,-0.05219263854205186,52.55,68.32000000000001,-0.03632019069948815,0.0004532682501688645,0.0017894789425345406,-0.0003863710444619306,-0.01587244784256371
S000069051,SPDR S&P 500 ESG ETF,passive ESG ETF,S&P 500 proxy,2023-09-30,2023-12-31,2023-09-30,0,316,496,0.9994003628106856,0.11228500803166307,0.10632275733850745,0.1116902063739193,0.11364791155313872,53.25,2.92,0.11155382697903815,0.0005948016577437681,-0.0073251542146312715,0.0001363793948811476,0.0020940845741005687
S000069051,SPDR S&P 500 ESG ETF,passive ESG ETF,S&P 500 proxy,2023-12-31,2024-03-31,2023-12-31,0,315,499,0.9997853216856702,0.09798091244592744,0.07122338000036668,0.10328063277352802,0.07485383396152012,39.245000000000005,18.85,0.10178530675880962,-0.005299720327600579,-0.0036304539611534403,0.0014953260147183983,-0.026931472797289496
S000069051,SPDR S&P 500 ESG ETF,passive ESG ETF,S&P 500 proxy,2024-03-31,2024-06-30,2024-03-31,0,310,496,0.9964825299781095,0.03305425678991671,-0.02769875429635546,0.02577089650607768,-0.03119976105236106,76.035,81.67999999999999,0.024444293477078004,0.007283360283839031,0.0035010067560055994,0.0013266030289996768,-0.05564405452943906
S000069051,SPDR S&P 500 ESG ETF,passive ESG ETF,S&P 500 proxy,2024-06-30,2024-09-30,2024-06-30,0,315,498,0.9976174911007648,0.05078022994318077,0.09097203377827179,0.05499428499143972,0.08954437022215961,32.43,62.605,0.055161548787359814,-0.004214055048258947,0.0014276635561121798,-0.00016726379592009455,0.034382821434799794
S000069051,SPDR S&P 500 ESG ETF,passive ESG ETF,S&P 500 proxy,2024-09-30,2024-12-31,2024-09-30,0,312,494,0.9923767699980028,0.013042299367816475,-0.024575686258105786,0.02142938856671236,-0.02116960871433225,25.255,25.195,0.021191380382806116,-0.008387089198895886,-0.003406077543773537,0.00023800818390624576,-0.04236098909713837
S000069051,SPDR S&P 500 ESG ETF,passive ESG ETF,S&P 500 proxy,2024-12-31,2025-03-31,2024-12-31,0,311,499,0.9993917780688857,-0.05355719142860579,-0.012276435553885875,-0.04619773523956057,-0.009054295268847216,28.655,23.845,-0.045926854044900725,-0.007359456189045217,-0.0032221402850386594,-0.0002708811946598444,0.03687255877605351
S000069051,SPDR S&P 500 ESG ETF,passive ESG ETF,S&P 500 proxy,2025-03-31,2025-06-30,2025-03-31,0,310,502,0.9987035651935394,0.08568766353283937,0.035868965476812925,0.10653659103456119,0.05187875460961147,22.175,0.345,0.1056815464225028,-0.02084892750172182,-0.016009789132798546,0.0008550446120583893,-0.053802791812891326
S000069051,SPDR S&P 500 ESG ETF,passive ESG ETF,S&P 500 proxy,2025-06-30,2025-09-30,2025-06-30,0,316,495,0.9978227425490779,0.08634705733122963,0.053035019730733775,0.07893978548550361,0.04530067601560121,71.53500000000001,94.22,0.07827229945108612,0.007407271845726024,0.007734343715132562,0.0006674860344174915,-0.032971623435484904
S000069051,SPDR S&P 500 ESG ETF,passive ESG ETF,S&P 500 proxy,2025-09-30,2025-12-31,2025-09-30,0,314,497,0.9989606884943152,0.03953481058775536,0.024310796569403128,0.02739418252887974,0.009159360284365729,87.155,99.95,0.0273312584333281,0.01214062805887562,0.015151436285037399,6.292409555164191e-05,-0.01817189814896237
S000069051,SPDR S&P 500 ESG ETF,passive ESG ETF,S&P 500 proxy,2025-12-31,2026-03-31,2025-12-31,0,308,497,0.9989051714944307,-0.046150471477389446,0.014133762072174073,-0.04829474860860636,0.0024201112179667184,56.00000000000001,94.94500000000001,-0.04676135369210999,0.0021442771312169123,0.011713650854207355,-0.0015333949164963653,0.04918146491007671
S000069051,SPDR S&P 500 ESG ETF,passive ESG ETF,S&P 500 proxy,2026-03-31,2026-06-30,2026-03-31,0,306,494,0.9989078664269674,0.15524887190941317,0.11567454863696344,0.14786381274179156,0.1105090084156383,63.44499999999999,67.515,0.14716078654785325,0.00738505916762161,0.005165540221325149,0.0007030261939383053,-0.03665177813221496
S000065220,Xtrackers S&P 500 Scored & Screened,passive ESG ETF,S&P 500 proxy,2019-12-31,2020-03-31,2019-11-29,32,307,502,0.9932743076018781,-0.18828731053291406,-0.2586009591712071,-0.1998789769902795,-0.27227901170133895,84.465,97.81,-0.2002668373550832,0.011591666457365452,0.013678052530131823,0.00038786036480367714,-0.07201217434625576
S000065220,Xtrackers S&P 500 Scored & Screened,passive ESG ETF,S&P 500 proxy,2020-03-31,2020-06-30,2020-02-28,32,302,494,0.9824593256643678,0.2046478457376062,0.19259383727629892,0.2004580774770164,0.21172032550488684,60.550000000000004,0.44,0.1999719142059206,0.004189768260589782,-0.019126488228587923,0.00048616327109582413,0.011748411298966255
S000065220,Xtrackers S&P 500 Scored & Screened,passive ESG ETF,S&P 500 proxy,2020-06-30,2020-09-30,2020-05-29,32,307,502,0.9983159338082794,0.084683141827201,0.06930167115247823,0.0858669011354062,0.06354705233646002,46.33,86.42,0.08473430752277213,-0.00118375930820519,0.005754618816018214,0.0011325936126340697,-0.021187255186312107
S000065220,Xtrackers S&P 500 Scored & Screened,passive ESG ETF,S&P 500 proxy,2020-09-30,2020-12-31,2020-08-31,30,304,501,0.9975652737640374,0.1089342884802464,0.17133729017435145,0.11551986283016916,0.18065633775674886,19.07,6.84,0.11560230013788039,-0.006585574349922754,-0.009319047582397405,-8.243730771123614e-05,0.06505403761886847
S000065220,Xtrackers S&P 500 Scored & Screened,passive ESG ETF,S&P 500 proxy,2020-12-31,2021-03-31,2020-11-30,31,289,495,0.9966053417955545,0.057498509606841386,0.10993395594691992,0.0572599134793474,0.1091964309120598,50.77,55.815000000000005,0.057759145187932764,0.00023859612749398823,0.0007375250348601176,-0.0004992317085853668,0.051437285724127035
S000065220,Xtrackers S&P 500 Scored & Screened,passive ESG ETF,S&P 500 proxy,2021-03-31,2021-06-30,2021-02-26,33,288,501,0.9960428168254337,0.09381997439157398,0.06859284227167467,0.08156201513630543,0.0634053318896323,96.745,91.89500000000001,0.08144362414218898,0.012257959255268555,0.005187510382042376,0.00011839099411645182,-0.01803829225255668
S000065220,Xtrackers S&P 500 Scored & Screened,passive ESG ETF,S&P 500 proxy,2021-06-30,2021-09-30,2021-05-28,33,309,498,0.9912464172075178,0.006254231713218293,-0.01604929795213241,0.005157073497230391,-0.010371986376545756,57.525000000000006,4.205,0.005010169048692208,0.001097158215987902,-0.005677311575586656,0.00014690444853818294,-0.015382155425237964
S000065220,Xtrackers S&P 500 Scored & Screened,passive ESG ETF,S&P 500 proxy,2021-09-30,2021-12-31,2021-08-31,30,308,501,0.9978364252435714,0.12513025914182935,0.09804047857236606,0.10675883600092892,0.08623529038481866,95.565,99.47,0.10624683587012637,0.018371423140900428,0.011805188187547402,0.0005120001308025479,-0.020011545485307716
S000065220,Xtrackers S&P 500 Scored & Screened,passive ESG ETF,S&P 500 proxy,2021-12-31,2022-03-31,2021-11-30,31,307,499,0.9964961180860441,-0.04470097728362167,-0.02064356280465056,-0.0506331349668636,-0.030945646731055737,75.625,95.855,-0.05051592356014442,0.005932157683241929,0.010302083926405178,-0.00011721140671917818,0.019570276829088684
S000065220,Xtrackers S&P 500 Scored & Screened,passive ESG ETF,S&P 500 proxy,2022-03-31,2022-06-30,2022-02-28,31,304,498,0.9992875605081847,-0.15241999746151455,-0.1455147827333813,-0.15222811292095734,-0.14336103067626998,49.28,30.73,-0.15199697665123377,-0.00019188454055721338,-0.0021537520571113244,-0.0002311362697235697,0.008635945974963782
S000065220,Xtrackers S&P 500 Scored & Screened,passive ESG ETF,S&P 500 proxy,2022-06-30,2022-09-30,2022-05-31,30,306,500,0.999656322270963,-0.04856794480855682,-0.05430452337574524,-0.04397522237081837,-0.05039754092880553,27.800000000000004,16.744999999999997,-0.0440642284405621,-0.00459272243773845,-0.003906982446939711,8.900606974372727e-05,-0.0063333124882434325
S000065220,Xtrackers S&P 500 Scored & Screened,passive ESG ETF,S&P 500 proxy,2022-09-30,2022-12-31,2022-08-31,30,304,497,0.9981475687510224,0.07678276760419583,0.11688682081718549,0.06921869268931416,0.10812997132801677,65.495,95.86,0.07035614260591766,0.007564074914881674,0.008756849489168717,-0.0011374499166035001,0.03777382872209911
S000065220,Xtrackers S&P 500 Scored & Screened,passive ESG ETF,S&P 500 proxy,2022-12-31,2023-03-31,2022-11-30,31,302,498,0.9930187489645993,0.08008528249147977,0.024866032283555266,0.07003538319802781,0.029889054405098717,72.11,18.695,0.06968692448924221,0.010049899293451958,-0.005023022121543451,0.0003484587087855956,-0.0397978700841435
S000065220,Xtrackers S&P 500 Scored & Screened,passive ESG ETF,S&P 500 proxy,2023-03-31,2023-06-30,2023-02-28,31,302,501,0.9927986479366893,0.07614516690842502,0.023208442200552813,0.083602356607151,0.0362126090764251,29.875,0.22999999999999998,0.08317615465650055,-0.007457189698725983,-0.013004166875872289,0.0004262019506504483,-0.04696354558007545
S000065220,Xtrackers S&P 500 Scored & Screened,passive ESG ETF,S&P 500 proxy,2023-06-30,2023-09-30,2023-05-31,30,318,500,0.9997359880499427,-0.035792028194924594,-0.05074504510146638,-0.03670816674755092,-0.05227443112031609,54.910000000000004,65.565,-0.03632019069948815,0.0009161385526263235,0.0015293860188497072,-0.00038797604806276725,-0.015954240420827936
S000065220,Xtrackers S&P 500 Scored & Screened,passive ESG ETF,S&P 500 proxy,2023-09-30,2023-12-31,2023-08-31,30,316,496,0.9990007612430132,0.11340298020059197,0.10632275733850745,0.11151372256642361,0.11365139531123328,59.79,3.085,0.11155382697903815,0.001889257634168362,-0.007328637972725829,-4.01044126145389e-05,0.0020975683321951266
S000065220,Xtrackers S&P 500 Scored & Screened,passive ESG ETF,S&P 500 proxy,2023-12-31,2024-03-31,2023-11-30,31,315,499,0.9994890651164086,0.09678578218832734,0.07122338000036668,0.10332040866493042,0.07496647433080955,37.36,18.25,0.10178530675880962,-0.006534626476603078,-0.00374309433044287,0.0015351019061208004,-0.026818832428000067
S000065220,Xtrackers S&P 500 Scored & Screened,passive ESG ETF,S&P 500 proxy,2024-03-31,2024-06-30,2024-02-29,31,310,496,0.9963537603385751,0.033709442122986336,-0.02769875429635546,0.02586003368635097,-0.031214349357036007,78.02,82.43,0.024444293477078004,0.007849408436635365,0.0035155950606805472,0.0014157402092729657,-0.05565864283411401
S000065220,Xtrackers S&P 500 Scored & Screened,passive ESG ETF,S&P 500 proxy,2024-06-30,2024-09-30,2024-05-31,30,315,498,0.9965759104587173,0.052262053792597095,0.09097203377827179,0.05472809962090858,0.08957873607748351,39.285,62.805,0.055161548787359814,-0.002466045828311482,0.0013932977007882763,-0.00043344916645123716,0.0344171872901237
S000065220,Xtrackers S&P 500 Scored & Screened,passive ESG ETF,S&P 500 proxy,2024-09-30,2024-12-31,2024-08-30,31,311,494,0.9904203797398793,0.010109938748951509,-0.024483916437700978,0.021550049414477072,-0.021181310530330552,18.44,26.119999999999997,0.021191380382806116,-0.011440110665525563,-0.0033026059073704254,0.0003586690316709565,-0.04237269091313667
S000065220,Xtrackers S&P 500 Scored & Screened,passive ESG ETF,S&P 500 proxy,2024-12-31,2025-03-31,2024-11-29,32,310,499,0.9989325777307076,-0.04811182686611931,-0.012263766946950978,-0.04675484733821026,-0.009147710017551082,46.18,24.445,-0.045926854044900725,-0.001356979527909051,-0.0031160569293998963,-0.0008279932933095355,0.03677914402734964
S000065220,Xtrackers S&P 500 Scored & Screened,passive ESG ETF,S&P 500 proxy,2025-03-31,2025-06-30,2025-02-28,31,310,502,0.9981230995894499,0.09133804841077717,0.035868965476812925,0.10672451414601211,0.05202469121328632,28.299999999999997,0.35000000000000003,0.1056815464225028,-0.015386465735234944,-0.016155725736473392,0.0010429677235093138,-0.05365685520921648
S000065220,Xtrackers S&P 500 Scored & Screened,passive ESG ETF,S&P 500 proxy,2025-06-30,2025-09-30,2025-05-30,31,316,495,0.9979686419128653,0.08410609023978907,0.053035019730733775,0.07874639542140488,0.04530532098190621,66.215,93.91000000000001,0.07827229945108612,0.005359694818384192,0.007729698748827563,0.0004740959703187636,-0.032966978469179904
S000065220,Xtrackers S&P 500 Scored & Screened,passive ESG ETF,S&P 500 proxy,2025-09-30,2025-12-31,2025-08-29,32,315,497,0.9985185570008874,0.035364839673816366,0.024174743417457335,0.027263849892803428,0.009126682593887077,78.01,99.92999999999999,0.0273312584333281,0.008100989781012938,0.015048060823570257,-6.74085405246716e-05,-0.018204575839441024
S000065220,Xtrackers S&P 500 Scored & Screened,passive ESG ETF,S&P 500 proxy,2025-12-31,2026-03-31,2025-11-28,33,308,497,0.9980630091018271,-0.045929747007323524,0.014133762072174073,-0.047926834743071745,0.002382880975627004,55.74,95.215,-0.04676135369210999,0.001997087735748221,0.01175088109654707,-0.0011654810509617516,0.049144234667737
S000065220,Xtrackers S&P 500 Scored & Screened,passive ESG ETF,S&P 500 proxy,2026-03-31,2026-06-30,2026-02-27,32,306,494,0.9984258655813404,0.1595997404542147,0.11567454863696344,0.14786272701410935,0.11045273642348452,71.66,67.67999999999999,0.14716078654785325,0.01173701344010536,0.005221812213478921,0.0007019404662561013,-0.03670805012436873
S000055381,iShares ESG Aware MSCI USA,passive ESG ETF,Russell 1000 proxy,2019-12-31,2020-03-31,2019-11-30,31,311,990,0.983203580438296,-0.19151211184626493,-0.23957734353403806,-0.2073568172336197,-0.29021548266046815,77.385,100.0,-0.20639817951749032,0.015844705387354774,0.05063813912643009,-0.0009586377161293902,-0.08381730314297783
S000055381,iShares ESG Aware MSCI USA,passive ESG ETF,Russell 1000 proxy,2020-03-31,2020-06-30,2020-02-29,31,309,945,0.9751227256614959,0.21818401092537468,0.223271225202933,0.21161902484958778,0.25920182143389886,60.645,0.125,0.21288715027469685,0.006564986075786899,-0.03593059623096587,-0.001268125425109068,0.046314671159202014
S000055381,iShares ESG Aware MSCI USA,passive ESG ETF,Russell 1000 proxy,2020-06-30,2020-09-30,2020-05-31,30,303,998,0.9945614144130365,0.08051378808581808,0.06594592635576976,0.08306535121207616,0.06142113993369536,44.68,70.69,0.0858908083626267,-0.00255156312625808,0.004524786422074406,-0.0028254571505505477,-0.02446966842893135
S000055381,iShares ESG Aware MSCI USA,passive ESG ETF,Russell 1000 proxy,2020-09-30,2020-12-31,2020-08-31,30,341,1000,0.9933474750637762,0.12736620626194117,0.15988828579531403,0.13113304105189158,0.21884523695886277,40.425,0.0,0.13134128051718308,-0.0037668347899504073,-0.05895695116354874,-0.00020823946529149873,0.08750395644167969
S000055381,iShares ESG Aware MSCI USA,passive ESG ETF,Russell 1000 proxy,2020-12-31,2021-03-31,2020-11-30,31,340,1006,0.9896113047489065,0.056883081330199176,0.08104222097787485,0.056635931567125763,0.09718721236771488,50.68,1.16,0.05503149565981003,0.0002471497630734121,-0.016144991389840033,0.0016044359073157308,0.04215571670790485
S000055381,iShares ESG Aware MSCI USA,passive ESG ETF,Russell 1000 proxy,2021-03-31,2021-06-30,2021-02-28,31,335,964,0.985469822315129,0.08519531886324389,0.07106880589621274,0.08159073118367836,0.0631362590188913,63.53,94.685,0.08180508667741294,0.0036045876795655213,0.007932546877321436,-0.0002143554937345804,-0.01866882765852164
S000055381,iShares ESG Aware MSCI USA,passive ESG ETF,Russell 1000 proxy,2021-06-30,2021-09-30,2021-05-31,30,343,1012,0.984500171577367,0.0015089457750643753,-0.014654351025051238,0.001038242163316418,-0.019001260011730643,51.970000000000006,75.85499999999999,0.0013705279682896423,0.00047070361174795725,0.004346908986679405,-0.00033228580497322423,-0.020371787980020286
S000055381,iShares ESG Aware MSCI USA,passive ESG ETF,Russell 1000 proxy,2021-09-30,2021-12-31,2021-08-31,30,343,1016,0.9886299504326428,0.09956504687053322,0.07047866897551415,0.09214635011886158,0.04945509428068638,63.665000000000006,99.91,0.09334391565412548,0.007418696751671644,0.021023574694827768,-0.0011975655352639003,-0.043888821373439094
S000055381,iShares ESG Aware MSCI USA,passive ESG ETF,Russell 1000 proxy,2021-12-31,2022-03-31,2021-11-30,31,322,1012,0.984058238119283,-0.061094357834979886,-0.04993264110035556,-0.055488835094447714,-0.054909833906743935,34.839999999999996,72.135,-0.0557636385468342,-0.005605522740532172,0.004977192806388378,0.00027480345238648646,0.0008538046400902652
S000055381,iShares ESG Aware MSCI USA,passive ESG ETF,Russell 1000 proxy,2022-03-31,2022-06-30,2022-02-28,31,309,968,0.9817435217951146,-0.15423745579419434,-0.15950180022647922,-0.1577122650433927,-0.16156362238157662,58.30499999999999,61.67,-0.1579209255035002,0.0034748092491983518,0.002061822155097398,0.00020866046010750705,-0.003642696878076418
S000055381,iShares ESG Aware MSCI USA,passive ESG ETF,Russell 1000 proxy,2022-06-30,2022-09-30,2022-05-31,30,303,961,0.9591585686658631,-0.045358078900360956,-0.04936065716593938,-0.041901278098223464,-0.04400730918320053,40.01,23.669999999999998,-0.04160038536558748,-0.0034568008021374913,-0.00535334798273885,-0.00030089273263598365,-0.002406923817613052
S000055381,iShares ESG Aware MSCI USA,passive ESG ETF,Russell 1000 proxy,2022-09-30,2022-12-31,2022-08-31,30,301,1005,0.993277554633828,0.06681952989356227,0.10231782539145637,0.06922803705033898,0.08454458899074146,46.765,98.22999999999999,0.06760125136763086,-0.002408507156776707,0.017773236400714904,0.0016267856827081179,0.016943337623110608
S000055381,iShares ESG Aware MSCI USA,passive ESG ETF,Russell 1000 proxy,2022-12-31,2023-03-31,2022-11-30,31,305,1002,0.9888054274595461,0.07907672547482802,0.04832454797003856,0.0674415916952778,0.04749357275391512,64.215,53.92,0.06941288975761699,0.011635133779550222,0.0008309752161234363,-0.0019712980623391857,-0.021919317003701866
S000055381,iShares ESG Aware MSCI USA,passive ESG ETF,Russell 1000 proxy,2023-03-31,2023-06-30,2023-02-28,31,303,973,0.9860524784268261,0.0751058936689914,0.03788364574462052,0.08002071248290064,0.04056456567950603,41.385,35.870000000000005,0.08125209135809551,-0.004914818813909247,-0.002680919934885513,-0.0012313788751948662,-0.04068752567858948
S000055381,iShares ESG Aware MSCI USA,passive ESG ETF,Russell 1000 proxy,2023-06-30,2023-09-30,2023-05-31,30,312,996,0.993698450190956,-0.0371274803398573,-0.041463455757919696,-0.03405577910959748,-0.04734097943602064,40.915,81.65,-0.035017352488151667,-0.0030717012302598212,0.005877523678100946,0.0009615733785541883,-0.012323626947868975
S000055381,iShares ESG Aware MSCI USA,passive ESG ETF,Russell 1000 proxy,2023-09-30,2023-12-31,2023-08-31,30,293,1003,0.987348727642478,0.11780780313283896,0.11881582301765524,0.11423508689817291,0.1270735134773783,59.93000000000001,15.215,0.11460784140135323,0.003572716234666054,-0.008257690459723063,-0.0003727545031803198,0.012465672076025072
S000055381,iShares ESG Aware MSCI USA,passive ESG ETF,Russell 1000 proxy,2023-12-31,2024-03-31,2023-11-30,31,291,1001,0.9900531600749161,0.09612350073764145,0.0747387780229444,0.09535590168456669,0.06422031209364173,50.92,90.10000000000001,0.09910565431589027,0.0007675990530747606,0.010518465929302667,-0.0037497526313235857,-0.03488534222224854
S000055381,iShares ESG Aware MSCI USA,passive ESG ETF,Russell 1000 proxy,2024-03-31,2024-06-30,2024-02-29,31,279,1001,0.9878355429740721,0.022472051150564474,-0.0255360665171329,0.014881404394444632,-0.04134811404522718,61.705,98.86500000000001,0.01885601589674102,0.007590646756119842,0.015812047528094283,-0.003974611502296386,-0.0602041299419682
S000055381,iShares ESG Aware MSCI USA,passive ESG ETF,Russell 1000 proxy,2024-06-30,2024-09-30,2024-05-31,30,280,967,0.9884125019856487,0.06283552397150392,0.08649301200181243,0.05856969526519368,0.08823761978169678,58.815,40.510000000000005,0.057625865236739605,0.004265828706310246,-0.0017446077798843468,0.0009438300284540721,0.030611754544957175
S000055381,iShares ESG Aware MSCI USA,passive ESG ETF,Russell 1000 proxy,2024-09-30,2024-12-31,2024-08-31,30,270,997,0.986796704801904,0.017355255389938682,-0.009176080327819521,0.02286004175524379,0.0012866708149291122,40.78,13.614999999999998,0.02406718985893059,-0.005504786365305107,-0.010462751142748633,-0.0012071481036868004,-0.022780519044001475
S000055381,iShares ESG Aware MSCI USA,passive ESG ETF,Russell 1000 proxy,2024-12-31,2025-03-31,2024-11-30,31,280,1002,0.9908962881433353,-0.04780580561306994,-0.021006739195175917,-0.047092558946431294,-0.04234972178423329,48.894999999999996,99.78,-0.04825848635082,-0.0007132466666386478,0.021342982589057372,0.0011659274043887072,0.005908764566586712
S000055381,iShares ESG Aware MSCI USA,passive ESG ETF,Russell 1000 proxy,2025-03-31,2025-06-30,2025-02-28,31,281,975,0.990643092541192,0.11143204049187222,0.07015241148156172,0.10419847794613504,0.06675025678915941,56.025000000000006,64.155,0.10749288104967636,0.007233562545737177,0.0034021546924023066,-0.0032944031035413157,-0.040742624260516946
S000055381,iShares ESG Aware MSCI USA,passive ESG ETF,Russell 1000 proxy,2025-06-30,2025-09-30,2025-05-31,30,281,1001,0.9900208796500003,0.07174982097655262,0.038629854933830296,0.07591456481557102,0.049359191682514396,44.3,12.405,0.07696755491016137,-0.004164743839018395,-0.0107293367486841,-0.001052990094590353,-0.027608363227646975
S000055381,iShares ESG Aware MSCI USA,passive ESG ETF,Russell 1000 proxy,2025-09-30,2025-12-31,2025-08-31,30,277,1002,0.9910058022724715,0.026880417431668264,0.01676623188526443,0.023932261616790768,0.0047506524935167285,55.625,91.41,0.024519648346238647,0.0029481558148774963,0.012015579391747702,-0.0005873867294478793,-0.01976899585272192
S000055381,iShares ESG Aware MSCI USA,passive ESG ETF,Russell 1000 proxy,2025-12-31,2026-03-31,2025-11-30,31,275,999,0.9920458448071279,-0.0501555552274477,-0.011932198976441918,-0.041049384842772485,-0.008016778020274675,35.44,36.14,-0.044915787251847875,-0.009106170384675212,-0.003915420956167244,0.0038664024090753896,0.0368990092315732
S000055381,iShares ESG Aware MSCI USA,passive ESG ETF,Russell 1000 proxy,2026-03-31,2026-06-30,2026-02-28,31,273,956,0.9863661380876648,0.15740279134935642,0.13899357646883584,0.14233976518682018,0.11745537274480364,64.115,90.365,0.14544311548650715,0.015063026162536242,0.0215382037240322,-0.0031033502996869744,-0.027987742741703514
S000074757,iShares Paris-Aligned Climate MSCI USA,passive ESG ETF,Russell 1000 proxy,2022-03-31,2022-06-30,2022-02-28,31,312,968,0.986516443464426,-0.16756706678860167,-0.17396170477053993,-0.15760277302597264,-0.16154367683052995,26.950000000000003,3.47,-0.1579209255035002,-0.009964293762629028,-0.012418027940009985,0.00031815247752756126,-0.003622751327029744
S000074757,iShares Paris-Aligned Climate MSCI USA,passive ESG ETF,Russell 1000 proxy,2022-06-30,2022-09-30,2022-05-31,30,298,961,0.9549124714120456,-0.04159903072449096,-0.05216588675150681,-0.04174155432829632,-0.04411941774823948,50.355000000000004,14.74,-0.04160038536558748,0.00014252360380535845,-0.008046469003267331,-0.00014116896270884027,-0.002519032382651998
S000074757,iShares Paris-Aligned Climate MSCI USA,passive ESG ETF,Russell 1000 proxy,2022-09-30,2022-12-31,2022-08-31,30,295,1005,0.9743974042840705,0.03870521056216775,0.07769736155954302,0.06913255154348105,0.08442239689034822,15.495000000000001,21.740000000000002,0.06760125136763086,-0.030427340981313306,-0.006725035330805207,0.0015313001758501948,0.016821145522717365
S000074757,iShares Paris-Aligned Climate MSCI USA,passive ESG ETF,Russell 1000 proxy,2022-12-31,2023-03-31,2022-11-30,31,295,1002,0.9868953153292381,0.0984576574780417,0.053542583887931886,0.0671459292648304,0.04732216894662558,84.83500000000001,75.55,0.06941288975761699,0.03131172821321129,0.006220414941306304,-0.0022669604927865877,-0.022090720810991407
S000074757,iShares Paris-Aligned Climate MSCI USA,passive ESG ETF,Russell 1000 proxy,2023-03-31,2023-06-30,2023-02-28,31,298,973,0.9862474851405563,0.09308847936774836,0.04272888488947604,0.08033501803555018,0.04068115975377583,72.31,61.029999999999994,0.08125209135809551,0.01275346133219818,0.002047725135700215,-0.0009170733225453281,-0.04057093160431968
S000074757,iShares Paris-Aligned Climate MSCI USA,passive ESG ETF,Russell 1000 proxy,2023-06-30,2023-09-30,2023-05-31,30,296,996,0.989736932840419,-0.044674314252934874,-0.05241871984727326,-0.03379049210596469,-0.047473788016306175,21.740000000000002,23.055,-0.035017352488151667,-0.010883822146970187,-0.0049449318309670864,0.0012268603821869797,-0.012456435528154508
S000074757,iShares Paris-Aligned Climate MSCI USA,passive ESG ETF,Russell 1000 proxy,2023-09-30,2023-12-31,2023-08-31,30,262,1003,0.9902653194602613,0.12339453014307528,0.11967668264362619,0.11429888638488508,0.12700807297023264,73.07000000000001,19.365,0.11460784140135323,0.009095643758190192,-0.007331390326606457,-0.00030895501646814594,0.012400231568879413
S000074757,iShares Paris-Aligned Climate MSCI USA,passive ESG ETF,Russell 1000 proxy,2023-12-31,2024-03-31,2023-11-30,31,258,1001,0.9904452108996609,0.0814795939133065,0.055943966385632225,0.09501439202622664,0.06411101121647812,34.705000000000005,17.675,0.09910565431589027,-0.013534798112920132,-0.008167044830845897,-0.004091262289663639,-0.03499464309941215
S000074757,iShares Paris-Aligned Climate MSCI USA,passive ESG ETF,Russell 1000 proxy,2024-03-31,2024-06-30,2024-02-29,31,253,1001,0.9929660008253892,0.025759879914894104,-0.034312833433438536,0.013754032334189065,-0.04128880242341162,67.14,82.6,0.01885601589674102,0.01200584758070504,0.006975968989973082,-0.005101983562551954,-0.060144818320152636
S000074757,iShares Paris-Aligned Climate MSCI USA,passive ESG ETF,Russell 1000 proxy,2024-06-30,2024-09-30,2024-05-31,30,252,967,0.9945700505761393,0.06770230970822197,0.09457105767483606,0.058763583376290424,0.08827746282098159,66.365,78.705,0.057625865236739605,0.008938726331931546,0.006293594853854473,0.0011377181395508182,0.030651597584241984
S000074757,iShares Paris-Aligned Climate MSCI USA,passive ESG ETF,Russell 1000 proxy,2024-09-30,2024-12-31,2024-08-31,30,232,997,0.988298535600998,0.021309149401091153,-0.003735303678853674,0.02209155071393783,0.0012231407312710886,48.785000000000004,31.979999999999997,0.02406718985893059,-0.0007824013128466777,-0.0049584444101247625,-0.0019756391449927586,-0.0228440491276595
S000074757,iShares Paris-Aligned Climate MSCI USA,passive ESG ETF,Russell 1000 proxy,2024-12-31,2025-03-31,2024-11-30,31,203,1002,0.9939944796561387,-0.07090846168772447,-0.019462911779782394,-0.04561462380770265,-0.042263452812297236,19.830000000000002,99.29,-0.04825848635082,-0.02529383788002182,0.022800541032514842,0.0026438625431173535,0.005995033538522765
S000074757,iShares Paris-Aligned Climate MSCI USA,passive ESG ETF,Russell 1000 proxy,2025-03-31,2025-06-30,2025-02-28,31,203,975,0.994452033099631,0.11949267936011734,0.06044714749091886,0.10025469050774717,0.06676974796174194,62.455000000000005,29.45,0.10749288104967636,0.019237988852370172,-0.00632260047082308,-0.0072381905419291875,-0.04072313308793442
S000074757,iShares Paris-Aligned Climate MSCI USA,passive ESG ETF,Russell 1000 proxy,2025-06-30,2025-09-30,2025-05-31,30,198,1001,0.9948173491687512,0.07428739046722072,0.020550660700823006,0.07366591067925454,0.04912785369575186,50.714999999999996,0.5599999999999999,0.07696755491016137,0.0006214797879661726,-0.028577192994928852,-0.003301644230906828,-0.027839701214409512
S000074757,iShares Paris-Aligned Climate MSCI USA,passive ESG ETF,Russell 1000 proxy,2025-09-30,2025-12-31,2025-08-31,30,170,1002,0.9958664013443954,0.020219254011428024,-0.00226648166467388,0.023013659445928696,0.004645809596727413,46.14,27.54,0.024519648346238647,-0.0027944054345006714,-0.006912291261401293,-0.0015059889003099514,-0.019873838749511236
S000074757,iShares Paris-Aligned Climate MSCI USA,passive ESG ETF,Russell 1000 proxy,2025-12-31,2026-03-31,2025-11-30,31,131,999,0.9966979150942077,-0.08971402952000358,-0.10742452992662274,-0.0380794064960292,-0.008026962698701842,9.43,0.0,-0.044915787251847875,-0.05163462302397438,-0.0993975672279209,0.0068363807558186745,0.03688882455314603
S000074757,iShares Paris-Aligned Climate MSCI USA,passive ESG ETF,Russell 1000 proxy,2026-03-31,2026-06-30,2026-02-28,31,131,956,0.9970075759650776,0.15594728056582802,0.09074964999846374,0.13698075843465052,0.11676559211727627,62.235,13.865,0.14544311548650715,0.0189665221311775,-0.02601594211881253,-0.008462357051856634,-0.02867752336923088
S000028709,iShares MSCI USA Equal Weighted,passive non-ESG control,Russell 1000 proxy,2019-12-31,2020-03-31,2019-11-30,31,616,990,0.963442454132599,-0.2614006137271411,-0.2639595119176061,-0.20610619800757501,-0.2902605620041325,0.0,100.0,-0.20639817951749032,-0.05529441571956606,0.026301050086526445,0.00029198150991530114,-0.08386238248664221
S000028709,iShares MSCI USA Equal Weighted,passive non-ESG control,Russell 1000 proxy,2020-03-31,2020-06-30,2020-02-29,31,613,945,0.9634566294150495,0.24130633164461998,0.23935045398931196,0.21357716302575713,0.2593769338974471,99.83999999999999,0.15,0.21288715027469685,0.02772916861886285,-0.020026479908135136,0.0006900127510602871,0.04648978362275025
S000028709,iShares MSCI USA Equal Weighted,passive non-ESG control,Russell 1000 proxy,2020-06-30,2020-09-30,2020-05-31,30,621,998,0.978937315975428,0.06815651428701,0.061955917755170134,0.08706446304363885,0.061469582195200025,4.760000000000001,54.55,0.0858908083626267,-0.01890794875662885,0.0004863355599701094,0.0011736546810121457,-0.02442122616742668
S000028709,iShares MSCI USA Equal Weighted,passive non-ESG control,Russell 1000 proxy,2020-09-30,2020-12-31,2020-08-31,30,600,1000,0.9751885325489169,0.18070063102608142,0.17895921243135893,0.13124728263509983,0.21893253451938421,100.0,0.0,0.13134128051718308,0.04945334839098159,-0.03997332208802529,-9.39978820832521e-05,0.08759125400220114
S000028709,iShares MSCI USA Equal Weighted,passive non-ESG control,Russell 1000 proxy,2020-12-31,2021-03-31,2020-11-30,31,600,1006,0.9704835878710633,0.08640963830891697,0.08427350276681364,0.05450903147805301,0.09725825179731264,99.985,0.11499999999999999,0.05503149565981003,0.03190060683086396,-0.012984749030498996,-0.0005224641817570194,0.042226756137502604
S000028709,iShares MSCI USA Equal Weighted,passive non-ESG control,Russell 1000 proxy,2021-03-31,2021-06-30,2021-02-28,31,601,964,0.967695686857705,0.0755741389315184,0.07280556303773562,0.08198223872969612,0.06308797730261614,15.740000000000002,99.97500000000001,0.08180508667741294,-0.006408099798177719,0.00971758573511948,0.00017715205228317765,-0.0187171093747968
S000028709,iShares MSCI USA Equal Weighted,passive non-ESG control,Russell 1000 proxy,2021-06-30,2021-09-30,2021-05-31,30,609,1012,0.973457579667696,-0.013920238161382728,-0.014412949932934993,0.00145880963722191,-0.018924546421615857,0.375,89.67500000000001,0.0013705279682896423,-0.015379047798604637,0.0045115964886808645,8.82816689322676e-05,-0.0202950743899055
S000028709,iShares MSCI USA Equal Weighted,passive non-ESG control,Russell 1000 proxy,2021-09-30,2021-12-31,2021-08-31,30,608,1016,0.9763177154459958,0.07257105718286155,0.07139927235767803,0.09370227587354185,0.04942918192786157,5.355,100.0,0.09334391565412548,-0.021131218690680298,0.021970090429816458,0.00035836021941637597,-0.04391473372626391
S000028709,iShares MSCI USA Equal Weighted,passive non-ESG control,Russell 1000 proxy,2021-12-31,2022-03-31,2021-11-30,31,603,1012,0.9661463092488227,-0.04983624691280403,-0.051709692754481285,-0.05582568391077811,-0.05482509290598942,77.185,75.25,-0.0557636385468342,0.005989436997974079,0.0031154001515081367,-6.204536394390642e-05,0.000938545640844779
S000028709,iShares MSCI USA Equal Weighted,passive non-ESG control,Russell 1000 proxy,2022-03-31,2022-06-30,2022-02-28,31,603,968,0.9699806899913138,-0.15044345202164025,-0.15977531191795188,-0.15800067985845967,-0.1616716691149988,80.085,69.595,-0.1579209255035002,0.007557227836819419,0.0018963571970469217,-7.975435495946592e-05,-0.0037507436114986026
S000028709,iShares MSCI USA Equal Weighted,passive non-ESG control,Russell 1000 proxy,2022-06-30,2022-09-30,2022-05-31,30,585,961,0.9372911879789974,-0.04870493055886614,-0.049532950382327905,-0.041651903242275426,-0.04405066167174089,17.515,8.995000000000001,-0.04160038536558748,-0.007053027316590715,-0.005482288710587015,-5.1517876687945385e-05,-0.0024502763061534094
S000028709,iShares MSCI USA Equal Weighted,passive non-ESG control,Russell 1000 proxy,2022-09-30,2022-12-31,2022-08-31,30,609,1005,0.972488555860828,0.08619843990596451,0.08711548817442855,0.06670703443842624,0.08451884959018989,86.215,71.365,0.06760125136763086,0.019491405467538275,0.002596638584238656,-0.0008942169292046193,0.016917598222559033
S000028709,iShares MSCI USA Equal Weighted,passive non-ESG control,Russell 1000 proxy,2022-12-31,2023-03-31,2022-11-30,31,606,1002,0.9782235180420114,0.032208033175673285,0.037697765568657955,0.06992474635319224,0.04757129750053908,1.6549999999999998,1.805,0.06941288975761699,-0.03771671317751895,-0.009873531931881126,0.0005118565955752469,-0.021841592257077908
S000028709,iShares MSCI USA Equal Weighted,passive non-ESG control,Russell 1000 proxy,2023-03-31,2023-06-30,2023-02-28,31,607,973,0.9724286580934527,0.0425413667723631,0.040713963335938026,0.08178105008796481,0.040667725940462335,0.2,50.465,0.08125209135809551,-0.03923968331560171,4.6237395475691445e-05,0.0005289587298692999,-0.040584365417633175
S000028709,iShares MSCI USA Equal Weighted,passive non-ESG control,Russell 1000 proxy,2023-06-30,2023-09-30,2023-05-31,30,609,996,0.9779296997431133,-0.04530219888752701,-0.045299894148518684,-0.0353018855083799,-0.047405187207066365,4.68,72.36,-0.035017352488151667,-0.010000313379147113,0.0021052930585476817,-0.0002845330202282323,-0.012387834718914699
S000028709,iShares MSCI USA Equal Weighted,passive non-ESG control,Russell 1000 proxy,2023-09-30,2023-12-31,2023-08-31,30,609,1003,0.9718534158358796,0.12066417858337089,0.11983775036712872,0.11474408860544447,0.12714543603257877,80.905,3.75,0.11460784140135323,0.005920089977926424,-0.0073076856654500505,0.00013624720409123603,0.012537594631225543
S000028709,iShares MSCI USA Equal Weighted,passive non-ESG control,Russell 1000 proxy,2023-12-31,2024-03-31,2023-11-30,31,609,1001,0.973056033372284,0.07324976227309155,0.06923264685337908,0.1001050896615551,0.06420685275079038,14.24,88.345,0.09910565431589027,-0.02685532738846355,0.0050257941025887015,0.000999435345664823,-0.03489880156509989
S000028709,iShares MSCI USA Equal Weighted,passive non-ESG control,Russell 1000 proxy,2024-03-31,2024-06-30,2024-02-29,31,595,1001,0.974208548829878,-0.03718392499881469,-0.03556140900196762,0.019889624096632266,-0.04125308273762475,0.0,94.235,0.01885601589674102,-0.05707354909544696,0.005691673735657127,0.0010336081998912477,-0.06010909863436577
S000028709,iShares MSCI USA Equal Weighted,passive non-ESG control,Russell 1000 proxy,2024-06-30,2024-09-30,2024-05-31,30,595,967,0.9748320731530464,0.08630119058917857,0.08706679701086004,0.05727937032646979,0.08824357130877786,99.72999999999999,37.57,0.057625865236739605,0.029021820262708775,-0.0011767742979178208,-0.00034649491026981366,0.030617706072038252
S000028709,iShares MSCI USA Equal Weighted,passive non-ESG control,Russell 1000 proxy,2024-09-30,2024-12-31,2024-08-31,30,585,997,0.9762278072324827,-0.0038198759389709946,-0.0038639784400373864,0.024352778536863372,0.0014293556633433071,1.6400000000000001,14.280000000000001,0.02406718985893059,-0.028172654475834367,-0.005293334103380693,0.00028558867793278264,-0.02263783419558728
S000028709,iShares MSCI USA Equal Weighted,passive non-ESG control,Russell 1000 proxy,2024-12-31,2025-03-31,2024-11-30,31,576,1002,0.9778142247644714,-0.01634865989916679,-0.016424241399446274,-0.0485128276260847,-0.04223827978610012,97.98,100.0,-0.04825848635082,0.03216416772691791,0.025814038386653845,-0.00025434127526469813,0.006020206564719882
S000028709,iShares MSCI USA Equal Weighted,passive non-ESG control,Russell 1000 proxy,2025-03-31,2025-06-30,2025-02-28,31,577,975,0.9805324576199114,0.0672011431518314,0.06475004194026444,0.10801875704519463,0.06696993510873034,5.64,33.074999999999996,0.10749288104967636,-0.04081761389336323,-0.0022198931684658946,0.000525875995518274,-0.04052294594094602
S000028709,iShares MSCI USA Equal Weighted,passive non-ESG control,Russell 1000 proxy,2025-06-30,2025-09-30,2025-05-31,30,564,1001,0.9803766415036433,0.03789282174187229,0.04018831832064674,0.07725016512460534,0.04939529886053865,0.74,3.4000000000000004,0.07696755491016137,-0.03935734338273304,-0.009206980539891912,0.00028261021444396517,-0.02757225604962272
S000028709,iShares MSCI USA Equal Weighted,passive non-ESG control,Russell 1000 proxy,2025-09-30,2025-12-31,2025-08-31,30,535,1002,0.9852152253612362,0.0027185931034600873,0.002922714606383305,0.02448392630018403,0.00473812505534329,3.345,35.415,0.024519648346238647,-0.021765333196723944,-0.001815410448959985,-3.57220460546169e-05,-0.01978152329089536
S000028709,iShares MSCI USA Equal Weighted,passive non-ESG control,Russell 1000 proxy,2025-12-31,2026-03-31,2025-11-30,31,527,999,0.9713981534531541,-0.015032123264677157,-0.016995630701840406,-0.04509704412537865,-0.007767929579764932,97.85000000000001,7.505000000000001,-0.044915787251847875,0.03006492086070149,-0.009227701122075474,-0.0001812568735307732,0.037147857672082944
S000028709,iShares MSCI USA Equal Weighted,passive non-ESG control,Russell 1000 proxy,2026-03-31,2026-06-30,2026-02-28,31,524,956,0.9650086685776812,0.11828809331500886,0.1133843744856569,0.1455846289601609,0.11790593460752774,11.295,31.480000000000004,0.14544311548650715,-0.027296535645152026,-0.004521560121870841,0.00014151347365373712,-0.02753718087897941
