fund_id,fund,group,universe,n_quarters,first_quarter,last_quarter,mean_pct_vw,mean_pct_ew,z_vw,z_ew,luck_band_lo,luck_band_hi,share_above_50_vw,share_above_50_ew,mean_within_diff_vw_pp,mean_within_diff_ew_pp,mean_selection_shift_vw_pp,mean_coverage,min_coverage,mean_lag_days,max_lag_days,mean_k
S000000856,Parnassus Core Equity,active ESG,S&P 500 proxy,27,2019-09-30,2026-06-30,50.42851851851852,52.171481481481486,0.07713333333333408,0.3908666666666674,39.111111111111114,60.888888888888886,0.48148148148148145,0.5925925925925926,0.2861649942852338,0.3236157664684972,-0.5341553094727806,0.9459055094236156,0.9134777065901563,0.0,0,36.148148148148145
S000008719,Calvert Equity,active ESG,Russell 1000 proxy,27,2019-09-30,2026-06-30,46.102222222222224,47.55444444444446,-0.7015999999999996,-0.44019999999999776,39.111111111111114,60.888888888888886,0.4444444444444444,0.48148148148148145,-0.7733808701389029,-0.8201603023300407,-0.7145651421476957,0.9422054428315709,0.9111943513319559,0.0,0,41.55555555555556
S000005371,Nuveen Large Cap Responsible,active ESG,Russell 1000 proxy,26,2019-12-31,2026-06-30,46.35711538461539,51.64788461538462,-0.6434617157340311,0.2910744571675518,38.90368506538296,61.09631493461704,0.4230769230769231,0.5384615384615384,-0.07981392768482105,-0.011783651909324892,-0.1498752045038817,0.9447291767604705,0.8908660724442448,60.53846153846154,61,259.7307692307692
S000006203,American Century Large Cap Eq.,active ESG,Russell 1000 proxy,26,2019-12-31,2026-06-30,50.60576923076923,57.65673076923076,0.10700017972666476,1.352448303434011,38.90368506538296,61.09631493461704,0.46153846153846156,0.6538461538461539,0.15856720627109866,0.3092733095959086,-0.372106761465353,0.9551569076767698,0.9092971496707729,60.53846153846154,61,91.46153846153847
S000069051,SPDR S&P 500 ESG ETF,passive ESG ETF,S&P 500 proxy,23,2020-09-30,2026-06-30,54.33043478260869,50.77913043478262,0.7194258580405559,0.12943886923782136,38.202186397594616,61.797813602405384,0.5652173913043478,0.5217391304347826,0.10785542383507055,0.05523388697568416,0.013818896534426568,0.997749100963412,0.9895359136139713,0.0,0,307.5217391304348
S000065220,Xtrackers S&P 500 Scored & Screened,passive ESG ETF,S&P 500 proxy,26,2019-12-31,2026-06-30,56.35057692307693,51.56903846153846,1.1217355349567104,0.27714744964757265,38.90368506538296,61.09631493461704,0.6153846153846154,0.5384615384615384,0.19979590453511048,0.04059103178640384,0.01610082975789259,0.9963214778573752,0.9824593256643678,31.192307692307693,33,307.2692307692308
S000055381,iShares ESG Aware MSCI USA,passive ESG ETF,Russell 1000 proxy,26,2019-12-31,2026-06-30,52.152499999999996,58.54346153846154,0.3802073052954131,1.5090761855672348,38.90368506538296,61.09631493461704,0.5769230769230769,0.6153846153846154,0.1747600448300358,0.19399817857387813,-0.06614697886917562,0.9870255910354953,0.9591585686658631,30.53846153846154,31,302.3076923076923
S000074757,iShares Paris-Aligned Climate MSCI USA,passive ESG ETF,Russell 1000 proxy,17,2022-03-31,2026-06-30,47.79735294117648,35.33029411764706,-0.314600926478572,-2.0952530925319515,36.2772551765255,63.7227448234745,0.5294117647058824,0.29411764705882354,-0.18965647684482798,-1.0322276046656733,-0.1271585237804016,0.9887109955389062,0.9549124714120456,30.529411764705884,31,240.41176470588235
S000028709,iShares MSCI USA Equal Weighted,passive non-ESG control,Russell 1000 proxy,26,2019-12-31,2026-06-30,38.729038461538465,47.821346153846164,-1.9908487408254174,-0.38482699559472183,38.90368506538296,61.09631493461704,0.38461538461538464,0.5,-0.8199101233036092,-0.0762754624050389,0.01699535617413779,0.9720765911760255,0.9372911879789974,30.53846153846154,31,591.7692307692307
