ticker,yahoo_symbol,error,retrieved_at
ADS,ADS,HTTP Error 404: Not Found,2026-10-09T15:19:23Z
AGN,AGN,HTTP Error 404: Not Found,2026-10-09T15:19:23Z
ALXN,ALXN,HTTP Error 404: Not Found,2026-10-09T15:19:23Z
ANSS,ANSS,HTTP Error 404: Not Found,2026-10-09T15:19:23Z
ARNC,ARNC,HTTP Error 404: Not Found,2026-10-09T15:19:23Z
ATVI,ATVI,HTTP Error 404: Not Found,2026-10-09T15:19:23Z
AVB,AVB,HTTP Error 400: Bad Request,2026-10-09T15:19:23Z
BK,BK,HTTP Error 404: Not Found,2026-10-09T15:19:23Z
BLL,BLL,HTTP Error 404: Not Found,2026-10-09T15:19:23Z
CBS,CBS,HTTP Error 404: Not Found,2026-10-09T15:19:23Z
CERN,CERN,HTTP Error 404: Not Found,2026-10-09T15:19:23Z
CMA,CMA,HTTP Error 404: Not Found,2026-10-09T15:19:23Z
CTLT,CTLT,HTTP Error 404: Not Found,2026-10-09T15:19:23Z
CTXS,CTXS,HTTP Error 404: Not Found,2026-10-09T15:19:23Z
DAY,DAY,HTTP Error 404: Not Found,2026-10-09T15:19:23Z
DFS,DFS,HTTP Error 404: Not Found,2026-10-09T15:19:23Z
DISCA,DISCA,HTTP Error 404: Not Found,2026-10-09T15:19:23Z
DISCK,DISCK,HTTP Error 404: Not Found,2026-10-09T15:19:23Z
DRE,DRE,HTTP Error 404: Not Found,2026-10-09T15:19:23Z
EA,EA,HTTP Error 400: Bad Request,2026-10-09T15:19:23Z
EQR,EQR,HTTP Error 400: Bad Request,2026-10-09T15:19:23Z
ETFC,ETFC,HTTP Error 404: Not Found,2026-10-09T15:19:23Z
FBHS,FBHS,HTTP Error 404: Not Found,2026-10-09T15:19:23Z
GPS,GPS,HTTP Error 404: Not Found,2026-10-09T15:19:23Z
HBI,HBI,HTTP Error 404: Not Found,2026-10-09T15:19:23Z
HES,HES,HTTP Error 404: Not Found,2026-10-09T15:19:23Z
HFC,HFC,HTTP Error 404: Not Found,2026-10-09T15:19:23Z
HOLX,HOLX,HTTP Error 404: Not Found,2026-10-09T15:19:23Z
IPG,IPG,HTTP Error 404: Not Found,2026-10-09T15:19:23Z
JNPR,JNPR,HTTP Error 404: Not Found,2026-10-09T15:19:23Z
JWN,JWN,HTTP Error 404: Not Found,2026-10-09T15:19:23Z
K,K,HTTP Error 404: Not Found,2026-10-09T15:19:23Z
KSU,KSU,HTTP Error 404: Not Found,2026-10-09T15:19:23Z
LEG,LEG,HTTP Error 400: Bad Request,2026-10-09T15:19:23Z
MRO,MRO,HTTP Error 404: Not Found,2026-10-09T15:19:23Z
NBL,NBL,HTTP Error 404: Not Found,2026-10-09T15:19:23Z
NLOK,NLOK,HTTP Error 404: Not Found,2026-10-09T15:19:23Z
NLSN,NLSN,HTTP Error 404: Not Found,2026-10-09T15:19:23Z
PEAK,PEAK,HTTP Error 404: Not Found,2026-10-09T15:19:23Z
PXD,PXD,HTTP Error 404: Not Found,2026-10-09T15:19:23Z
RE,RE,HTTP Error 404: Not Found,2026-10-09T15:19:23Z
SEE,SEE,HTTP Error 404: Not Found,2026-10-09T15:19:23Z
SIVB,SIVB,HTTP Error 404: Not Found,2026-10-09T15:19:23Z
TIF,TIF,HTTP Error 404: Not Found,2026-10-09T15:19:23Z
TWTR,TWTR,HTTP Error 404: Not Found,2026-10-09T15:19:23Z
UTX,UTX,HTTP Error 404: Not Found,2026-10-09T15:19:23Z
VAR,VAR,HTTP Error 404: Not Found,2026-10-09T15:19:23Z
VIAB,VIAB,HTTP Error 404: Not Found,2026-10-09T15:19:23Z
VIAC,VIAC,HTTP Error 404: Not Found,2026-10-09T15:19:23Z
WBA,WBA,HTTP Error 404: Not Found,2026-10-09T15:19:23Z
WRK,WRK,HTTP Error 404: Not Found,2026-10-09T15:19:23Z
XLNX,XLNX,HTTP Error 404: Not Found,2026-10-09T15:19:23Z
