fund_id,fund_name,snapshots,first_report_date,last_report_date,equity_holding_rows,distinct_securities,source_documents,unresolved_security_rows,rows_without_ticker,priced_rows
S000000856,Parnassus Core Equity Fund,30,2019-09-30,2026-06-30,1163,99,30,0,8,1224
S000004310,iShares Core S&P 500 ETF,29,2019-09-30,2026-06-30,14613,661,29,0,1545,14935
S000004347,iShares Russell 1000 ETF,28,2019-09-30,2026-06-30,28334,1575,28,0,14672,28653
S000005371,Nuveen Large Cap Responsible Equity Fund,29,2019-10-31,2026-07-31,11937,1140,29,0,6535,12032
S000006203,Large Cap Equity Fund,28,2019-10-31,2026-07-31,2741,194,28,0,0,2829
S000008719,Calvert Equity Fund,28,2019-09-30,2026-06-30,1905,121,28,0,682,1983
S000028709,iShares MSCI USA Equal Weighted ETF,27,2019-11-30,2026-05-31,16379,893,27,0,4394,16681
S000055381,iShares ESG Aware MSCI USA ETF,27,2019-11-30,2026-05-31,8321,613,27,0,1150,8533
S000065220,Xtrackers S&P 500 Scored & Screened ETF,27,2019-11-29,2026-05-29,8449,532,27,0,1,8665
S000069051,State Street(R) SPDR(R) S&P 500(R) ESG ETF,24,2020-09-30,2026-06-30,7474,493,24,0,9,7670
S000074757,iShares Paris-Aligned Climate Optimized MSCI USA ETF,18,2022-02-28,2026-05-31,4330,382,18,0,992,4436
