report_date,sec_rows,external_close_rows,median_abs_relative_difference,p95_abs_relative_difference,max_days_before_report
2019-09-30,448,399,2.2196908422422723e-08,0.7520391993941455,0.0
2019-12-31,451,401,2.5637842182568704e-08,0.7500000124755969,0.0
2020-03-31,452,402,2.554841205260061e-08,0.7500000119656361,0.0
2020-06-30,454,409,2.407291488371044e-08,0.7500000122806169,0.0
2020-09-30,454,408,2.336906590461041e-08,0.7500000073255663,0.0
2020-12-31,454,410,2.058116421732592e-08,0.7499999996285591,0.0
2021-03-31,453,410,2.3110706126594494e-08,0.7499999928703055,0.0
2021-06-30,454,413,2.4226480266342776e-08,0.7499999905812809,0.0
2021-09-30,455,415,2.215633232438563e-08,0.7499999908442155,0.0
2021-12-31,454,417,2.3015714001317633e-08,0.7499999881029007,0.0
2022-03-31,455,421,2.2749906847252532e-08,0.7499999913911719,0.0
2022-06-30,453,421,2.315445990497267e-08,0.6666666511878271,0.0
2022-09-30,454,422,2.1824200113762515e-08,0.3748006718419193,0.0
2022-12-31,453,426,2.180282426822444e-08,0.33333331381484893,1.0
2023-03-31,451,425,2.2911094688105038e-08,0.24596483174260925,0.0
2023-06-30,453,427,2.1445943687581348e-08,0.3072594602977119,0.0
2023-09-30,452,426,2.212922767252934e-08,0.23656569800016714,1.0
2023-12-31,452,428,2.2429103463394995e-08,0.23353514090240873,2.0
2024-03-31,453,429,2.2606543748082686e-08,0.23201985734660507,3.0
2024-06-30,452,430,2.2229548590768644e-08,0.20499925048435091,2.0
2024-09-30,450,429,2.2534670796048317e-08,0.0108778389774283,0.0
2024-12-31,450,431,2.2548546141365478e-08,5.361418575766663e-08,0.0
2025-03-31,449,430,2.179374181121574e-08,5.22446807371679e-08,0.0
2025-06-30,448,430,2.2009309763593166e-08,4.925386756227111e-08,0.0
2025-09-30,445,431,2.2039656766281723e-08,5.378499712271889e-08,0.0
2025-12-31,442,430,2.0530425748344072e-08,4.9874387308967974e-08,0.0
2026-03-31,442,431,2.0514048681974373e-08,4.7366690736350137e-08,0.0
2026-06-30,440,430,2.0701496072916825e-08,4.4943888249937545e-08,0.0
