n,k,pf_basis,P_F,P_Fq,schedule,quantum_constants,iterations,oracle_calls_per_sample,logical_qubits_algorithmic,T_per_sample,T_depth_per_sample,dominant,t_classical_naive_1core_s,t_classical_naive_pool4_s,t_classical_lean_1core_s,t_classical_lean_pool4_s,t_quantum_optimistic_s,ratio_optimistic_q_over_lean1,t_quantum_moderate_s,ratio_moderate_q_over_lean1,t_quantum_factory_limited_s,ratio_factory_limited_q_over_lean1
50,5,seed0,0.17624,0.17677563781288527,known,default,1,1.0792604283200977,112,122249.25936848385,71057.93199501485,dicke_x2,8.284204493519486e-06,3.907577174585447e-06,5.474698366041641e-06,1.5968182202220814e-06,0.07105793199501485,12979.332785852039,0.7105793199501484,129793.32785852038,0.12224925936848385,22329.862066332153
50,5,seed0,0.17624,0.17677563781288527,known,qbest,1,1.0792604283200977,112,50244.76217499778,35819.06628726236,dicke_x2,8.284204493519486e-06,3.907577174585447e-06,5.474698366041641e-06,1.5968182202220814e-06,0.035819066287262356,6542.6556665551125,0.3581906628726235,65426.55666555112,0.05024476217499777,9177.631134284049
50,5,seed0,0.17624,0.17677563781288527,bbht,default,0.3281062663815643,0.8165079308765815,112,154027.04116588557,90886.6009696329,dicke_x2,8.284204493519486e-06,3.907577174585447e-06,5.474698366041641e-06,1.5968182202220814e-06,0.0908866009696329,16601.20702418651,0.908866009696329,166012.07024186512,0.15402704116588556,28134.34291125182
50,5,seed0,0.17624,0.17677563781288527,bbht,qbest,0.3281062663815643,0.8165079308765815,112,61893.009853996526,41912.69144755047,dicke_x2,8.284204493519486e-06,3.907577174585447e-06,5.474698366041641e-06,1.5968182202220814e-06,0.041912691447550464,7655.707884753203,0.4191269144755046,76557.07884753202,0.06189300985399652,11305.282175526849
50,5,seed0,0.17624,0.17677563781288527,fixed_point,default,6,6.018532029108975,113,569690.1359155206,329650.54806031985,dicke_x2,8.284204493519486e-06,3.907577174585447e-06,5.474698366041641e-06,1.5968182202220814e-06,0.3296505480603199,60213.4631023821,3.296505480603199,602134.631023821,0.5696901359155206,104058.72576454334
50,5,seed0,0.17624,0.17677563781288527,fixed_point,qbest,6,6.018532029108975,113,236387.46289230444,172506.51737108364,dicke_x2,8.284204493519486e-06,3.907577174585447e-06,5.474698366041641e-06,1.5968182202220814e-06,0.17250651737108363,31509.775669305167,1.725065173710836,315097.7566930516,0.23638746289230442,43178.17112236982
50,5,median_seeds0-4,0.17624,0.17677563781288527,known,default,1,1.0792604283200977,112,122249.25936848385,71057.93199501485,dicke_x2,8.284204493519486e-06,3.907577174585447e-06,5.474698366041641e-06,1.5968182202220814e-06,0.07105793199501485,12979.332785852039,0.7105793199501484,129793.32785852038,0.12224925936848385,22329.862066332153
50,5,median_seeds0-4,0.17624,0.17677563781288527,known,qbest,1,1.0792604283200977,112,50244.76217499778,35819.06628726236,dicke_x2,8.284204493519486e-06,3.907577174585447e-06,5.474698366041641e-06,1.5968182202220814e-06,0.035819066287262356,6542.6556665551125,0.3581906628726235,65426.55666555112,0.05024476217499777,9177.631134284049
50,5,median_seeds0-4,0.17624,0.17677563781288527,bbht,default,0.3281062663815643,0.8165079308765815,112,154027.04116588557,90886.6009696329,dicke_x2,8.284204493519486e-06,3.907577174585447e-06,5.474698366041641e-06,1.5968182202220814e-06,0.0908866009696329,16601.20702418651,0.908866009696329,166012.07024186512,0.15402704116588556,28134.34291125182
50,5,median_seeds0-4,0.17624,0.17677563781288527,bbht,qbest,0.3281062663815643,0.8165079308765815,112,61893.009853996526,41912.69144755047,dicke_x2,8.284204493519486e-06,3.907577174585447e-06,5.474698366041641e-06,1.5968182202220814e-06,0.041912691447550464,7655.707884753203,0.4191269144755046,76557.07884753202,0.06189300985399652,11305.282175526849
50,5,median_seeds0-4,0.17624,0.17677563781288527,fixed_point,default,6,6.018532029108975,113,569690.1359155206,329650.54806031985,dicke_x2,8.284204493519486e-06,3.907577174585447e-06,5.474698366041641e-06,1.5968182202220814e-06,0.3296505480603199,60213.4631023821,3.296505480603199,602134.631023821,0.5696901359155206,104058.72576454334
50,5,median_seeds0-4,0.17624,0.17677563781288527,fixed_point,qbest,6,6.018532029108975,113,236387.46289230444,172506.51737108364,dicke_x2,8.284204493519486e-06,3.907577174585447e-06,5.474698366041641e-06,1.5968182202220814e-06,0.17250651737108363,31509.775669305167,1.725065173710836,315097.7566930516,0.23638746289230442,43178.17112236982
100,10,seed0,0.10521,0.10590645846139297,known,default,2,2.028396121936642,197,802006.4069301639,263898.3995241091,dicke_x2,3.821259414521867e-05,1.7780607891348484e-05,1.8273298736623078e-05,5.247085590738216e-06,0.2638983995241091,14441.749315639861,2.638983995241091,144417.49315639862,0.8020064069301638,43889.525284386356
100,10,seed0,0.10521,0.10590645846139297,known,qbest,2,2.028396121936642,197,323274.0471489433,136077.12024868114,dicke_x2,3.821259414521867e-05,1.7780607891348484e-05,1.8273298736623078e-05,5.247085590738216e-06,0.13607712024868113,7446.773689304239,1.3607712024868113,74467.73689304238,0.32327404714894326,17691.06124779989
100,10,seed0,0.10521,0.10590645846139297,bbht,default,0.3958656847514723,1.2196908044079005,197,866807.9853189155,275996.68114151247,dicke_x2,3.821259414521867e-05,1.7780607891348484e-05,1.8273298736623078e-05,5.247085590738216e-06,0.2759966811415125,15103.823623720658,2.759966811415125,151038.23623720655,0.8668079853189153,47435.76941483868
100,10,seed0,0.10521,0.10590645846139297,bbht,qbest,0.3958656847514723,1.2196908044079005,197,343751.34619960166,128567.88474086025,dicke_x2,3.821259414521867e-05,1.7780607891348484e-05,1.8273298736623078e-05,5.247085590738216e-06,0.12856788474086023,7035.833354116099,1.2856788474086025,70358.333541161,0.3437513461996016,18811.674408335493
100,10,seed0,0.10521,0.10590645846139297,fixed_point,default,8,8.053213991455552,199,2939688.812058678,975387.0076594646,dicke_x2,3.821259414521867e-05,1.7780607891348484e-05,1.8273298736623078e-05,5.247085590738216e-06,0.9753870076594646,53377.71913642545,9.753870076594646,533777.1913642545,2.939688812058678,160873.46102250257
100,10,seed0,0.10521,0.10590645846139297,fixed_point,qbest,8,8.053213991455552,199,1187396.5878279526,510405.36335004435,dicke_x2,3.821259414521867e-05,1.7780607891348484e-05,1.8273298736623078e-05,5.247085590738216e-06,0.5104053633500444,27931.75828330861,5.104053633500444,279317.5828330861,1.1873965878279524,64979.87062665317
100,10,median_seeds0-4,0.07255,0.07303025911390609,known,default,2,2.098173366638034,197,829595.592643564,272976.5588642672,dicke_x2,5.5414845348290224e-05,2.578494495174051e-05,2.6499431565542575e-05,7.609178153019541e-06,0.27297655886426714,10301.223186206786,2.729765588642672,103012.23186206787,0.829595592643564,31306.165590445868
100,10,median_seeds0-4,0.07255,0.07303025911390609,known,qbest,2,2.098173366638034,197,334394.7410063071,140758.20123437513,dicke_x2,5.5414845348290224e-05,2.578494495174051e-05,2.6499431565542575e-05,7.609178153019541e-06,0.1407582012343751,5311.744174067648,1.407582012343751,53117.44174067648,0.33439474100630706,12618.940152705889
100,10,median_seeds0-4,0.07255,0.07303025911390609,bbht,default,0.45891550960312966,1.6685672537900769,197,1109448.0515880627,354357.02636211226,dicke_x2,5.5414845348290224e-05,2.578494495174051e-05,2.6499431565542575e-05,7.609178153019541e-06,0.35435702636211225,13372.250098484586,3.5435702636211226,133722.50098484586,1.1094480515880627,41866.862270007594
100,10,median_seeds0-4,0.07255,0.07303025911390609,bbht,qbest,0.45891550960312966,1.6685672537900769,197,440529.1878565489,166569.9595315854,dicke_x2,5.5414845348290224e-05,2.578494495174051e-05,2.6499431565542575e-05,7.609178153019541e-06,0.16656995953158538,6285.793682766299,1.665699595315854,62857.936827663,0.4405291878565489,16624.099530850788
100,10,median_seeds0-4,0.07255,0.07303025911390609,fixed_point,default,10,10.066721610274476,199,3673957.235937446,1219281.5588362585,dicke_x2,5.5414845348290224e-05,2.578494495174051e-05,2.6499431565542575e-05,7.609178153019541e-06,1.2192815588362584,46011.6118272401,12.192815588362587,460116.1182724011,3.6739572359374457,138642.86963478575
100,10,median_seeds0-4,0.07255,0.07303025911390609,fixed_point,qbest,10,10.066721610274476,199,1483797.936231841,637847.839896428,dicke_x2,5.5414845348290224e-05,2.578494495174051e-05,2.6499431565542575e-05,7.609178153019541e-06,0.637847839896428,24070.246122782,6.378478398964281,240702.46122782,1.483797936231841,55993.57603433409
150,15,seed0,0.048575,0.04913673158855752,known,default,3,3.034806412140834,297,2602099.5090998355,602305.5657180435,dicke_x2,0.00017560579804370467,7.629630757833593e-05,7.251864662863663e-05,1.9961295188016972e-05,0.6023055657180435,8305.526836461964,6.023055657180434,83055.26836461962,2.602099509099835,35881.79909678984
150,15,seed0,0.048575,0.04913673158855752,known,qbest,3,3.034806412140834,297,1038894.6976900029,313460.2757049863,dicke_x2,0.00017560579804370467,7.629630757833593e-05,7.251864662863663e-05,1.9961295188016972e-05,0.3134602757049863,4322.478290448475,3.134602757049863,43224.782904484746,1.0388946976900029,14325.897489650026
150,15,seed0,0.048575,0.04913673158855752,bbht,default,0.5384145074763511,2.350334383041975,297,3392230.6731003816,747985.6202169737,dicke_x2,0.00017560579804370467,7.629630757833593e-05,7.251864662863663e-05,1.9961295188016972e-05,0.7479856202169736,10314.390229141482,7.479856202169738,103143.90229141485,3.3922306731003817,46777.35769769365
150,15,seed0,0.048575,0.04913673158855752,bbht,qbest,0.5384145074763511,2.350334383041975,297,1339058.2825323055,354576.2786069254,dicke_x2,0.00017560579804370467,7.629630757833593e-05,7.251864662863663e-05,1.9961295188016972e-05,0.35457627860692537,4889.449749699383,3.5457627860692535,48894.49749699383,1.3390582825323054,18465.020305598606
150,15,seed0,0.048575,0.04913673158855752,fixed_point,default,12,12.1388999386719,299,9992875.693733921,2328880.0940442625,dicke_x2,0.00017560579804370467,7.629630757833593e-05,7.251864662863663e-05,1.9961295188016972e-05,2.3288800940442624,32114.224441753704,23.288800940442627,321142.24441753706,9.99287569373392,137797.3274226531
150,15,seed0,0.048575,0.04913673158855752,fixed_point,qbest,12,12.1388999386719,299,3990708.1002524495,1219808.0916462084,dicke_x2,0.00017560579804370467,7.629630757833593e-05,7.251864662863663e-05,1.9961295188016972e-05,1.2198080916462084,16820.61301961091,12.198080916462084,168206.13019610912,3.9907081002524496,55030.09619978999
150,15,median_seeds0-4,0.04669,0.04722993304930006,known,default,3,3.0389159901492975,297,2605623.1377819325,603121.1767887686,dicke_x2,0.0001826954731200033,7.93765932880203e-05,7.544641807637661e-05,2.0767185987533184e-05,0.6031211767887685,7994.033277739061,6.031211767887687,79940.33277739063,2.605623137781932,34536.07479607824
150,15,median_seeds0-4,0.04669,0.04722993304930006,known,qbest,3,3.0389159901492975,297,1040301.5152008845,313884.74741112563,dicke_x2,0.0001826954731200033,7.93765932880203e-05,7.544641807637661e-05,2.0767185987533184e-05,0.31388474741112565,4160.366461577685,3.1388474741112566,41603.66461577685,1.0403015152008843,13788.613717191407
150,15,median_seeds0-4,0.04669,0.04722993304930006,bbht,default,0.5470623352259631,2.4304164145037825,297,3482593.385572754,768324.2879303364,dicke_x2,0.0001826954731200033,7.93765932880203e-05,7.544641807637661e-05,2.0767185987533184e-05,0.7683242879303364,10183.707954863268,7.683242879303364,101837.07954863268,3.4825933855727538,46159.82407603795
150,15,median_seeds0-4,0.04669,0.04722993304930006,bbht,qbest,0.5470623352259631,2.4304164145037825,297,1374884.1075315338,364606.9203537731,dicke_x2,0.0001826954731200033,7.93765932880203e-05,7.544641807637661e-05,2.0767185987533184e-05,0.36460692035377307,4832.660444988533,3.6460692035377305,48326.60444988532,1.3748841075315337,18223.318516456253
150,15,median_seeds0-4,0.04669,0.04722993304930006,fixed_point,default,12,12.138771663612223,299,9992770.096296556,2328855.484134423,dicke_x2,0.0001826954731200033,7.93765932880203e-05,7.544641807637661e-05,2.0767185987533184e-05,2.3288554841344227,30867.67461613425,23.28855484134423,308676.74616134254,9.992770096296555,132448.56881317522
150,15,median_seeds0-4,0.04669,0.04722993304930006,fixed_point,qbest,12,12.138771663612223,299,3990665.9293537443,1219795.201602091,dicke_x2,0.0001826954731200033,7.93765932880203e-05,7.544641807637661e-05,2.0767185987533184e-05,1.2197952016020908,16167.701962567082,12.197952016020908,161677.01962567083,3.990665929353744,52894.04097771582
200,20,seed0,0.027685,0.02806665427172139,known,default,4,4.0678281789429205,397,6113930.179114283,1087863.2824284704,dicke_x2,0.0004093898724920927,0.00020706844049074528,0.00014269921618483656,3.991641071485448e-05,1.0878632824284706,7623.470622427068,10.878632824284704,76234.70622427066,6.113930179114282,42844.87569430643
200,20,seed0,0.027685,0.02806665427172139,known,qbest,4,4.0678281789429205,397,2425060.849994433,564380.7578484021,dicke_x2,0.0004093898724920927,0.00020706844049074528,0.00014269921618483656,3.991641071485448e-05,0.5643807578484021,3955.037546368626,5.643807578484022,39550.375463686265,2.425060849994433,16994.212826321913
200,20,seed0,0.027685,0.02806665427172139,bbht,default,0.6735933130414594,3.7489700619941986,397,8944486.46577355,1511431.909874897,dicke_x2,0.0004093898724920927,0.00020706844049074528,0.00014269921618483656,3.991641071485448e-05,1.511431909874897,10591.732388474773,15.11431909874897,105917.32388474773,8.94448646577355,62680.69793871794
200,20,seed0,0.027685,0.02806665427172139,bbht,qbest,0.6735933130414594,3.7489700619941986,397,3519240.328333053,721944.6186467886,dicke_x2,0.0004093898724920927,0.00020706844049074528,0.00014269921618483656,3.991641071485448e-05,0.7219446186467886,5059.205214635955,7.219446186467886,50592.05214635955,3.519240328333053,24661.945751507308
200,20,seed0,0.027685,0.02806665427172139,fixed_point,default,16,16.22061879083479,399,23921554.6029962,4275023.566891774,dicke_x2,0.0004093898724920927,0.00020706844049074528,0.00014269921618483656,3.991641071485448e-05,4.2750235668917735,29958.28345233787,42.75023566891773,299582.8345233787,23.9215546029962,167636.20181354677
200,20,seed0,0.027685,0.02806665427172139,fixed_point,qbest,16,16.22061879083479,399,9484309.863435555,2222054.8512005066,dicke_x2,0.0004093898724920927,0.00020706844049074528,0.00014269921618483656,3.991641071485448e-05,2.2220548512005065,15571.598153155275,22.22054851200506,155715.9815315527,9.484309863435556,66463.64371862172
200,20,median_seeds0-4,0.03177,0.032207968438236895,known,default,4,4.066638603560387,397,6112142.251868668,1087545.1531163626,dicke_x2,0.00035675035001396245,0.00018044349307479645,0.00012435089077989298,3.478394178913272e-05,1.0875451531163625,8745.776940523647,10.875451531163627,87457.76940523648,6.1121422518686686,49152.38011995791
200,20,median_seeds0-4,0.03177,0.032207968438236895,known,qbest,4,4.066638603560387,397,2424351.6772955377,564215.7131546789,dicke_x2,0.00035675035001396245,0.00018044349307479645,0.00012435089077989298,3.478394178913272e-05,0.564215713154679,4537.287265222472,5.6421571315467896,45372.87265222472,2.4243516772955376,19496.05396544168
200,20,median_seeds0-4,0.03177,0.032207968438236895,bbht,default,0.6376889097080853,3.35149704519374,397,8179395.0974177765,1379303.7011107488,dicke_x2,0.00035675035001396245,0.00018044349307479645,0.00012435089077989298,3.478394178913272e-05,1.3793037011107487,11092.029115836269,13.793037011107486,110920.29115836268,8.179395097417776,65776.73104003491
200,20,median_seeds0-4,0.03177,0.032207968438236895,bbht,qbest,0.6376889097080853,3.35149704519374,397,3217297.0721334335,656589.126132409,dicke_x2,0.00035675035001396245,0.00018044349307479645,0.00012435089077989298,3.478394178913272e-05,0.656589126132409,5280.132068330762,6.56589126132409,52801.32068330762,3.2172970721334333,25872.730399882723
200,20,median_seeds0-4,0.03177,0.032207968438236895,fixed_point,default,15,15.206922076096564,399,22404141.153085124,4004197.5435997956,dicke_x2,0.00035675035001396245,0.00018044349307479645,0.00012435089077989298,3.478394178913272e-05,4.004197543599795,32200.79501229642,40.04197543599795,322007.9501229642,22.40414115308512,180168.72265709395
200,20,median_seeds0-4,0.03177,0.032207968438236895,fixed_point,qbest,15,15.206922076096564,399,8883200.067189043,2081877.8966250005,dicke_x2,0.00035675035001396245,0.00018044349307479645,0.00012435089077989298,3.478394178913272e-05,2.0818778966250004,16741.962068530927,20.818778966250004,167419.62068530926,8.883200067189044,71436.56158372627
