n,k,seed,esg_q,carbon_q,P_F,ci_lo,ci_hi,n_samples,hits,upper_bound_3overN,P_caps,P_esg_given_caps,P_carbon_given_caps_esg,sweep
16,5,0,0.5,0.5,0.143685,0.14215452601638467,0.14522916191773744,200000,28737,,0.939095,0.5022708032733643,0.3046238975576662,scaling
16,5,1,0.5,0.5,0.09367,0.09240081182727213,0.09495479744618494,200000,18734,,0.939095,0.49908688684318414,0.19985491476242292,scaling
16,5,2,0.5,0.5,0.120815,0.11939390537748505,0.12225066111368176,200000,24163,,0.939095,0.4987727546201396,0.2579340086892473,scaling
16,5,3,0.5,0.5,0.31314,0.31111104041000515,0.3151761378658744,200000,62628,,0.939095,0.4986289991960345,0.6687310468543117,scaling
16,5,4,0.5,0.5,0.104885,0.10354970074756377,0.10623547769872861,200000,20977,,0.939095,0.5011899754550924,0.22284427352788078,scaling
25,5,0,0.5,0.5,0.12408,0.12264236162589201,0.12553207943944397,200000,24816,,0.91256,0.5007451564828614,0.27153361344537813,scaling
25,5,1,0.5,0.5,0.118975,0.1175633765602573,0.1204012606149918,200000,23795,,0.91256,0.49880555799070747,0.261374371141721,scaling
25,5,2,0.5,0.5,0.11128,0.10990919636716112,0.11266573641353,200000,22256,,0.91256,0.4989534934689226,0.24439685938615274,scaling
25,5,3,0.5,0.5,0.26068,0.25876058277983377,0.2626086107606967,200000,52136,,0.91256,0.4991069080389235,0.5723381599025172,scaling
25,5,4,0.5,0.5,0.09518,0.09390160441943925,0.09647394684697201,200000,19036,,0.91256,0.5014081265889366,0.20801416192234984,scaling
50,5,0,0.5,0.5,0.17624,0.1745763108139745,0.1779161265112893,200000,35248,,0.758705,0.5003591646292037,0.46424761277576554,scaling
50,5,1,0.5,0.5,0.10895,0.10759195950768319,0.11032306278056869,200000,21790,,0.758705,0.5015915276688568,0.2862886272861047,scaling
50,5,2,0.5,0.5,0.1513,0.14973619959439538,0.1528771958075057,200000,30260,,0.758705,0.5004711976328086,0.3984619841457955,scaling
50,5,3,0.5,0.5,0.176295,0.17463110497388587,0.17797133023853853,200000,35259,,0.758705,0.50029985303906,0.46444754728910903,scaling
50,5,4,0.5,0.5,0.205345,0.20358026330436926,0.20712105594469057,200000,41069,,0.758705,0.4989620471724847,0.542429965791872,scaling
100,10,0,0.5,0.5,0.10521,0.10387285983838776,0.10656230612294443,200000,21042,,0.46885,0.5025167964167644,0.44655249251925894,scaling
100,10,1,0.5,0.5,0.07255,0.0714213366816797,0.07369508392211334,200000,14510,,0.46885,0.5016743094806442,0.30844777007780283,scaling
100,10,2,0.5,0.5,0.058995,0.057970816065267425,0.060036125257403636,200000,11799,,0.46885,0.5001706302655433,0.25157246114155346,scaling
100,10,3,0.5,0.5,0.08125,0.08006059409859813,0.08245549229241446,200000,16250,,0.46885,0.49722725818492053,0.3485254691689008,scaling
100,10,4,0.5,0.5,0.05581,0.05481243860354529,0.056824625071735635,200000,11162,,0.46885,0.4992641569798443,0.23842276144907723,scaling
150,15,0,0.5,0.5,0.048575,0.047641458053999074,0.04952588355570329,200000,9715,,0.287895,0.4962920509213429,0.33997060470324747,scaling
150,15,1,0.5,0.5,0.04132,0.040456489726938445,0.0422011305854906,200000,8264,,0.287895,0.4957015578596363,0.2895382243711022,scaling
150,15,2,0.5,0.5,0.05525,0.054257212429742754,0.05625987275808496,200000,11050,,0.287895,0.5003386651383317,0.38356069283904337,scaling
150,15,3,0.5,0.5,0.03491,0.03411443982893735,0.03572342672532187,200000,6982,,0.287895,0.499505027874746,0.24275929209693684,scaling
150,15,4,0.5,0.5,0.04669,0.04577404041524971,0.04762337360722174,200000,9338,,0.287895,0.5049931398600184,0.3211472985521202,scaling
200,20,0,0.5,0.5,0.027685,0.026974958916514663,0.028413185188013376,200000,5537,,0.179585,0.49647799092351813,0.3105091969493046,scaling
200,20,1,0.5,0.5,0.03177,0.031010280099255324,0.032547707078926964,200000,6354,,0.179585,0.5021855945652477,0.3522758773631979,scaling
200,20,2,0.5,0.5,0.031505,0.030748392664271262,0.03227960469395548,200000,6301,,0.179585,0.5014895453406465,0.34982234066178103,scaling
200,20,3,0.5,0.5,0.03196,0.031198057235519328,0.03273992264376316,200000,6392,,0.179585,0.4895453406464905,0.36353295797076723,scaling
200,20,4,0.5,0.5,0.032185,0.03142043428992352,0.032967536945924976,200000,6437,,0.179585,0.4994570816048111,0.35882713640671166,scaling
100,10,0,0.7,0.7,0.090115,0.08886789164818212,0.09137785419153177,200000,18023,,0.46885,0.3040204756318652,0.6322085028763855,tightness
100,10,1,0.7,0.7,0.062925,0.061869131589666344,0.06399765876102458,200000,12585,,0.46885,0.3015676655646795,0.4450456185020157,tightness
100,10,2,0.7,0.7,0.049055,0.04811704431549136,0.05001027885488519,200000,9811,,0.46885,0.29719526501013116,0.352052533371609,tightness
100,10,3,0.7,0.7,0.07048,0.0693664616100783,0.07161003851330731,200000,14096,,0.46885,0.2970672923109737,0.5060310166570936,tightness
100,10,4,0.7,0.7,0.04751,0.046586342279683925,0.048451040242272585,200000,9502,,0.46885,0.3007038498453663,0.33698620420612124,tightness
100,10,0,0.85,0.85,0.055535,0.054539779318985925,0.056547294920492076,200000,11107,,0.46885,0.1514343606697238,0.7821830985915493,tightness
100,10,1,0.85,0.85,0.040395,0.039540909606638926,0.041266746239907566,200000,8079,,0.46885,0.14938679748320358,0.576741861793261,tightness
100,10,2,0.85,0.85,0.030755,0.030007280631143572,0.03152074553852976,200000,6151,,0.46885,0.14742454942945504,0.4449508101851852,tightness
100,10,3,0.85,0.85,0.046755,0.045838427360148905,0.04768898416533051,200000,9351,,0.46885,0.14934413991681775,0.6677377892030848,tightness
100,10,4,0.85,0.85,0.031345,0.030590278925485437,0.03211772457918324,200000,6269,,0.46885,0.1494827770075717,0.447242633944496,tightness
100,10,0,0.95,0.95,0.02149,0.02086359211602195,0.022134789971054912,200000,4298,,0.46885,0.050826490348725606,0.9018044481745698,tightness
100,10,1,0.95,0.95,0.0159,0.015360999304996063,0.016457597523396053,200000,3180,,0.46885,0.047637837261384236,0.7118871725990598,tightness
100,10,2,0.95,0.95,0.013045,0.012698008458521873,0.013401344883288632,400000,5218,,0.468685,0.04849205756531572,0.5739742602573974,tightness
100,10,3,0.95,0.95,0.019425,0.018829296155579052,0.020039165259014093,200000,3885,,0.46885,0.05003732537058761,0.828005115089514,tightness
100,10,4,0.95,0.95,0.01342,0.013068054715232482,0.0137812914236472,400000,5368,,0.468685,0.05012961797369235,0.5711853585869334,tightness
100,10,0,0.5,0.5,0.10521,0.10387285983838776,0.10656230612294443,200000,21042,,0.46885,0.5025167964167644,0.44655249251925894,tightness
100,10,1,0.5,0.5,0.07255,0.0714213366816797,0.07369508392211334,200000,14510,,0.46885,0.5016743094806442,0.30844777007780283,tightness
100,10,2,0.5,0.5,0.058995,0.057970816065267425,0.060036125257403636,200000,11799,,0.46885,0.5001706302655433,0.25157246114155346,tightness
100,10,3,0.5,0.5,0.08125,0.08006059409859813,0.08245549229241446,200000,16250,,0.46885,0.49722725818492053,0.3485254691689008,tightness
100,10,4,0.5,0.5,0.05581,0.05481243860354529,0.056824625071735635,200000,11162,,0.46885,0.4992641569798443,0.23842276144907723,tightness
