instance,sampler,n_raw,acceptance,n_feasible,TV_to_unif,TV_floor,coverage,cost_per_feasible,cost_unit,n_repaired,n_feasible_repair,TV_after_repair,TV_floor_repair,coverage_repair,exact_PF,exact_TV,cost_uniform_corrected
p0,random_bitstrings,8192,0.0318603515625,261,0.26685823754789273,0.2666906130268199,0.9083333333333333,31.386973180076627,shots,7931,8192,0.13261718749999998,0.04822550455729166,1.0,,,
p0,product_state,8192,0.06103515625,500,0.17833333333333334,0.19539999999999996,0.9916666666666667,16.384,shots,7692,8192,0.1316243489583333,0.04822550455729166,1.0,,,
p0,dicke_p0,8192,0.246826171875,2022,0.09080118694362019,0.09684718100890209,1.0,4.051434223541048,shots,6170,8192,0.1615234375,0.04822550455729166,1.0,0.24242424242424232,3.382710778154774e-16,4.125000000000011
p0,trained,8192,0.3238525390625,2653,0.13458034929011184,0.08534237969594169,1.0,3.0878251036562383,shots,5539,8192,0.16207682291666667,0.04822550455729166,1.0,0.3246601461622989,0.10183409755883499,8.517520888930573
p0,rejection,8192,0.23828125,1952,0.10802595628415299,0.09990266393442622,1.0,4.19672131147541,proposals,6240,8192,0.15699055989583333,0.04822550455729166,1.0,,,
p0,mcmc_swap,1952,1.0,1952,0.09402322404371584,0.09990266393442622,1.0,5.102459016393443,moves,0,1952,0.09402322404371584,0.09990266393442622,1.0,,,
island,random_bitstrings,8192,0.0006103515625,5,0.9090909090909092,0.9099999999999998,0.09090909090909091,1638.4,shots,8082,8087,0.13960902458491184,0.0330977888193172,1.0,,,
island,product_state,8192,0.001953125,16,0.7272727272727273,0.7454545454545454,0.2727272727272727,512.0,shots,8032,8048,0.1092806795590096,0.0329681004879812,1.0,,,
island,dicke_p0,8192,0.0106201171875,87,0.3088819226750261,0.32358411703239287,0.8181818181818182,94.16091954022988,shots,7937,8024,0.12024381401250794,0.03275854255415572,1.0,0.01259157509157509,3.157196726277789e-16,79.418181818182
island,trained,8192,0.0133056640625,109,0.3079232693911593,0.26883236030025015,0.8181818181818182,75.1559633027523,shots,7932,8041,0.12197487874642456,0.032993408780002495,1.0,0.01374295017620499,0.013566488678578528,78.99718371902858
island,rejection,8192,0.01611328125,132,0.1893939393939394,0.255,0.9818181818181818,62.06060606060606,proposals,7940,8072,0.12818046670871253,0.03277412379493647,1.0,,,
island,mcmc_swap,132,1.0,132,0.6454545454545455,0.255,0.38181818181818183,6.515151515151516,moves,0,132,0.6454545454545455,0.255,0.38181818181818183,,,
