instance,sampler,n_raw,acceptance,n_feasible,TV_to_unif,TV_floor,coverage,cost_per_feasible,cost_unit,n_repaired,n_feasible_repair,TV_after_repair,TV_floor_repair,coverage_repair,sample_seed,exact_PF,exact_TV,cost_uniform_corrected,TV_minus_floor
p0,random_bitstrings,8192,0.0318603515625,261,0.26685823754789273,0.2666906130268199,0.9083333333333333,31.386973180076627,shots,7931,8192,0.13261718749999998,0.04822550455729166,1.0,0,,,,0.00016762452107282888
p0,product_state,8192,0.06103515625,500,0.17833333333333334,0.19539999999999996,0.9916666666666667,16.384,shots,7692,8192,0.1316243489583333,0.04822550455729166,1.0,0,,,,-0.01706666666666662
p0,dicke_p0,8192,0.246826171875,2022,0.09080118694362019,0.09684718100890209,1.0,4.051434223541048,shots,6170,8192,0.1615234375,0.04822550455729166,1.0,0,0.24242424242424232,3.382710778154774e-16,4.125000000000011,-0.006045994065281904
p0,trained,8192,0.3238525390625,2653,0.13458034929011184,0.08534237969594169,1.0,3.0878251036562383,shots,5539,8192,0.16207682291666667,0.04822550455729166,1.0,0,0.3246601461622989,0.10183409755883499,8.517520888930573,0.04923796959417015
p0,rejection,8192,0.23828125,1952,0.10802595628415299,0.09990266393442622,1.0,4.19672131147541,proposals,6240,8192,0.15699055989583333,0.04822550455729166,1.0,0,,,,0.008123292349726766
p0,mcmc_swap,1952,1.0,1952,0.09402322404371584,0.09990266393442622,1.0,5.102459016393443,moves,0,1952,0.09402322404371584,0.09990266393442622,1.0,0,,,,-0.005879439890710381
p0,random_bitstrings,8192,0.0263671875,216,0.2916666666666667,0.2968981481481482,0.8083333333333333,37.925925925925924,shots,7976,8192,0.12665201822916666,0.048594970703125004,1.0,1,,,,-0.005231481481481504
p0,product_state,8192,0.05712890625,468,0.1854700854700854,0.1978311965811966,0.9833333333333333,17.504273504273506,shots,7724,8192,0.11728515625,0.048594970703125004,1.0,1,,,,-0.012361111111111212
p0,dicke_p0,8192,0.2442626953125,2001,0.09638930534732634,0.09984320339830086,1.0,4.093953023488256,shots,6191,8192,0.14690755208333334,0.048594970703125004,1.0,1,0.24242424242424232,3.382710778154774e-16,4.125000000000011,-0.003453898050974513
p0,trained,8192,0.333251953125,2730,0.13901098901098902,0.08374999999999998,1.0,3.0007326007326007,shots,5462,8192,0.1529541015625,0.048594970703125004,1.0,1,0.3246601461622989,0.10183409755883499,8.517520888930573,0.05526098901098904
p0,rejection,8192,0.2412109375,1976,0.08825910931174089,0.09984986504723346,1.0,4.145748987854251,proposals,6216,8192,0.14786783854166666,0.048594970703125004,1.0,1,,,,-0.011590755735492578
p0,mcmc_swap,1976,1.0,1976,0.09892037786774628,0.09984986504723346,1.0,5.101214574898785,moves,0,1976,0.09892037786774628,0.09984986504723346,1.0,1,,,,-0.0009294871794871817
p0,random_bitstrings,8192,0.0283203125,232,0.25,0.27507183908045973,0.8666666666666667,35.310344827586206,shots,7960,8192,0.12321777343749998,0.04823811848958333,1.0,2,,,,-0.025071839080459735
p0,product_state,8192,0.05810546875,476,0.20609243697478988,0.19696778711484592,0.975,17.210084033613445,shots,7716,8192,0.12125651041666666,0.04823811848958333,1.0,2,,,,0.009124649859943962
p0,dicke_p0,8192,0.2393798828125,1961,0.09970678225395206,0.09785738568757436,1.0,4.177460479347272,shots,6231,8192,0.14999186197916667,0.04823811848958333,1.0,2,0.24242424242424232,3.382710778154774e-16,4.125000000000011,0.001849396566377698
p0,trained,8192,0.3182373046875,2607,0.13911584196394322,0.08494917529727654,1.0,3.142309167625623,shots,5585,8192,0.15921223958333333,0.04823811848958333,1.0,2,0.3246601461622989,0.10183409755883499,8.517520888930573,0.05416666666666668
p0,rejection,8192,0.241455078125,1978,0.09855072463768115,0.09673028311425684,1.0,4.141557128412538,proposals,6214,8192,0.14584147135416667,0.04823811848958333,1.0,2,,,,0.0018204415234243099
p0,mcmc_swap,1978,1.0,1978,0.09923323222109875,0.09673028311425684,1.0,5.101112234580384,moves,0,1978,0.09923323222109875,0.09673028311425684,1.0,2,,,,0.0025029491068419146
p0,random_bitstrings,8192,0.0308837890625,253,0.3013175230566535,0.2734634387351779,0.8333333333333334,32.3794466403162,shots,7939,8192,0.12473958333333332,0.047795003255208336,1.0,3,,,,0.02785408432147557
p0,product_state,8192,0.0562744140625,461,0.19220896601590745,0.2026825741142444,0.9833333333333333,17.77006507592191,shots,7731,8192,0.12192382812499998,0.047795003255208336,1.0,3,,,,-0.010473608098336945
p0,dicke_p0,8192,0.23974609375,1964,0.10383570943652409,0.10152494908350304,1.0,4.171079429735234,shots,6228,8192,0.1500244140625,0.047795003255208336,1.0,3,0.24242424242424232,3.382710778154774e-16,4.125000000000011,0.002310760353021052
p0,trained,8192,0.31689453125,2596,0.13685156651258346,0.08578775038520801,1.0,3.1556240369799693,shots,5596,8192,0.15845540364583333,0.047795003255208336,1.0,3,0.3246601461622989,0.10183409755883499,8.517520888930573,0.05106381612737544
p0,rejection,8192,0.242431640625,1986,0.08496978851963746,0.09840130916414905,1.0,4.124874118831823,proposals,6206,8192,0.15568033854166666,0.047795003255208336,1.0,3,,,,-0.013431520644511585
p0,mcmc_swap,1986,1.0,1986,0.0964501510574018,0.09840130916414905,1.0,5.100704934541793,moves,0,1986,0.0964501510574018,0.09840130916414905,1.0,3,,,,-0.0019511581067472444
p0,random_bitstrings,8192,0.0303955078125,249,0.2644578313253012,0.26847891566265064,0.8583333333333333,32.899598393574294,shots,7943,8192,0.13600260416666665,0.046612548828125,1.0,4,,,,-0.004021084337349434
p0,product_state,8192,0.060546875,496,0.17459677419354838,0.18995967741935485,0.9833333333333333,16.516129032258064,shots,7696,8192,0.12712402343749998,0.046612548828125,1.0,4,,,,-0.015362903225806468
p0,dicke_p0,8192,0.24267578125,1988,0.09815560026827633,0.09612843729040912,1.0,4.120724346076459,shots,6204,8192,0.14589843749999998,0.046612548828125,1.0,4,0.24242424242424232,3.382710778154774e-16,4.125000000000011,0.002027162977867203
p0,trained,8192,0.325439453125,2666,0.13139534883720932,0.08483495873968494,1.0,3.072768192048012,shots,5526,8192,0.15979817708333333,0.046612548828125,1.0,4,0.3246601461622989,0.10183409755883499,8.517520888930573,0.046560390097524385
p0,rejection,8192,0.244873046875,2006,0.09649385177799935,0.09565511797939516,1.0,4.083748753738783,proposals,6186,8192,0.15235188802083333,0.046612548828125,1.0,4,,,,0.000838733798604191
p0,mcmc_swap,2006,1.0,2006,0.10068959787304754,0.09565511797939516,1.0,5.099700897308076,moves,0,2006,0.10068959787304754,0.09565511797939516,1.0,4,,,,0.005034479893652383
p0,random_bitstrings,8192,0.0262451171875,215,0.26395348837209304,0.2984593023255814,0.8833333333333333,38.10232558139535,shots,7977,8192,0.12336425781249999,0.046263020833333335,1.0,5,,,,-0.03450581395348834
p0,product_state,8192,0.0626220703125,513,0.18884015594541903,0.1954044834307992,0.9916666666666667,15.968810916179336,shots,7679,8192,0.1367919921875,0.046263020833333335,1.0,5,,,,-0.006564327485380161
p0,dicke_p0,8192,0.2451171875,2008,0.09936918990703851,0.09906374501992031,1.0,4.079681274900398,shots,6184,8192,0.15869954427083333,0.046263020833333335,1.0,5,0.24242424242424232,3.382710778154774e-16,4.125000000000011,0.0003054448871182003
p0,trained,8192,0.322021484375,2638,0.1379959565327268,0.08420173110942634,1.0,3.10538286580743,shots,5554,8192,0.15201822916666666,0.046263020833333335,1.0,5,0.3246601461622989,0.10183409755883499,8.517520888930573,0.053794225423300465
p0,rejection,8192,0.244384765625,2002,0.1106809856809857,0.09981102231102232,1.0,4.091908091908092,proposals,6190,8192,0.14239908854166666,0.046263020833333335,1.0,5,,,,0.010869963369963376
p0,mcmc_swap,2002,1.0,2002,0.10576090576090576,0.09981102231102232,1.0,5.0999000999001,moves,0,2002,0.10576090576090576,0.09981102231102232,1.0,5,,,,0.005949883449883439
p0,random_bitstrings,8192,0.0299072265625,245,0.2578231292517006,0.2745238095238095,0.8583333333333333,33.436734693877554,shots,7947,8192,0.12354329427083333,0.04773030598958333,1.0,6,,,,-0.016700680272108914
p0,product_state,8192,0.0626220703125,513,0.18674463937621832,0.192724171539961,0.9916666666666667,15.968810916179336,shots,7679,8192,0.12586263020833333,0.04773030598958333,1.0,6,,,,-0.005979532163742668
p0,dicke_p0,8192,0.239501953125,1962,0.0992354740061162,0.0988697757390418,1.0,4.17533129459735,shots,6230,8192,0.16068522135416666,0.04773030598958333,1.0,6,0.24242424242424232,3.382710778154774e-16,4.125000000000011,0.0003656982670744019
p0,trained,8192,0.3250732421875,2663,0.13948867192389536,0.08359337839529353,1.0,3.076229815996996,shots,5529,8192,0.15384114583333333,0.04773030598958333,1.0,6,0.3246601461622989,0.10183409755883499,8.517520888930573,0.05589529352860183
p0,rejection,8192,0.24072265625,1972,0.0966362407031778,0.09855392156862744,1.0,4.154158215010142,proposals,6220,8192,0.14935709635416666,0.04773030598958333,1.0,6,,,,-0.0019176808654496336
p0,mcmc_swap,1972,1.0,1972,0.10845165652467882,0.09855392156862744,1.0,5.101419878296146,moves,0,1972,0.10845165652467882,0.09855392156862744,1.0,6,,,,0.009897734956051382
p0,random_bitstrings,8192,0.0272216796875,223,0.2866218236173393,0.28868647234678624,0.825,36.73542600896861,shots,7969,8192,0.1339680989583333,0.04839843749999999,1.0,7,,,,-0.0020646487294469495
p0,product_state,8192,0.0615234375,504,0.1916666666666666,0.18569444444444438,0.9916666666666667,16.253968253968253,shots,7688,8192,0.12811686197916666,0.04839843749999999,1.0,7,,,,0.005972222222222212
p0,dicke_p0,8192,0.235107421875,1926,0.09880581516095535,0.09829309449636554,1.0,4.2533748701973,shots,6266,8192,0.15690104166666666,0.04839843749999999,1.0,7,0.24242424242424232,3.382710778154774e-16,4.125000000000011,0.000512720664589808
p0,trained,8192,0.3193359375,2616,0.13295107033639142,0.08429281345565746,1.0,3.1314984709480123,shots,5576,8192,0.15445963541666666,0.04839843749999999,1.0,7,0.3246601461622989,0.10183409755883499,8.517520888930573,0.048658256880733955
p0,rejection,8192,0.249755859375,2046,0.0979960899315738,0.09506353861192571,1.0,4.0039100684261975,proposals,6146,8192,0.15918782552083333,0.04839843749999999,1.0,7,,,,0.0029325513196480912
p0,mcmc_swap,2046,1.0,2046,0.10004887585532747,0.09506353861192571,1.0,5.097751710654936,moves,0,2046,0.10004887585532747,0.09506353861192571,1.0,7,,,,0.004985337243401763
p0,random_bitstrings,8192,0.0330810546875,271,0.23468634686346862,0.2696233087330873,0.9083333333333333,30.228782287822877,shots,7921,8192,0.12607421875,0.04845906575520833,1.0,8,,,,-0.0349369618696187
p0,product_state,8192,0.0582275390625,477,0.21540880503144658,0.20161163522012582,0.9416666666666667,17.17400419287212,shots,7715,8192,0.12796223958333333,0.04845906575520833,1.0,8,,,,0.013797169811320759
p0,dicke_p0,8192,0.2291259765625,1877,0.10864855265494583,0.10380571834487658,1.0,4.364411294619073,shots,6315,8192,0.15848795572916666,0.04845906575520833,1.0,8,0.24242424242424232,3.382710778154774e-16,4.125000000000011,0.004842834310069252
p0,trained,8192,0.31396484375,2572,0.13547174701918094,0.08602773457750129,1.0,3.1850699844479005,shots,5620,8192,0.1510986328125,0.04845906575520833,1.0,8,0.3246601461622989,0.10183409755883499,8.517520888930573,0.04944401244167965
p0,rejection,8192,0.244873046875,2006,0.08723828514456632,0.09839730807577268,1.0,4.083748753738783,proposals,6186,8192,0.15470377604166666,0.04845906575520833,1.0,8,,,,-0.011159022931206367
p0,mcmc_swap,2006,1.0,2006,0.11088401462279827,0.09839730807577268,1.0,5.099700897308076,moves,0,2006,0.11088401462279827,0.09839730807577268,1.0,8,,,,0.012486706547025592
p0,random_bitstrings,8192,0.02685546875,220,0.3219696969696969,0.29424242424242425,0.8333333333333334,37.236363636363635,shots,7972,8192,0.12342936197916665,0.047952880859375005,1.0,9,,,,0.027727272727272656
p0,product_state,8192,0.063720703125,522,0.20459770114942535,0.19806992337164753,0.9916666666666667,15.693486590038313,shots,7670,8192,0.12195638020833333,0.047952880859375005,1.0,9,,,,0.006527777777777827
p0,dicke_p0,8192,0.2384033203125,1953,0.10755248335893498,0.09609575012800821,1.0,4.194572452636969,shots,6239,8192,0.1664794921875,0.047952880859375005,1.0,9,0.24242424242424232,3.382710778154774e-16,4.125000000000011,0.011456733230926774
p0,trained,8192,0.324951171875,2662,0.13978211870773855,0.0818698347107438,1.0,3.0773854244928627,shots,5530,8192,0.1591796875,0.047952880859375005,1.0,9,0.3246601461622989,0.10183409755883499,8.517520888930573,0.057912283996994746
p0,rejection,8192,0.2496337890625,2045,0.08590057049714751,0.09444172779136105,1.0,4.005867970660146,proposals,6147,8192,0.1534423828125,0.047952880859375005,1.0,9,,,,-0.008541157294213536
p0,mcmc_swap,2045,1.0,2045,0.11766503667481662,0.09444172779136105,1.0,5.097799511002445,moves,0,2045,0.11766503667481662,0.09444172779136105,1.0,9,,,,0.02322330888345557
island,random_bitstrings,8192,0.0006103515625,5,0.9090909090909092,0.9099999999999998,0.09090909090909091,1638.4,shots,8082,8087,0.13960902458491184,0.0330977888193172,1.0,0,,,,-0.0009090909090906374
island,product_state,8192,0.001953125,16,0.7272727272727273,0.7454545454545454,0.2727272727272727,512.0,shots,8032,8048,0.1092806795590096,0.0329681004879812,1.0,0,,,,-0.018181818181818077
island,dicke_p0,8192,0.0106201171875,87,0.3088819226750261,0.32358411703239287,0.8181818181818182,94.16091954022988,shots,7937,8024,0.12024381401250794,0.03275854255415572,1.0,0,0.01259157509157509,3.157196726277789e-16,79.418181818182,-0.014702194357366749
island,trained,8192,0.0133056640625,109,0.3079232693911593,0.26883236030025015,0.8181818181818182,75.1559633027523,shots,7932,8041,0.12197487874642456,0.032993408780002495,1.0,0,0.01374295017620499,0.013566488678578528,78.99718371902858,0.039090909090909176
island,rejection,8192,0.01611328125,132,0.1893939393939394,0.255,0.9818181818181818,62.06060606060606,proposals,7940,8072,0.12818046670871253,0.03277412379493647,1.0,0,,,,-0.06560606060606061
island,mcmc_swap,132,1.0,132,0.6454545454545455,0.255,0.38181818181818183,6.515151515151516,moves,0,132,0.6454545454545455,0.255,0.38181818181818183,0,,,,0.3904545454545455
island,random_bitstrings,8192,0.0013427734375,11,0.8181818181818181,0.8145454545454542,0.18181818181818182,744.7272727272727,shots,8093,8104,0.13190343713542133,0.03270461276137485,1.0,1,,,,0.003636363636363882
island,product_state,8192,0.0028076171875,23,0.6545454545454545,0.658181818181818,0.34545454545454546,356.17391304347825,shots,8029,8052,0.11574764033780427,0.032968206656731246,1.0,1,,,,-0.0036363636363634377
island,dicke_p0,8192,0.0125732421875,103,0.2616063548102383,0.2951015004413063,0.8909090909090909,79.53398058252426,shots,7946,8049,0.127557347609528,0.03263872417804584,1.0,1,0.01259157509157509,3.157196726277789e-16,79.418181818182,-0.03349514563106798
island,trained,8192,0.0159912109375,131,0.2535739070090215,0.26263705759888967,0.9636363636363636,62.534351145038165,shots,7895,8026,0.12097727839068484,0.032397435607004504,1.0,1,0.01374295017620499,0.013566488678578528,78.99718371902858,-0.009063150589868174
island,rejection,8192,0.0106201171875,87,0.3155694879832811,0.3259247648902821,0.8181818181818182,94.16091954022988,proposals,7942,8029,0.12522786716335102,0.03237038462844915,1.0,1,,,,-0.010355276907000999
island,mcmc_swap,87,1.0,87,0.7243469174503657,0.3259247648902821,0.3090909090909091,7.2988505747126435,moves,0,87,0.7243469174503657,0.3259247648902821,0.3090909090909091,1,,,,0.3984221525600836
island,random_bitstrings,8192,0.0010986328125,9,0.8727272727272726,0.8490909090909087,0.12727272727272726,910.2222222222222,shots,8089,8098,0.13183726621612518,0.032969644581153604,1.0,2,,,,0.0236363636363639
island,product_state,8192,0.002197265625,18,0.709090909090909,0.7227272727272724,0.2909090909090909,455.1111111111111,shots,8020,8038,0.10008821733131262,0.032517360718405754,1.0,2,,,,-0.013636363636363447
island,dicke_p0,8192,0.0101318359375,83,0.31610076670317633,0.3268236582694413,0.7636363636363637,98.6987951807229,shots,7947,8030,0.12278953922789537,0.03220423412204233,1.0,2,0.01259157509157509,3.157196726277789e-16,79.418181818182,-0.010722891566264992
island,trained,8192,0.0125732421875,103,0.27131509267431597,0.2836981465136804,0.8727272727272727,79.53398058252426,shots,7934,8037,0.11412218489486124,0.03255522752723201,1.0,2,0.01374295017620499,0.013566488678578528,78.99718371902858,-0.012383053839364444
island,rejection,8192,0.01171875,96,0.28011363636363634,0.30372159090909095,0.8363636363636363,85.33333333333333,proposals,7920,8016,0.12604336780983488,0.03200020413718019,1.0,2,,,,-0.023607954545454612
island,mcmc_swap,96,1.0,96,0.7037878787878789,0.30372159090909095,0.32727272727272727,7.083333333333333,moves,0,96,0.7037878787878789,0.30372159090909095,0.32727272727272727,2,,,,0.4000662878787879
island,random_bitstrings,8192,0.0009765625,8,0.8545454545454545,0.8709090909090907,0.14545454545454545,1024.0,shots,8091,8099,0.14836848544713713,0.03239962284906105,1.0,3,,,,-0.016363636363636247
island,product_state,8192,0.00244140625,20,0.6727272727272728,0.7054545454545452,0.32727272727272727,409.6,shots,8043,8063,0.10847079250899168,0.032718591095125885,1.0,3,,,,-0.03272727272727238
island,dicke_p0,8192,0.0125732421875,103,0.23618711385701677,0.28842894969108557,0.8909090909090909,79.53398058252426,shots,7917,8020,0.12936975742462023,0.03320335524824302,1.0,3,0.01259157509157509,3.157196726277789e-16,79.418181818182,-0.0522418358340688
island,trained,8192,0.015625,128,0.23025568181818185,0.26882102272727276,0.9636363636363636,64.0,shots,7879,8007,0.13246136902937203,0.033187211190208565,1.0,3,0.01374295017620499,0.013566488678578528,78.99718371902858,-0.03856534090909092
island,rejection,8192,0.0128173828125,105,0.2666666666666666,0.27757575757575764,0.8545454545454545,78.01904761904763,proposals,7938,8043,0.12073061838074892,0.033023069184949086,1.0,3,,,,-0.010909090909091035
island,mcmc_swap,105,1.0,105,0.670995670995671,0.27757575757575764,0.36363636363636365,6.904761904761905,moves,0,105,0.670995670995671,0.27757575757575764,0.36363636363636365,3,,,,0.3934199134199134
island,random_bitstrings,8192,0.0008544921875,7,0.8727272727272728,0.8809090909090906,0.12727272727272726,1170.2857142857142,shots,8098,8105,0.14228029835679432,0.03156020413885928,1.0,4,,,,-0.008181818181817846
island,product_state,8192,0.0023193359375,19,0.709090909090909,0.7009090909090907,0.2909090909090909,431.1578947368421,shots,8027,8046,0.12002576096535827,0.03185897001333243,1.0,4,,,,0.00818181818181829
island,dicke_p0,8192,0.01220703125,100,0.27636363636363637,0.2885909090909091,0.8545454545454545,81.92,shots,7949,8049,0.127557347609528,0.031798981239905585,1.0,4,0.01259157509157509,3.157196726277789e-16,79.418181818182,-0.012227272727272753
island,trained,8192,0.013671875,112,0.2349025974025974,0.26251623376623373,0.9090909090909091,73.14285714285714,shots,7931,8043,0.12595933222565076,0.031774552688390814,1.0,4,0.01374295017620499,0.013566488678578528,78.99718371902858,-0.02761363636363634
island,rejection,8192,0.01220703125,100,0.3245454545454546,0.2885909090909091,0.7818181818181819,81.92,proposals,7930,8030,0.1145703611457036,0.03160024906600249,1.0,4,,,,0.03595454545454546
island,mcmc_swap,100,1.0,100,0.7536363636363637,0.2885909090909091,0.2545454545454545,7.0,moves,0,100,0.7536363636363637,0.2885909090909091,0.2545454545454545,4,,,,0.46504545454545454
island,random_bitstrings,8192,0.000732421875,6,0.8909090909090909,0.8999999999999998,0.10909090909090909,1365.3333333333333,shots,8104,8110,0.1413294473713709,0.030803161080596348,1.0,5,,,,-0.009090909090908927
island,product_state,8192,0.0029296875,24,0.6181818181818182,0.6499999999999998,0.38181818181818183,341.3333333333333,shots,8026,8050,0.10649350649350647,0.0314240542066629,1.0,5,,,,-0.031818181818181634
island,dicke_p0,8192,0.0128173828125,105,0.3116883116883117,0.2815584415584416,0.8181818181818182,78.01904761904763,shots,7912,8017,0.11580164876909295,0.031995985802896115,1.0,5,0.01259157509157509,3.157196726277789e-16,79.418181818182,0.030129870129870062
island,trained,8192,0.014404296875,118,0.3178736517719568,0.26751926040061635,0.8727272727272727,69.42372881355932,shots,7906,8024,0.11412353847548265,0.03198506752469864,1.0,5,0.01374295017620499,0.013566488678578528,78.99718371902858,0.05035439137134046
island,rejection,8192,0.0142822265625,117,0.271017871017871,0.26724164724164723,0.8909090909090909,70.01709401709402,proposals,7917,8034,0.12435105347726703,0.03187487270011542,1.0,5,,,,0.003776223776223775
island,mcmc_swap,117,1.0,117,0.6685314685314685,0.26724164724164723,0.38181818181818183,6.7094017094017095,moves,0,117,0.6685314685314685,0.26724164724164723,0.38181818181818183,5,,,,0.40128982128982127
island,random_bitstrings,8192,0.001220703125,10,0.8181818181818181,0.8318181818181817,0.18181818181818182,819.2,shots,8103,8113,0.13499770290106788,0.031486839303923,1.0,6,,,,-0.013636363636363558
island,product_state,8192,0.002197265625,18,0.7272727272727273,0.7218181818181815,0.2727272727272727,455.1111111111111,shots,8040,8058,0.10750919470204652,0.032523861097948956,1.0,6,,,,0.005454545454545823
island,dicke_p0,8192,0.0133056640625,109,0.3079232693911593,0.2700917431192661,0.8181818181818182,75.1559633027523,shots,7909,8018,0.12484636839837639,0.033120025397401304,1.0,6,0.01259157509157509,3.157196726277789e-16,79.418181818182,0.037831526271893234
island,trained,8192,0.012451171875,102,0.3089126559714795,0.29034759358288775,0.8,80.31372549019608,shots,7925,8027,0.12473583473957212,0.0328689536450842,1.0,6,0.01374295017620499,0.013566488678578528,78.99718371902858,0.018565062388591735
island,rejection,8192,0.011474609375,94,0.3025145067698259,0.3178143133462283,0.8181818181818182,87.14893617021276,proposals,7970,8064,0.12469561688311692,0.03247970779220779,1.0,6,,,,-0.015299806576402397
island,mcmc_swap,94,1.0,94,0.7423597678916829,0.3178143133462283,0.2727272727272727,7.127659574468085,moves,0,94,0.7423597678916829,0.3178143133462283,0.2727272727272727,6,,,,0.4245454545454546
island,random_bitstrings,8192,0.0008544921875,7,0.8727272727272728,0.8754545454545453,0.12727272727272726,1170.2857142857142,shots,8104,8111,0.13935956781475212,0.03412358077134307,1.0,7,,,,-0.0027272727272724673
island,product_state,8192,0.003173828125,26,0.6181818181818182,0.6099999999999999,0.38181818181818183,315.0769230769231,shots,8028,8054,0.11044540262320246,0.034082782129715335,1.0,7,,,,0.00818181818181829
island,dicke_p0,8192,0.013671875,112,0.2891233766233766,0.2665665584415584,0.8363636363636363,73.14285714285714,shots,7914,8026,0.12331740026731305,0.03354552250639965,1.0,7,0.01259157509157509,3.157196726277789e-16,79.418181818182,0.022556818181818206
island,trained,8192,0.013916015625,114,0.294896331738437,0.2785645933014353,0.8545454545454545,71.85964912280701,shots,7921,8035,0.11968094133619958,0.033532273575833,1.0,7,0.01374295017620499,0.013566488678578528,78.99718371902858,0.016331738437001697
island,rejection,8192,0.0108642578125,89,0.2437180796731358,0.3185597548518897,0.9090909090909091,92.04494382022472,proposals,7955,8044,0.1280321866100086,0.033632408118981966,1.0,7,,,,-0.0748416751787539
island,mcmc_swap,89,1.0,89,0.7662921348314606,0.3185597548518897,0.2545454545454545,7.247191011235955,moves,0,89,0.7662921348314606,0.3185597548518897,0.2545454545454545,7,,,,0.44773237997957094
island,random_bitstrings,8192,0.0010986328125,9,0.8545454545454545,0.8509090909090906,0.14545454545454545,910.2222222222222,shots,8097,8106,0.13700289347957742,0.03321647264652447,1.0,8,,,,0.003636363636363882
island,product_state,8192,0.0030517578125,25,0.6363636363636365,0.6299999999999997,0.36363636363636365,327.68,shots,8025,8050,0.10756634669678149,0.03324223602484473,1.0,8,,,,0.006363636363636793
island,dicke_p0,8192,0.011474609375,94,0.3131528046421664,0.2971760154738878,0.8,87.14893617021276,shots,7947,8041,0.12282054470836962,0.03323964681009824,1.0,8,0.01259157509157509,3.157196726277789e-16,79.418181818182,0.015976789168278605
island,trained,8192,0.0126953125,104,0.3017482517482517,0.2927709790209791,0.8181818181818182,78.76923076923077,shots,7940,8044,0.11572487681388725,0.033363884996157486,1.0,8,0.01374295017620499,0.013566488678578528,78.99718371902858,0.008977272727272612
island,rejection,8192,0.0137939453125,113,0.2558326629123089,0.26921962992759446,0.9090909090909091,72.49557522123894,proposals,7911,8024,0.11312652950240187,0.03363794978700263,1.0,8,,,,-0.013386967015285578
island,mcmc_swap,113,1.0,113,0.7105390185036202,0.26921962992759446,0.32727272727272727,6.769911504424779,moves,0,113,0.7105390185036202,0.26921962992759446,0.32727272727272727,8,,,,0.44131938857602576
island,random_bitstrings,8192,0.0015869140625,13,0.8181818181818183,0.7945454545454543,0.18181818181818182,630.1538461538462,shots,8076,8089,0.13698063588037626,0.03174962631632182,1.0,9,,,,0.02363636363636401
island,product_state,8192,0.00244140625,20,0.7272727272727274,0.6927272727272725,0.2727272727272727,409.6,shots,8030,8050,0.1132919254658385,0.03135347261434218,1.0,9,,,,0.03454545454545488
island,dicke_p0,8192,0.013916015625,114,0.2354066985645933,0.263133971291866,0.9272727272727272,71.85964912280701,shots,7927,8041,0.12911329436637234,0.03147618455415993,1.0,9,0.01259157509157509,3.157196726277789e-16,79.418181818182,-0.02772727272727271
island,trained,8192,0.0133056640625,109,0.27139282735613013,0.27185154295246033,0.8727272727272727,75.1559633027523,shots,7926,8035,0.12082366917463369,0.03139559880070149,1.0,9,0.01374295017620499,0.013566488678578528,78.99718371902858,-0.00045871559633020587
island,rejection,8192,0.0091552734375,75,0.36363636363636354,0.3437575757575758,0.7090909090909091,109.22666666666667,proposals,7973,8048,0.12095834086390744,0.03131585487077535,1.0,9,,,,0.019878787878787718
island,mcmc_swap,75,1.0,75,0.7466666666666667,0.3437575757575758,0.2727272727272727,7.666666666666667,moves,0,75,0.7466666666666667,0.3437575757575758,0.2727272727272727,9,,,,0.4029090909090909
