n,p,true_maxbond,chi_weightk,wall_unbounded,wall_at_need
12,0,5,8,0.1011393070220947,0.1012263298034668
12,1,29,32,0.1176323890686035,0.119511604309082
12,2,29,32,0.1369426250457763,0.1509666442871093
12,3,29,32,0.1708354949951172,0.192840576171875
16,0,6,16,0.1307013034820556,0.1357145309448242
16,1,68,32,0.269113540649414,0.2052044868469238
16,2,74,64,1.3052194118499756,1.0617120265960691
16,3,74,64,2.2287726402282715,2.073750734329224
20,0,7,8,0.1722345352172851,0.1760997772216797
20,1,116,32,1.4943649768829346,0.3123104572296142
20,2,232,>64,44.0634229183197,44.0634229183197
20,3,232,>64,92.37133383750916,92.37133383750916
24,0,9,16,0.3414192199707031,0.4142827987670898
24,1,301,>64,19.87591242790222,19.87591242790222
28,0,10,16,0.396975040435791,0.5177702903747559
28,1,389,>64,48.7542667388916,48.7542667388916
