n,p,k,chi,chi_label,wall_s,wk_rate,tv,tv_refref,e_err,ref,true_maxbond
12,0,4,2,2,0.1049921512603759,0.6552734375,0.85546875,0.27001953125,0.1244625651719927,exact,5
12,0,4,4,4,0.0995986461639404,0.96044921875,0.53271484375,0.27001953125,0.0931467625781354,exact,5
12,0,4,8,8,0.1012263298034668,1.0,0.2734375,0.27001953125,0.0361454226384827,exact,5
12,0,4,16,16,0.1045973300933837,1.0,0.2734375,0.27001953125,0.0361454226384827,exact,5
12,0,4,32,32,0.1054215431213378,1.0,0.2734375,0.27001953125,0.0361454226384827,exact,5
12,0,4,64,64,0.1031324863433837,1.0,0.2734375,0.27001953125,0.0361454226384827,exact,5
12,0,4,0,None,0.1011393070220947,1.0,0.2734375,0.27001953125,0.0361454226384827,exact,5
12,1,4,2,2,0.1013741493225097,1.0,0.88818359375,0.21728515625,0.7782923623803615,exact,29
12,1,4,4,4,0.1033153533935546,0.49462890625,0.70068359375,0.21728515625,0.3896925372312141,exact,29
12,1,4,8,8,0.1078536510467529,0.9912109375,0.38623046875,0.21728515625,0.2061567737017458,exact,29
12,1,4,16,16,0.1145589351654052,0.9921875,0.25830078125,0.21728515625,0.0699020804644789,exact,29
12,1,4,32,32,0.119511604309082,1.0,0.22802734375,0.21728515625,0.1217118830206023,exact,29
12,1,4,64,64,0.1167340278625488,1.0,0.22802734375,0.21728515625,0.1217118830206023,exact,29
12,1,4,0,None,0.1176323890686035,1.0,0.22802734375,0.21728515625,0.1217118830206023,exact,29
12,2,4,2,2,0.1066756248474121,1.0,0.888671875,0.21044921875,0.8547295243585525,exact,29
12,2,4,4,4,0.1075332164764404,0.2724609375,0.869140625,0.21044921875,0.3812404185893339,exact,29
12,2,4,8,8,0.1134705543518066,0.85791015625,0.55078125,0.21044921875,0.0291553321862287,exact,29
12,2,4,16,16,0.1282155513763427,0.99560546875,0.23486328125,0.21044921875,0.0199099102128148,exact,29
12,2,4,32,32,0.1509666442871093,1.0,0.2099609375,0.21044921875,0.099407085293617,exact,29
12,2,4,64,64,0.1410152912139892,1.0,0.2099609375,0.21044921875,0.099407085293617,exact,29
12,2,4,0,None,0.1369426250457763,1.0,0.2099609375,0.21044921875,0.099407085293617,exact,29
12,3,4,2,2,0.1085798740386962,0.95068359375,0.9306640625,0.22509765625,0.3971985785086228,exact,29
12,3,4,4,4,0.1118805408477783,0.2099609375,0.85498046875,0.22509765625,0.5168822937650023,exact,29
12,3,4,8,8,0.1317451000213623,0.75927734375,0.59228515625,0.22509765625,0.3731288596318188,exact,29
12,3,4,16,16,0.1442201137542724,0.89501953125,0.4423828125,0.22509765625,0.1571436816866253,exact,29
12,3,4,32,32,0.192840576171875,1.0,0.232421875,0.22509765625,0.0114271109433541,exact,29
12,3,4,64,64,0.1762406826019287,1.0,0.2265625,0.22509765625,0.0121020774044205,exact,29
12,3,4,0,None,0.1708354949951172,1.0,0.2265625,0.22509765625,0.0121020774044205,exact,29
16,0,5,2,2,0.1464414596557617,0.7490234375,0.978515625,0.669921875,0.0619775104485222,exact,6
16,0,5,4,4,0.1309154033660888,0.92138671875,0.80712890625,0.669921875,0.2599409707512201,exact,6
16,0,5,8,8,0.1343874931335449,0.99755859375,0.7021484375,0.669921875,0.0204012501021955,exact,6
16,0,5,16,16,0.1357145309448242,1.0,0.6943359375,0.669921875,0.0182282376241209,exact,6
16,0,5,32,32,0.1354110240936279,1.0,0.6943359375,0.669921875,0.0182282376241209,exact,6
16,0,5,64,64,0.1329460144042968,1.0,0.6943359375,0.669921875,0.0182282376241209,exact,6
16,0,5,0,None,0.1307013034820556,1.0,0.6943359375,0.669921875,0.0182282376241209,exact,6
16,1,5,2,2,0.1470224857330322,1.0,0.9697265625,0.5546875,0.7927292713234246,exact,68
16,1,5,4,4,0.134265661239624,0.1748046875,0.9560546875,0.5546875,1.6943538967999163,exact,68
16,1,5,8,8,0.1490046977996826,0.79443359375,0.763671875,0.5546875,0.4937947916594156,exact,68
16,1,5,16,16,0.1627740859985351,0.9970703125,0.60302734375,0.5546875,0.0282844679180578,exact,68
16,1,5,32,32,0.2052044868469238,0.99951171875,0.5556640625,0.5546875,0.0978608780770287,exact,68
16,1,5,64,64,0.2907705307006836,1.0,0.5595703125,0.5546875,0.097238157779774,exact,68
16,1,5,0,None,0.269113540649414,1.0,0.5595703125,0.5546875,0.097238157779774,exact,68
16,2,5,2,2,0.1745450496673584,0.99951171875,0.99658203125,0.5107421875,1.6013347492436494,exact,74
16,2,5,4,4,0.1452488899230957,0.23876953125,0.93408203125,0.5107421875,0.9364039684294544,exact,74
16,2,5,8,8,0.1605000495910644,0.8955078125,0.72607421875,0.5107421875,0.3664406948357905,exact,74
16,2,5,16,16,0.1969203948974609,0.8896484375,0.65380859375,0.5107421875,0.4445924140532495,exact,74
16,2,5,32,32,0.3774566650390625,0.98828125,0.5712890625,0.5107421875,0.2856547140571752,exact,74
16,2,5,64,64,1.0617120265960691,1.0,0.52294921875,0.5107421875,0.0344890359381002,exact,74
16,2,5,0,None,1.3052194118499756,1.0,0.51708984375,0.5107421875,0.0037005111440082,exact,74
16,3,5,2,2,0.1863858699798584,0.82177734375,0.970703125,0.5341796875,1.1233014167902038,exact,74
16,3,5,4,4,0.1567974090576172,0.029296875,0.990234375,0.5341796875,2.784970566538063,exact,74
16,3,5,8,8,0.1940016746520996,0.73095703125,0.76123046875,0.5341796875,0.1971456960582331,exact,74
16,3,5,16,16,0.2478284835815429,0.7998046875,0.71923828125,0.5341796875,0.3197840946318582,exact,74
16,3,5,32,32,0.5755038261413574,0.9052734375,0.61279296875,0.5341796875,0.0634694220280165,exact,74
16,3,5,64,64,2.073750734329224,0.99951171875,0.53759765625,0.5341796875,0.076814555681143,exact,74
16,3,5,0,None,2.2287726402282715,1.0,0.53564453125,0.5341796875,0.0838735612547778,exact,74
20,0,6,2,2,0.2071046829223632,0.8447265625,0.998046875,0.947265625,0.6748815458005966,exact,7
20,0,6,4,4,0.1669299602508545,0.80224609375,0.96142578125,0.947265625,0.3248548619805065,exact,7
20,0,6,8,8,0.1760997772216797,0.9990234375,0.95263671875,0.947265625,0.0332937600619931,exact,7
20,0,6,16,16,0.1761536598205566,1.0,0.95166015625,0.947265625,0.0022173463453771,exact,7
20,0,6,32,32,0.1732404232025146,1.0,0.95166015625,0.947265625,0.0022173463453771,exact,7
20,0,6,64,64,0.1820673942565918,1.0,0.95166015625,0.947265625,0.0022173463453771,exact,7
20,0,6,0,None,0.1722345352172851,1.0,0.95166015625,0.947265625,0.0022173463453771,exact,7
20,1,6,2,2,0.2019202709197998,1.0,0.99951171875,0.935546875,1.4176368035421143,exact,116
20,1,6,4,4,0.1865944862365722,0.029296875,0.998046875,0.935546875,2.215868609335663,exact,116
20,1,6,8,8,0.1885683536529541,0.72900390625,0.96337890625,0.935546875,0.5332673694383909,exact,116
20,1,6,16,16,0.2375133037567138,0.94140625,0.9453125,0.935546875,0.0706026471231844,exact,116
20,1,6,32,32,0.3123104572296142,1.0,0.927734375,0.935546875,0.0422136696853447,exact,116
20,1,6,64,64,0.7017941474914551,1.0,0.92431640625,0.935546875,0.0438992754178819,exact,116
20,1,6,0,None,1.4943649768829346,1.0,0.92431640625,0.935546875,0.044783993439295,exact,116
20,2,6,2,2,0.237964391708374,1.0,1.0,0.90966796875,2.4787128776690204,exact,232
20,2,6,4,4,0.1961750984191894,0.0,1.0,0.90966796875,3.887553098332663,exact,232
20,2,6,8,8,0.2243196964263916,0.48876953125,0.98291015625,0.90966796875,1.7537506662888522,exact,232
20,2,6,16,16,0.3171164989471435,0.8076171875,0.953125,0.90966796875,0.2009487622639501,exact,232
20,2,6,32,32,0.7502052783966064,0.92578125,0.94921875,0.90966796875,0.1685244897990927,exact,232
20,2,6,64,64,3.2797534465789795,0.99853515625,0.92822265625,0.90966796875,0.1468372673870885,exact,232
20,2,6,0,None,44.0634229183197,1.0,0.912109375,0.90966796875,0.0428534959902937,exact,232
20,3,6,2,2,0.3045413494110107,0.85791015625,0.99853515625,0.88916015625,0.9422905201114892,exact,232
20,3,6,4,4,0.3079369068145752,0.009765625,0.99951171875,0.88916015625,3.234605748425434,exact,232
20,3,6,8,8,0.3673462867736816,0.27099609375,0.9853515625,0.88916015625,2.0456426245821886,exact,232
20,3,6,16,16,0.669175386428833,0.41943359375,0.97314453125,0.88916015625,1.9911630053963332,exact,232
20,3,6,32,32,1.720703363418579,0.73291015625,0.9521484375,0.88916015625,0.7480030749907272,exact,232
20,3,6,64,64,7.142518520355225,0.91259765625,0.931640625,0.88916015625,0.393362671775777,exact,232
20,3,6,0,None,92.37133383750916,1.0,0.8876953125,0.88916015625,0.0133945574526626,exact,232
24,0,8,2,2,0.2749028205871582,0.7783203125,1.0,0.99853515625,0.9974395317064189,mps_unbounded,9
24,0,8,4,4,0.3034701347351074,0.6904296875,0.99951171875,0.99853515625,0.7302642791043183,mps_unbounded,9
24,0,8,8,8,0.3329033851623535,0.9970703125,0.99658203125,0.99853515625,0.09873676265617837,mps_unbounded,9
24,0,8,16,16,0.41428279876708984,1.0,0.9970703125,0.99853515625,0.035271959335516634,mps_unbounded,9
24,0,8,32,32,0.33762645721435547,1.0,0.9970703125,0.99853515625,0.03914588821811549,mps_unbounded,9
24,0,8,64,64,0.3326103687286377,1.0,0.9970703125,0.99853515625,0.03914588821811549,mps_unbounded,9
24,0,8,0,None,0.3414192199707031,1.0,0.9970703125,0.99853515625,0.03914588821811549,mps_unbounded,9
24,1,8,2,2,0.3056352138519287,1.0,1.0,0.96484375,2.718435556770112,mps_unbounded,301
24,1,8,4,4,0.3288145065307617,0.1396484375,1.0,0.96484375,1.0034345026988403,mps_unbounded,301
24,1,8,8,8,0.3764815330505371,0.70947265625,0.99658203125,0.96484375,1.3284256925427735,mps_unbounded,301
24,1,8,16,16,0.5637836456298828,0.95849609375,0.9716796875,0.96484375,0.024241824415444313,mps_unbounded,301
24,1,8,32,32,0.9766156673431396,0.99072265625,0.9638671875,0.96484375,0.1976923974017657,mps_unbounded,301
24,1,8,64,64,1.7072834968566895,0.9970703125,0.9677734375,0.96484375,0.02589066711239596,mps_unbounded,301
24,1,8,0,None,19.87591242790222,1.0,0.970703125,0.96484375,0.14644331299458369,mps_unbounded,301
28,0,9,2,2,0.3263845443725586,0.69482421875,1.0,1.0,0.3587294584449747,mps_unbounded,10
28,0,9,4,4,0.36153388023376465,0.3359375,1.0,1.0,0.6073399549441785,mps_unbounded,10
28,0,9,8,8,0.4028306007385254,0.9912109375,0.99951171875,1.0,0.099778870909633,mps_unbounded,10
28,0,9,16,16,0.5177702903747559,0.99951171875,0.99951171875,1.0,0.07443715344380308,mps_unbounded,10
28,0,9,32,32,0.4324026107788086,1.0,0.99951171875,1.0,0.08076563905027534,mps_unbounded,10
28,0,9,64,64,0.39974331855773926,1.0,0.99951171875,1.0,0.08076563905027534,mps_unbounded,10
28,0,9,0,None,0.396975040435791,1.0,0.99951171875,1.0,0.08076563905027534,mps_unbounded,10
28,1,9,2,2,0.3159050941467285,0.0,1.0,0.99951171875,0.10918868810622762,mps_unbounded,389
28,1,9,4,4,0.3431234359741211,0.14013671875,0.99951171875,0.99951171875,2.2666877741313964,mps_unbounded,389
28,1,9,8,8,0.40585994720458984,0.50537109375,0.99951171875,0.99951171875,2.0744432799103265,mps_unbounded,389
28,1,9,16,16,0.6285829544067383,0.8642578125,0.9990234375,0.99951171875,0.45123913495886825,mps_unbounded,389
28,1,9,32,32,1.5359137058258057,0.998046875,0.99755859375,0.99951171875,0.12101682731652197,mps_unbounded,389
28,1,9,64,64,3.0656933784484863,0.9951171875,0.99853515625,0.99951171875,0.04930979663413382,mps_unbounded,389
28,1,9,0,None,48.7542667388916,1.0,0.998046875,0.99951171875,0.059289062699314776,mps_unbounded,389
