instance,n,seed,role,sampler,kind,topo,param,t,oracle_gap,oracle_note
f12s0,12,0,tune,ctrw0,,complete,0.0,5.8887494080177145,0.04166666666666552,per-instance best grid point (optimistic)
f12s0,12,0,tune,ctrwT,indicator,complete,4.0,20.0,0.7035769649084389,per-instance best grid point (optimistic)
f12s0,12,0,tune,ctrwT,surrogate,complete,2.0,0.7673818741681168,0.06072529601096177,per-instance best grid point (optimistic)
f12s0,12,0,tune,ctrwT,violation,complete,32.0,20.0,0.5727469023510953,per-instance best grid point (optimistic)
f12s0,12,0,tune,indep,,,0.0,0.0,0.041666666666665186,per-instance best grid point (optimistic)
f12s0,12,0,tune,multi,,,10.0,0.0,0.040874465334219456,per-instance best grid point (optimistic)
f12s0,12,0,tune,qe,indicator,complete,32.0,13.305392433761932,0.430154555199584,per-instance best grid point (optimistic)
f12s0,12,0,tune,qe,surrogate,ring,1.0,3.9176060908879475,0.05490564096479089,per-instance best grid point (optimistic)
f12s0,12,0,tune,qe,violation,complete,32.0,13.305392433761932,0.11279537816067808,per-instance best grid point (optimistic)
f12s0,12,0,tune,swap,,,0.0,0.0,0.0,per-instance best grid point (optimistic)
f12s1,12,1,tune,ctrw0,,complete,0.0,20.0,0.026515151515150825,per-instance best grid point (optimistic)
f12s1,12,1,tune,ctrwT,indicator,complete,4.0,20.0,0.5979106891714862,per-instance best grid point (optimistic)
f12s1,12,1,tune,ctrwT,surrogate,ring,2.0,20.0,0.038244569551568186,per-instance best grid point (optimistic)
f12s1,12,1,tune,ctrwT,violation,complete,32.0,20.0,0.4065482761182698,per-instance best grid point (optimistic)
f12s1,12,1,tune,indep,,,0.0,0.0,0.02651515151515016,per-instance best grid point (optimistic)
f12s1,12,1,tune,multi,,,10.0,0.0,0.025705807454022622,per-instance best grid point (optimistic)
f12s1,12,1,tune,qe,indicator,complete,32.0,5.8887494080177145,0.3489970245464087,per-instance best grid point (optimistic)
f12s1,12,1,tune,qe,surrogate,ring,4.0,20.0,0.029286865494657754,per-instance best grid point (optimistic)
f12s1,12,1,tune,qe,violation,complete,32.0,3.9176060908879475,0.06583106080771073,per-instance best grid point (optimistic)
f12s1,12,1,tune,swap,,,0.0,0.0,0.0,per-instance best grid point (optimistic)
f12s2,12,2,tune,ctrw0,,complete,0.0,3.9176060908879475,0.026515151515150714,per-instance best grid point (optimistic)
f12s2,12,2,tune,ctrwT,indicator,complete,4.0,20.0,0.5979090121019583,per-instance best grid point (optimistic)
f12s2,12,2,tune,ctrwT,surrogate,complete,2.0,5.8887494080177145,0.03881717881808111,per-instance best grid point (optimistic)
f12s2,12,2,tune,ctrwT,violation,complete,32.0,20.0,0.38026779563149715,per-instance best grid point (optimistic)
f12s2,12,2,tune,indep,,,0.0,0.0,0.02651515151515016,per-instance best grid point (optimistic)
f12s2,12,2,tune,multi,,,10.0,0.0,0.02580390886820738,per-instance best grid point (optimistic)
f12s2,12,2,tune,qe,indicator,complete,16.0,3.9176060908879475,0.2324164018168302,per-instance best grid point (optimistic)
f12s2,12,2,tune,qe,surrogate,ring,8.0,8.851673390820459,0.02912919269746639,per-instance best grid point (optimistic)
f12s2,12,2,tune,qe,violation,complete,32.0,13.305392433761932,0.06341710313492577,per-instance best grid point (optimistic)
f12s2,12,2,tune,swap,,,0.0,0.0,0.0,per-instance best grid point (optimistic)
f12s3,12,3,tune,ctrw0,,complete,0.0,5.8887494080177145,0.03156565656565602,per-instance best grid point (optimistic)
f12s3,12,3,tune,ctrwT,indicator,complete,4.0,20.0,0.6402198746839713,per-instance best grid point (optimistic)
f12s3,12,3,tune,ctrwT,surrogate,complete,1.0,3.9176060908879475,0.04237041561631927,per-instance best grid point (optimistic)
f12s3,12,3,tune,ctrwT,violation,complete,32.0,20.0,0.5148395800502641,per-instance best grid point (optimistic)
f12s3,12,3,tune,indep,,,0.0,0.0,0.03156565656565591,per-instance best grid point (optimistic)
f12s3,12,3,tune,multi,,,10.0,0.0,0.030816187475232182,per-instance best grid point (optimistic)
f12s3,12,3,tune,qe,indicator,complete,32.0,2.6062643220080064,0.41122321505602577,per-instance best grid point (optimistic)
f12s3,12,3,tune,qe,surrogate,ring,0.5,3.9176060908879475,0.05286856005938534,per-instance best grid point (optimistic)
f12s3,12,3,tune,qe,violation,complete,32.0,20.0,0.09752688704017132,per-instance best grid point (optimistic)
f12s3,12,3,tune,swap,,,0.0,0.0,0.0,per-instance best grid point (optimistic)
f12s4,12,4,tune,ctrw0,,complete,0.0,3.9176060908879475,0.026515151515150603,per-instance best grid point (optimistic)
f12s4,12,4,tune,ctrwT,indicator,complete,4.0,20.0,0.597911985898632,per-instance best grid point (optimistic)
f12s4,12,4,tune,ctrwT,surrogate,complete,1.0,3.9176060908879475,0.03541771993560727,per-instance best grid point (optimistic)
f12s4,12,4,tune,ctrwT,violation,complete,32.0,20.0,0.36541691725455283,per-instance best grid point (optimistic)
f12s4,12,4,tune,indep,,,0.0,0.0,0.02651515151515016,per-instance best grid point (optimistic)
f12s4,12,4,tune,multi,,,10.0,0.0,0.02584440677201094,per-instance best grid point (optimistic)
f12s4,12,4,tune,qe,indicator,complete,16.0,3.9176060908879475,0.2791071875075469,per-instance best grid point (optimistic)
f12s4,12,4,tune,qe,surrogate,ring,0.5,3.9176060908879475,0.035392419519210905,per-instance best grid point (optimistic)
f12s4,12,4,tune,qe,violation,complete,32.0,8.851673390820459,0.0780868951379885,per-instance best grid point (optimistic)
f12s4,12,4,tune,swap,,,0.0,0.0,0.0,per-instance best grid point (optimistic)
f12s5,12,5,heldout,ctrw0,,complete,0.0,8.851673390820459,0.0303030303030295,per-instance best grid point (optimistic)
f12s5,12,5,heldout,ctrwT,indicator,complete,4.0,20.0,0.6304583856774179,per-instance best grid point (optimistic)
f12s5,12,5,heldout,ctrwT,surrogate,ring,1.0,20.0,0.04052141133750653,per-instance best grid point (optimistic)
f12s5,12,5,heldout,ctrwT,violation,complete,32.0,20.0,0.5025952962391209,per-instance best grid point (optimistic)
f12s5,12,5,heldout,indep,,,0.0,0.0,0.03030303030302839,per-instance best grid point (optimistic)
f12s5,12,5,heldout,multi,,,10.0,0.0,0.02961182496784842,per-instance best grid point (optimistic)
f12s5,12,5,heldout,qe,indicator,complete,32.0,13.305392433761932,0.31297464940480957,per-instance best grid point (optimistic)
f12s5,12,5,heldout,qe,surrogate,ring,0.5,3.9176060908879475,0.04410572196745277,per-instance best grid point (optimistic)
f12s5,12,5,heldout,qe,violation,complete,32.0,13.305392433761932,0.07479913424832607,per-instance best grid point (optimistic)
f12s5,12,5,heldout,swap,,,0.0,0.0,0.0,per-instance best grid point (optimistic)
f12s6,12,6,heldout,ctrw0,,complete,0.0,2.6062643220080064,0.030303030303029832,per-instance best grid point (optimistic)
f12s6,12,6,heldout,ctrwT,indicator,complete,4.0,20.0,0.6304714673190697,per-instance best grid point (optimistic)
f12s6,12,6,heldout,ctrwT,surrogate,complete,4.0,0.3396306858085926,0.05404359277842774,per-instance best grid point (optimistic)
f12s6,12,6,heldout,ctrwT,violation,complete,32.0,5.8887494080177145,0.4718751608839684,per-instance best grid point (optimistic)
f12s6,12,6,heldout,indep,,,0.0,0.0,0.03030303030302839,per-instance best grid point (optimistic)
f12s6,12,6,heldout,multi,,,10.0,0.0,0.030288700202154795,per-instance best grid point (optimistic)
f12s6,12,6,heldout,qe,indicator,complete,32.0,8.851673390820459,0.5226159904072831,per-instance best grid point (optimistic)
f12s6,12,6,heldout,qe,surrogate,ring,16.0,20.0,0.04161094246408048,per-instance best grid point (optimistic)
f12s6,12,6,heldout,qe,violation,complete,32.0,13.305392433761932,0.06778734663961661,per-instance best grid point (optimistic)
f12s6,12,6,heldout,swap,,,0.0,0.0,0.0,per-instance best grid point (optimistic)
f12s7,12,7,heldout,ctrw0,,complete,0.0,20.0,0.01767676767676729,per-instance best grid point (optimistic)
f12s7,12,7,heldout,ctrwT,indicator,complete,4.0,20.0,0.49557021605846474,per-instance best grid point (optimistic)
f12s7,12,7,heldout,ctrwT,surrogate,complete,4.0,5.8887494080177145,0.029523754946898406,per-instance best grid point (optimistic)
f12s7,12,7,heldout,ctrwT,violation,complete,32.0,20.0,0.39102049129653427,per-instance best grid point (optimistic)
f12s7,12,7,heldout,indep,,,0.0,0.0,0.017676767676766403,per-instance best grid point (optimistic)
f12s7,12,7,heldout,multi,,,10.0,0.0,0.017065647795448502,per-instance best grid point (optimistic)
f12s7,12,7,heldout,qe,indicator,complete,32.0,5.8887494080177145,0.3298233760319653,per-instance best grid point (optimistic)
f12s7,12,7,heldout,qe,surrogate,complete,8.0,20.0,0.028391859583993484,per-instance best grid point (optimistic)
f12s7,12,7,heldout,qe,violation,complete,32.0,3.9176060908879475,0.07358975966663872,per-instance best grid point (optimistic)
f12s7,12,7,heldout,swap,,,0.0,0.0,0.0,per-instance best grid point (optimistic)
f12s8,12,8,heldout,ctrw0,,complete,0.0,13.305392433761932,0.027777777777777346,per-instance best grid point (optimistic)
f12s8,12,8,heldout,ctrwT,indicator,complete,4.0,20.0,0.6093292338030657,per-instance best grid point (optimistic)
f12s8,12,8,heldout,ctrwT,surrogate,complete,2.0,0.7673818741681168,0.03877789669775844,per-instance best grid point (optimistic)
f12s8,12,8,heldout,ctrwT,violation,complete,32.0,20.0,0.3559007739713861,per-instance best grid point (optimistic)
f12s8,12,8,heldout,indep,,,0.0,0.0,0.027777777777777124,per-instance best grid point (optimistic)
f12s8,12,8,heldout,multi,,,10.0,0.0,0.0265158936513038,per-instance best grid point (optimistic)
f12s8,12,8,heldout,qe,indicator,complete,16.0,1.733868479521449,0.2953574319214056,per-instance best grid point (optimistic)
f12s8,12,8,heldout,qe,surrogate,complete,16.0,5.8887494080177145,0.06143411279824962,per-instance best grid point (optimistic)
f12s8,12,8,heldout,qe,violation,complete,32.0,5.8887494080177145,0.08854867367208608,per-instance best grid point (optimistic)
f12s8,12,8,heldout,swap,,,0.0,0.0,0.0,per-instance best grid point (optimistic)
f12s9,12,9,heldout,ctrw0,,complete,0.0,5.8887494080177145,0.02904040404040331,per-instance best grid point (optimistic)
f12s9,12,9,heldout,ctrwT,indicator,complete,4.0,20.0,0.6201860673220628,per-instance best grid point (optimistic)
f12s9,12,9,heldout,ctrwT,surrogate,complete,2.0,20.0,0.04047391285778279,per-instance best grid point (optimistic)
f12s9,12,9,heldout,ctrwT,violation,complete,32.0,20.0,0.5045845174069752,per-instance best grid point (optimistic)
f12s9,12,9,heldout,indep,,,0.0,0.0,0.029040404040402534,per-instance best grid point (optimistic)
f12s9,12,9,heldout,multi,,,10.0,0.0,0.028323606762713838,per-instance best grid point (optimistic)
f12s9,12,9,heldout,qe,indicator,complete,32.0,1.733868479521449,0.3222302303281861,per-instance best grid point (optimistic)
f12s9,12,9,heldout,qe,surrogate,ring,0.5,3.9176060908879475,0.044098194441851035,per-instance best grid point (optimistic)
f12s9,12,9,heldout,qe,violation,complete,32.0,2.6062643220080064,0.08415907668916023,per-instance best grid point (optimistic)
f12s9,12,9,heldout,swap,,,0.0,0.0,0.0,per-instance best grid point (optimistic)
