instance,tuning,kind,qe,ctrwT,best_blind,r_ctrw,r_blind,ctrw_over_blind,n,role,seed,has_islands,r_ctrw_x10,r_ctrw_ub
f12s0,step,surrogate,0.05470236324083744,0.06072529601096177,0.041666666666665186,0.9008167408679719,1.3128567177801451,1.4574071042631342,12,tune,0.0,True,,
f12s1,step,surrogate,0.009470368722875322,0.037710103278448925,0.02651515151515016,0.2511361120638345,0.35716819183417325,1.422209609358718,12,tune,1.0,True,,
f12s2,step,surrogate,0.010469622511688148,0.03861241532549853,0.02651515151515016,0.27114653210451484,0.39485433472654463,1.4562396637045905,12,tune,2.0,True,,
f12s3,step,surrogate,0.05286856005938534,0.041979985257700414,0.03156565656565591,1.2593753841227857,1.6748759826813624,1.3299259329639768,12,tune,3.0,True,,
f12s4,step,surrogate,0.035392419519210905,0.03482012136864743,0.02651515151515016,1.016435845943914,1.334799821867451,1.3132160059033415,12,tune,4.0,True,,
f12s5,step,surrogate,0.04410572196745277,0.03962469177046557,0.03030303030302839,1.1130868152349176,1.4554888249260334,1.3076148284254465,12,heldout,5.0,True,,
f12s6,step,surrogate,0.011434579853994209,0.05158956531370007,0.03030303030302839,0.2216452064378541,0.3773411351818327,1.7024556553522099,12,heldout,6.0,False,,
f12s7,step,surrogate,0.025747698294785293,0.0293760185272941,0.017676767676766403,0.8764869980886746,1.4565840749622443,1.6618433338299003,12,heldout,7.0,True,,
f12s8,step,surrogate,0.009743598384553187,0.03877789669775844,0.027777777777777124,0.2512668095563939,0.350769541843923,1.3960042811193367,12,heldout,8.0,True,,
f12s9,step,surrogate,0.044098194441851035,0.040455523250166436,0.029040404040402534,1.090041381226471,1.51851173904121,1.3930771484405862,12,heldout,9.0,False,,
f14s0,step,surrogate,0.01307237291497576,0.04685856680332201,0.031968031968029886,0.27897509050680147,0.4089201652466121,1.465794542816512,14,heldout,0.0,True,,
f14s1,step,surrogate,0.01062648153323753,0.03075351286630368,0.01948051948051821,0.34553716121584477,0.5454927187062288,1.578680327137025,14,heldout,1.0,True,,
f14s2,step,surrogate,0.0076733117351974744,0.029883392738219272,0.020479520479519175,0.2567751192917167,0.3746821974113737,1.4591842015102146,14,heldout,2.0,True,,
f14s3,step,surrogate,0.014502440666378735,0.04565863341532406,0.030469530469528383,0.31762756748456233,0.47596534777200356,1.4985013786472954,14,heldout,3.0,True,,
f14s4,step,surrogate,0.01596200216958632,0.05335216638022933,0.035464535464533986,0.29918189368035386,0.4500834977959598,1.5043808041299094,14,heldout,4.0,True,,
f14s5,step,surrogate,0.009472560946767072,0.033342946952150565,0.0229770229770202,0.28409489300273466,0.41226232642239063,1.4511430390915978,14,heldout,5.0,True,,
f14s6,step,surrogate,0.011863237962590478,0.05768703074731418,0.031968031968029886,0.2056482680579432,0.3710969125173076,1.8045224305645393,14,heldout,6.0,False,,
f14s7,step,surrogate,0.009698279868902482,0.032535060649826586,0.02097902097901938,0.2980870382657232,0.46228467375105353,1.5508378909751854,14,heldout,7.0,True,,
f14s8,step,surrogate,0.012313640523898606,0.036844877843440926,0.023476523476522293,0.33420223500864893,0.5245086878477926,1.569435009416435,14,heldout,8.0,True,,
f14s9,step,surrogate,0.017117578612453554,0.047541913752744414,0.031968031968029886,0.3600523677165903,0.5354592559708476,1.487170489578133,14,heldout,9.0,True,,
f16s0,step,surrogate,0.020808221952507866,0.04596782514038111,0.03113553113552925,0.45266927223469133,0.668311128592352,1.4763783839205653,16,heldout,0.0,True,,
f16s1,step,surrogate,0.011886179897112825,0.029573681659317175,0.01991758241758068,0.40191748981541126,0.5967682044895787,1.4848027757230882,16,heldout,1.0,True,,
f16s2,step,surrogate,0.009863065603798571,0.03649620819421817,0.021291208791207383,0.27024905029342483,0.46324591997198933,1.7141444880898442,16,heldout,2.0,True,,
f16s3,step,surrogate,0.019543505550717266,0.042336301922816344,0.02884615384615208,0.46162524035158264,0.6775081924249068,1.4676584666577233,16,heldout,3.0,True,,
f16s4,step,surrogate,0.016993273947429777,0.03920096615050572,0.025183150183148095,0.4334912022878944,0.674787460021631,1.5566347285947564,16,heldout,4.0,True,,
f16s5,step,surrogate,0.01156805982901321,0.02861516495065064,0.01968864468864273,0.40426325862399687,0.587549829455055,1.4533841919122608,16,heldout,5.0,True,,
f16s6,step,surrogate,0.01787050424191161,0.05457029351843368,0.03113553113552925,0.32747678434009175,0.5739585480049606,1.7526694271215644,16,heldout,6.0,False,,
f16s7,step,surrogate,0.00832055344140703,0.025748384528336832,0.016025641025639525,0.32314856228164623,0.5192025347438473,1.6066991945683686,16,heldout,7.0,True,,
f16s8,step,surrogate,0.013494336752525093,0.03390322454181438,0.02243589743589569,0.39802517120110265,0.6014618666840224,1.5111151510067014,16,heldout,8.0,True,,
f16s9,step,surrogate,0.017465397422613438,0.04124581253771764,0.026785714285712525,0.42344655973602247,0.6520415037776112,1.539843668074893,16,heldout,9.0,True,,
island_instance,step,surrogate,0.0060997746675870435,0.021530731137320736,0.013055550445525643,0.28330550545094463,0.4672169659209994,1.6491630304794755,16,extra,,True,,
p0_instance,step,surrogate,0.15601797539727846,0.036490223588927284,0.24242424242424043,4.275610288247757,0.6435741485137789,0.1505221723043263,12,extra,,False,,
f12s0,step,indicator,0.41247860471097586,0.6945699294349272,0.041666666666665186,0.5938618809002443,9.899486513063772,16.669678306438847,12,tune,0.0,True,,
f12s1,step,indicator,0.3489970245464087,0.5904436199720923,0.02651515151515016,0.5910759516089009,13.162173497179515,22.268159381805763,12,tune,1.0,True,,
f12s2,step,indicator,0.18075040240498075,0.5900084605311018,0.02651515151515016,0.306352221190653,6.816872319273908,22.251747654316976,12,tune,2.0,True,,
f12s3,step,indicator,0.344857458190023,0.6327026304588976,0.03156565656565591,0.545054566850621,10.925084275460156,20.044019332938294,12,tune,3.0,True,,
f12s4,step,indicator,0.21832769749143444,0.5906870535959503,0.02651515151515016,0.36961652733424877,8.23407316253452,22.27734030704841,12,tune,4.0,True,,
f12s5,step,indicator,0.2623251831559934,0.622459350256398,0.03030303030302839,0.4214334366540381,8.656731044148328,20.54115855846243,12,heldout,5.0,True,,
f12s6,step,indicator,0.4568906557889352,0.6254870216014663,0.03030303030302839,0.7304558528155145,15.077391641035813,20.64107171284969,12,heldout,6.0,False,,
f12s7,step,indicator,0.3298233760319653,0.4888935050492317,0.017676767676766403,0.6746323537244621,18.658579558381096,27.657403999929958,12,heldout,7.0,True,,
f12s8,step,indicator,0.10516169228388639,0.598274898927832,0.027777777777777124,0.1757748694995337,3.785820922219999,21.53789636140246,12,heldout,8.0,True,,
f12s9,step,indicator,0.2570910147264256,0.6128542473837242,0.029040404040402534,0.41949781016277127,8.852873202753896,21.103502779475424,12,heldout,9.0,False,,
f14s0,step,indicator,0.5020014925024379,0.6414097515124078,0.031968031968029886,0.7826533527417487,15.703234187342908,20.06409878949881,14,heldout,0.0,True,,
f14s1,step,indicator,0.3776210972057895,0.5186418625908643,0.01948051948051821,0.7280960609685293,19.384549656565127,26.623615612999437,14,heldout,1.0,True,,
f14s2,step,indicator,0.26014580635034135,0.5310095493636726,0.020479520479519175,0.4899079624125088,12.702729373497965,25.92880775185708,14,heldout,2.0,True,,
f14s3,step,indicator,0.41955713638971004,0.6298219176485953,0.030469530469528383,0.666152010009596,13.769727656594377,20.67054883823892,14,heldout,3.0,True,,
f14s4,step,indicator,0.42803206593172616,0.6646329346301436,0.035464535464533986,0.6440127228571939,12.069298535145796,18.74077655112117,14,heldout,4.0,True,,
f14s5,step,indicator,0.4013862211428145,0.5604010681759115,0.0229770229770202,0.716248137158829,17.46902640713069,24.389629097571966,14,heldout,5.0,True,,
f14s6,step,indicator,0.4114470621657057,0.641761852187593,0.031968031968029886,0.6411210961873064,12.87057841337182,20.07511293874445,14,heldout,6.0,False,,
f14s7,step,indicator,0.3850473067135163,0.537194012608062,0.02097902097901938,0.7167751271912401,18.35392162001234,25.606247934319573,14,heldout,7.0,True,,
f14s8,step,indicator,0.36507523572931355,0.5653199471405013,0.023476523476522293,0.6457851656852645,15.55065153042814,24.080224131390224,14,heldout,8.0,True,,
f14s9,step,indicator,0.47085494005118067,0.6418532357996718,0.031968031968029886,0.7335866110646808,14.728931093476955,20.07797153235979,14,heldout,9.0,True,,
f16s0,step,indicator,0.5366865603577017,0.6363850866690528,0.03113553113552925,0.843336167990375,17.237109526783698,20.4391916071367,16,heldout,0.0,True,,
f16s1,step,indicator,0.5250909320823837,0.5255306282158139,0.01991758241758068,0.9991633291956303,26.36318610731094,26.385261885596265,16,heldout,1.0,True,,
f16s2,step,indicator,0.36985942433329466,0.5423462914959853,0.021291208791207383,0.6819617468261651,17.371461994493956,25.472780658651835,16,heldout,2.0,True,,
f16s3,step,indicator,0.5092921540257093,0.6180577190970561,0.02884615384615208,0.8240203759120645,17.655461339559004,21.426000928699256,16,heldout,3.0,True,,
f16s4,step,indicator,0.49037492103629,0.5845327577624504,0.025183150183148095,0.8389177758204863,19.47234231896993,23.211264417332682,16,heldout,4.0,True,,
f16s5,step,indicator,0.4896408834670969,0.5226846915830464,0.01968864468864273,0.9367806085617884,24.869202081215022,26.54752014924388,16,heldout,5.0,True,,
f16s6,step,indicator,0.5241405211171412,0.6365811929166172,0.03113553113552925,0.8233679017686529,16.8341602664692,20.445490078382004,16,heldout,6.0,False,,
f16s7,step,indicator,0.4478133353786875,0.4703078444392663,0.016025641025639525,0.9521706700695194,27.943552127632717,29.347209493012965,16,heldout,7.0,True,,
f16s8,step,indicator,0.43290167295470994,0.5557529485665311,0.02243589743589569,0.7789462459377051,19.295045994554286,24.770702850395885,16,heldout,8.0,True,,
f16s9,step,indicator,0.5265070744028842,0.5999502230768554,0.026785714285712525,0.8775845964398234,19.656264111042304,22.39814166153741,16,heldout,9.0,True,,
island_instance,step,indicator,0.4338722660668597,0.4099157053749941,0.013055550445525643,1.05844265144696,33.23278232328803,31.397810998882786,16,extra,,True,,
p0_instance,step,indicator,0.5603071504508376,0.9458622753920102,0.24242424242424043,0.5923770986834418,2.311266995609724,3.901681885992074,12,extra,,False,,
f12s0,step,violation,0.11164024324063593,0.5727469023510953,0.041666666666665186,0.1949207281302766,2.6793658377753573,13.745925656426774,12,tune,0.0,True,,
f12s1,step,violation,0.06213621247495471,0.4065482761182698,0.02651515151515016,0.1528384600919536,2.343422870484126,15.332677842175531,12,tune,1.0,True,,
f12s2,step,violation,0.039734983362819776,0.38026779563149715,0.02651515151515016,0.10449210745504575,1.498576515397851,14.341528292388626,12,tune,2.0,True,,
f12s3,step,violation,0.07841475806108988,0.5148395800502641,0.03156565656565591,0.15230910967147127,2.4841795353753793,16.310117895992708,12,tune,3.0,True,,
f12s4,step,violation,0.0780868951379885,0.36541691725455283,0.02651515151515016,0.2136926109624871,2.944991473775717,13.781438022172411,12,tune,4.0,True,,
f12s5,step,violation,0.06214970058836378,0.5025952962391209,0.03030303030302839,0.12365754525246227,2.050940119416134,16.58564477589204,12,heldout,5.0,True,,
f12s6,step,violation,0.05910747228426194,0.462665989044977,0.03030303030302839,0.12775408974035465,1.9505465853807673,15.267977638485206,12,heldout,6.0,False,,
f12s7,step,violation,0.052784976563082675,0.39102049129653427,0.017676767676766403,0.134992865432857,2.986121531283178,22.12058779334839,12,heldout,7.0,True,,
f12s8,step,violation,0.07764215653880768,0.3559007739713861,0.027777777777777124,0.218156751030415,2.7951176353971423,12.812427862970202,12,heldout,8.0,True,,
f12s9,step,violation,0.07894499577737502,0.5045845174069752,0.029040404040402534,0.1564554461224214,2.718453767638446,17.3752581646237,12,heldout,9.0,False,,
f14s0,step,violation,0.09562578827472112,0.5039878971215812,0.031968031968029886,0.1897382632020874,2.9912941894688148,15.765371406835488,14,heldout,0.0,True,,
f14s1,step,violation,0.05298449880262068,0.34478345073964123,0.01948051948051821,0.1536747157932219,2.7198709385347057,17.698883804636072,14,heldout,1.0,True,,
f14s2,step,violation,0.05361652307579101,0.39177594279814587,0.020479520479519175,0.13685506744709888,2.618055590188791,19.130132621510683,14,heldout,2.0,True,,
f14s3,step,violation,0.09229076015109805,0.48924295571308773,0.030469530469528383,0.18863993660691797,3.028952488893622,16.056793398978176,14,heldout,3.0,True,,
f14s4,step,violation,0.07635361924071604,0.5415193583645392,0.035464535464533986,0.14099887300670869,2.1529569819707026,15.269320499237363,14,heldout,4.0,True,,
f14s5,step,violation,0.07149389484891677,0.43585197903029893,0.0229770229770202,0.16403251169807528,3.111538641033667,18.969036130842692,14,heldout,5.0,True,,
f14s6,step,violation,0.06461532118272917,0.4948588771927228,0.031968031968029886,0.1305732283702465,2.0212480157473784,15.479804252185868,14,heldout,6.0,False,,
f14s7,step,violation,0.08661964427407876,0.523638844535741,0.02097902097901938,0.16541867582584682,4.128869710398068,24.960118256205558,14,heldout,7.0,True,,
f14s8,step,violation,0.058181870294416016,0.3880244030038268,0.023476523476522293,0.1499438433356528,2.4783000921154623,16.528188400291498,14,heldout,8.0,True,,
f14s9,step,violation,0.10761955492206543,0.527129540769563,0.031968031968029886,0.20416149465831548,3.3664742024060783,16.489270947198964,14,heldout,9.0,True,,
f16s0,step,violation,0.08139503528214198,0.49442242712106077,0.03113553113552925,0.16462650320312466,2.6142170155324833,15.87968501224209,16,heldout,0.0,True,,
f16s1,step,violation,0.056256548994142896,0.3769803574382954,0.01991758241758068,0.14922939056141948,2.8244667357061792,18.927013807938135,16,heldout,1.0,True,,
f16s2,step,violation,0.048938674918763136,0.4192612095165099,0.021291208791207383,0.11672597847818783,2.298539054249156,19.691752292131575,16,heldout,2.0,True,,
f16s3,step,violation,0.0817684010309615,0.4751641260589605,0.02884615384615208,0.1720845420489831,2.8346379024068393,16.472356370044974,16,heldout,3.0,True,,
f16s4,step,violation,0.056944999756823655,0.4845293598398964,0.025183150183148095,0.11752641733751708,2.261234172162058,19.240220398007665,16,heldout,4.0,True,,
f16s5,step,violation,0.05874030887811643,0.39124229745330386,0.01968864468864273,0.15013793053683644,2.9834612695306753,19.871469247397687,16,heldout,5.0,True,,
f16s6,step,violation,0.09237002289433283,0.4886141787588141,0.03113553113552925,0.18904490886648584,2.9667077941358104,15.69313774131345,16,heldout,6.0,False,,
f16s7,step,violation,0.04930102957129212,0.42990851159347054,0.016025641025639525,0.1146779564530048,3.0763842452489163,26.826291123435073,16,heldout,7.0,True,,
f16s8,step,violation,0.05802294415250231,0.4034224423608054,0.02243589743589569,0.1438267633623834,2.586165510797447,17.981114573797296,16,heldout,8.0,True,,
f16s9,step,violation,0.07908842767901114,0.4678289305414952,0.026785714285712525,0.16905416171562782,2.9526346333499434,17.465613406883637,16,heldout,9.0,True,,
island_instance,step,violation,0.0440192278534246,0.4465930500487165,0.013055550445525643,0.09856675523415058,3.371686857409427,34.20714062667281,16,extra,,True,,
p0_instance,step,violation,0.5436646538734173,0.9529308979353337,0.24242424242424043,0.5705184447805686,2.2426166972278647,3.9308399539832837,12,extra,,False,,
f12s0,cost,surrogate,0.000133420398148384,0.009845245148580975,0.008913622794827028,0.013551759873405926,0.014968144964111987,1.1045166903735941,12,tune,0.0,True,0.013551759873405926,0.018210058758624713
f12s1,cost,surrogate,2.3098460299695906e-05,0.005360189741224444,0.005303030303030032,0.0043092616893855434,0.004355709656514308,1.0107786369166611,12,tune,1.0,True,0.0043092616893855434,0.005869304872276806
f12s2,cost,surrogate,2.553566466265402e-05,0.005270770320055196,0.005303030303030032,0.004844769001884075,0.004815296764957861,0.9939166889247449,12,tune,2.0,True,0.004844769001884075,0.006616446194568631
f12s3,cost,surrogate,0.00012894770746191546,0.007750925635504815,0.006771988400646338,0.016636426863811234,0.01904133613837973,1.1445568386923175,12,tune,3.0,True,0.016636426863811234,0.022317555462936987
f12s4,cost,surrogate,8.632297443709977e-05,0.005871980295110511,0.005303030303030032,0.014700828357509868,0.016278046608139647,1.1072877127923244,12,tune,4.0,True,0.014700828357509868,0.019902006614316757
f12s5,cost,surrogate,0.0001075749316279336,0.005737121962662697,0.006060606060605678,0.018750678881856334,0.017749863718610162,0.9466251238394048,12,heldout,5.0,True,0.018750678881856334,0.025314043268052613
f12s6,cost,surrogate,2.7889219156083438e-05,0.012638006164165952,0.009172109911919598,0.00220677366301348,0.0030406547047413875,1.3778733885147032,12,heldout,6.0,False,0.00220677366301348,0.0030056900295494897
f12s7,cost,surrogate,6.279926413362267e-05,0.0032932866717625057,0.0035353535353532806,0.01906887264691527,0.017763220426368836,0.9315296585843188,12,heldout,7.0,True,0.01906887264691527,0.025857327667243035
f12s8,cost,surrogate,2.376487410866631e-05,0.002855346927907584,0.005555555555555425,0.008322937530425194,0.004277677339560036,0.5139624470233772,12,heldout,8.0,True,0.008322937530425194,0.011181951121403435
f12s9,cost,surrogate,0.00010755657180939278,0.00614981707144136,0.005808080808080507,0.01748939367788126,0.018518435841965976,1.0588380696916977,12,heldout,9.0,False,0.01748939367788126,0.023668640911990016
f14s0,cost,surrogate,2.0554045463798365e-05,0.007521908062591749,0.006393606393605977,0.0027325573900615135,0.0032147811733224223,1.1764734329148174,14,heldout,0.0,True,0.0027325573900615135,0.0037797693627125008
f14s1,cost,surrogate,1.8227241051865406e-05,0.0049829680496804,0.003969204166434907,0.0036579084734517757,0.004592165151392779,1.2554073413049054,14,heldout,1.0,True,0.0036579084734517757,0.005110655542811713
f14s2,cost,surrogate,1.3161769700167194e-05,0.003677408613002229,0.004095904095903835,0.003579088180092653,0.0032133979194800487,0.8978258589306013,14,heldout,2.0,True,0.003579088180092653,0.004993676282319578
f14s3,cost,surrogate,2.2802579664117507e-05,0.007155198662227321,0.006093906093905676,0.003186854864630601,0.0037418659416038015,1.1741563706377114,14,heldout,3.0,True,0.003186854864630601,0.0044140817592004805
f14s4,cost,surrogate,2.5097487688028806e-05,0.007990089190300243,0.0070929070929067976,0.003141077288410809,0.003538392278270124,1.1264900393649122,14,heldout,4.0,True,0.003141077288410809,0.004382317351452685
f14s5,cost,surrogate,1.6247960457576453e-05,0.0049676847318138985,0.00459540459540404,0.003270731001410325,0.0035356974821817377,1.0810113949013724,14,heldout,5.0,True,0.003270731001410325,0.0045517216837748075
f14s6,cost,surrogate,2.034860713994936e-05,0.010899731246303787,0.009225502634371682,0.0018668907223606808,0.002205690892562976,1.1814783083681957,14,heldout,6.0,False,0.0018668907223606808,0.0025902823183556983
f14s7,cost,surrogate,1.5248867718400129e-05,0.004145885130927767,0.004195804195803876,0.0036780728932033226,0.0036343134728856414,0.9881026228711932,14,heldout,7.0,True,0.0036780728932033226,0.005116505017142389
f14s8,cost,surrogate,2.1121167279414418e-05,0.003347324768988901,0.004695304695304459,0.00630986496293705,0.004498359243977637,0.7129089561187358,14,heldout,8.0,True,0.00630986496293705,0.008769438442415968
f14s9,cost,surrogate,2.9361198306095292e-05,0.007793198523801698,0.006393606393605977,0.003767541429417127,0.004592274922563016,1.2189049566134387,14,heldout,9.0,True,0.003767541429417127,0.005259296125380558
f16s0,cost,surrogate,2.627300751579276e-05,0.006298914604374311,0.006227106227105849,0.004171037260538085,0.004219135912830505,1.0115315805848772,16,heldout,0.0,True,0.004171037260538085,0.0056322704124487375
f16s1,cost,surrogate,1.5007802900394982e-05,0.004840286933971918,0.004220225137513005,0.003100601907515356,0.0035561616765401147,1.1469262364576878,16,heldout,1.0,True,0.003100601907515356,0.004218312922431008
f16s2,cost,surrogate,1.2453365661361832e-05,0.004328403330854248,0.004258241758241477,0.0028771269009498827,0.002924532323055488,1.016476653181323,16,heldout,2.0,True,0.0028771269009498827,0.003918171673081037
f16s3,cost,surrogate,2.467614337211776e-05,0.00630964229590788,0.005769230769230416,0.003910862488689965,0.004277198184500674,1.0936713312907662,16,heldout,3.0,True,0.003910862488689965,0.0052845223936360325
f16s4,cost,surrogate,2.1456153974027497e-05,0.00509475510209872,0.005036630036629619,0.004211420086745465,0.004260021843570903,1.011540467544048,16,heldout,4.0,True,0.004211420086745465,0.00570464302350239
f16s5,cost,surrogate,1.4606136147743953e-05,0.004349768905103874,0.0039377289377285464,0.003357910837655214,0.0037092792263576702,1.1046389870636983,16,heldout,5.0,True,0.003357910837655214,0.004537626716534203
f16s6,cost,surrogate,2.256376798221163e-05,0.009287785023884328,0.008497664858557,0.0024294024812360517,0.0026552904071628935,1.0929808575036577,16,heldout,6.0,False,0.0024294024812360517,0.0033090927948177867
f16s7,cost,surrogate,1.0505749294705846e-05,0.0032207857345958706,0.003205128205127905,0.003261859111538837,0.0032777937799485313,1.0048851491940058,16,heldout,7.0,True,0.003261859111538837,0.004416264558958284
f16s8,cost,surrogate,1.7038303980460976e-05,0.0049382770283315286,0.004487179487179138,0.0034502527668476357,0.003797107744217313,1.100530309171112,16,heldout,8.0,True,0.0034502527668476357,0.004658948767306662
f16s9,cost,surrogate,2.2052269472996765e-05,0.0059641646749112095,0.005357142857142505,0.003697461534850237,0.004116423634959667,1.1133107393168322,16,heldout,9.0,True,0.003697461534850237,0.005024449496004077
island_instance,cost,surrogate,7.701735691397782e-06,0.004952241834857576,0.005043824456168282,0.0015552018556903291,0.0015269634695511739,0.9818426231708548,16,extra,,True,0.0015552018556903291,0.0020757547244249722
p0_instance,cost,surrogate,0.0004228129414560392,0.04718846301180684,0.13167508814360784,0.00896009139670959,0.0032110321505531086,0.3583704683785139,12,extra,,False,0.00896009139670959,0.012015429779273402
f12s0,cost,indicator,0.0003110048126139475,0.22010764173889763,0.008913622794827028,0.0014129669018165055,0.03489095508892719,24.69339872297893,12,tune,0.0,True,0.0008049970795209572,12676.508705701073
f12s1,cost,indicator,0.00021162187654811016,1.832257660142217e-06,0.005303030303030032,115.49788064833872,0.03990583957764567,0.0003455114444839786,12,tune,1.0,True,65.80158140522883,7717.3019383604305
f12s2,cost,indicator,0.00018179842016574245,0.13667074621449155,0.005303030303030032,0.0013301926359604956,0.03428198780268461,25.772197857591152,12,tune,2.0,True,0.0007578388324396449,12947.653503550422
f12s3,cost,indicator,0.00026018051376117026,0.22698104026965787,0.006771988400646338,0.0011462654037186135,0.038420106232954845,33.517635713610225,12,tune,3.0,True,0.0006530516045090109,10522.563081898941
f12s4,cost,indicator,0.0002054694440606384,0.1343895198437655,0.005303030303030032,0.0015289097267369275,0.03874566659429379,25.342023741968504,12,tune,4.0,True,0.0008710521550732296,15386.37086846366
f12s5,cost,indicator,0.00021689879885455744,0.260903219528768,0.006060606060605678,0.000831338146176619,0.03578830181100424,43.04903122224943,12,heldout,5.0,True,0.0004736308960289104,7422.708879599565
f12s6,cost,indicator,0.00029817717864350293,3.522655401273546e-07,0.009172109911919598,846.4557121758287,0.03250911529701659,3.84061621055771e-05,12,heldout,6.0,False,482.2436925941973,12927.666582099075
f12s7,cost,indicator,0.00013487418741078158,0.2338600846099698,0.0035353535353532806,0.0005767302600429817,0.038150127296195255,66.14899536111051,12,heldout,7.0,True,0.0003285754071161211,5309.081453105621
f12s8,cost,indicator,0.00016281637621335648,1.1039204407329731e-06,0.005555555555555425,147.48923038806205,0.029306947718404856,0.00019870567933193985,12,heldout,8.0,True,84.02772886650547,10324.172931710245
f12s9,cost,indicator,0.00023665022821606208,0.19387139602682646,0.005808080808080507,0.0012206557185120604,0.04074499581459367,33.379596881142284,12,heldout,9.0,False,0.0006954333376383452,10176.852804034303
f14s0,cost,indicator,0.00012155622474035014,2.914351183634238e-06,0.006393606393605977,41.709532270152756,0.019012153275796626,0.0004558227398153222,14,heldout,0.0,True,25.33756633233579,9240.053485087652
f14s1,cost,indicator,7.466682180850317e-05,0.12705275943462058,0.003969204166434907,0.0005876835901932975,0.018811534674863562,32.00963067332913,14,heldout,1.0,True,0.00035700405011742373,5595.237143085534
f14s2,cost,indicator,6.784202559072983e-05,1.4740200464105766e-06,0.004095904095903835,46.02517160871296,0.016563382345445094,0.00035987660157489783,14,heldout,2.0,True,27.959216397816284,6531.9354709062545
f14s3,cost,indicator,0.00011764791497351084,0.20250576236731332,0.006093906093905676,0.0005809608259942558,0.01930582998172007,33.23086362781878,14,heldout,3.0,True,0.0003529201279404358,5396.425508798372
f14s4,cost,indicator,0.00011963805798159699,0.14111772032762468,0.0070929070929067976,0.0008477890494818112,0.016867281132335713,19.895610992670168,14,heldout,4.0,True,0.0005150120394048386,8228.951547935232
f14s5,cost,indicator,9.052687252056195e-05,0.11772336014138361,0.00459540459540404,0.0007689796860354719,0.01969943465067249,25.617626848160704,14,heldout,5.0,True,0.0004671371924514549,6886.467210196136
f14s6,cost,indicator,0.00011228407954169412,9.445255901211143e-07,0.009225502634371682,118.87881145422031,0.01217105278614897,0.00010238201944705669,14,heldout,6.0,False,72.21610041611514,5267.22232700548
f14s7,cost,indicator,8.029245703287256e-05,0.1705964147949635,0.004195804195803876,0.00047065735308314945,0.01913636892616942,40.65881219280274,14,heldout,7.0,True,0.00028591334533088514,4470.911795999211
f14s8,cost,indicator,8.496912508368699e-05,9.345488206590762e-07,0.004695304695304459,90.91994254913705,0.018096615789101055,0.00019903901478293242,14,heldout,8.0,True,55.23174080087764,7395.929789279123
f14s9,cost,indicator,0.00011497659953730495,2.350609940662339e-06,0.006393606393605977,48.913517103951165,0.017983058771382773,0.00036765008603174295,14,heldout,9.0,True,29.71381880146566,5418.046204257674
f16s0,cost,indicator,0.000108619346181234,1.5500830314006487e-06,0.006227106227105849,70.07324380751785,0.017442989122046282,0.00024892509857200163,16,heldout,0.0,True,44.783652057436214,5823.812830529672
f16s1,cost,indicator,7.292089325546313e-05,6.194262652268675e-06,0.004220225137513005,11.772328257465082,0.01727891069300528,0.0014677564467375735,16,heldout,1.0,True,7.523668435222044,3755.2311446077147
f16s2,cost,indicator,7.03205729664196e-05,8.253351333815679e-07,0.004258241758241477,85.20244700877052,0.016513992619211885,0.00019382063777478102,16,heldout,2.0,True,54.452691697334544,4842.310008720971
f16s3,cost,indicator,0.00010191892832055765,4.015868094447375e-07,0.005769230769230416,253.79052778520793,0.01766594757556441,6.960838030375877e-05,16,heldout,3.0,True,162.19695384768926,5329.588624709936
f16s4,cost,indicator,7.658474218364093e-05,4.4581135085786684e-07,0.005036630036629619,171.78733120247,0.015205552448098698,8.851381729760564e-05,16,heldout,4.0,True,109.78889588127781,6928.727387795592
f16s5,cost,indicator,7.339799074494087e-05,0.14202217098004777,0.0039377289377285464,0.0005168065678650435,0.018639675789182186,36.06702574656455,16,heldout,5.0,True,0.0003302899117934489,4795.15525901256
f16s6,cost,indicator,9.933373922600778e-05,7.617574043315256e-07,0.008497664858557,130.40075312845477,0.01168953364005412,8.964314514762833e-05,16,heldout,6.0,False,83.33882718735832,7225.126639407326
f16s7,cost,indicator,5.4338898998152573e-05,4.987365900555953e-07,0.003205128205127905,108.95310286356832,0.01695373648742519,0.0001556058160973603,16,heldout,7.0,True,69.63168228122787,3994.93156270925
f16s8,cost,indicator,7.459050800114102e-05,3.1080074045009233e-06,0.004487179487179138,23.999462772553656,0.016623027497398433,0.000692641650145974,16,heldout,8.0,True,15.338002523812486,4311.819775720383
f16s9,cost,indicator,9.280584027585212e-05,8.489433711520727e-06,0.005357142857142505,10.931923545136868,0.017323756851493535,0.0015846942928173066,16,heldout,9.0,True,6.98656767922281,4689.566161205784
island_instance,cost,indicator,5.287258354805508e-05,2.4512281905338335e-06,0.005043824456168282,21.569833339971655,0.010482637531802919,0.0004859860234699752,16,extra,,True,13.785231833816473,4349.82436267762
p0_instance,cost,indicator,0.0017393252567626952,5.999891552756162e-08,0.13167508814360784,28989.278247266047,0.013209220371781696,4.5565882182759916e-07,12,extra,,False,16515.8039416695,74410.96897491092
f12s0,cost,violation,0.00015302874435561473,0.028786308279499767,0.008913622794827028,0.0053160253433607,0.017167962777651317,3.2294734634951956,12,tune,0.0,True,0.0013011250840393323,0.02917356571694724
f12s1,cost,violation,2.67322447120133e-05,0.015846565327810203,0.005303030303030032,0.0016869425114538282,0.005040937574265623,2.988209461815791,12,tune,1.0,True,0.000412888027278909,0.009335834804747582
f12s2,cost,violation,3.2882766415715764e-05,0.014002056154098332,0.005303030303030032,0.002348424120988198,0.006200750238392433,2.6403877319158204,12,tune,2.0,True,0.0005747891205215869,0.01208588578481546
f12s3,cost,violation,0.00014785460801209808,0.027239752940186032,0.006771988400646338,0.00542789827561073,0.02183326362431253,4.022415770467975,12,tune,3.0,True,0.0013285065709536753,0.03705175178390625
f12s4,cost,violation,9.434528292553297e-05,0.02017579263758469,0.005303030303030032,0.004676162400171622,0.01779082478024427,3.8045780402304508,12,tune,4.0,True,0.0011445152727692781,0.03505111007567219
f12s5,cost,violation,0.00011989487616443124,0.022100642157079766,0.006060606060605678,0.005424949886626885,0.019782654567132404,3.6466059559183917,12,heldout,5.0,True,0.0013277849372863007,0.03331484235118973
f12s6,cost,violation,3.357046414165264e-05,0.020695593898939005,0.009172109911919598,0.0016221068264860806,0.0036600590773586575,2.2563613059241785,12,heldout,6.0,False,0.00039701915333575395,0.007205954490901903
f12s7,cost,violation,7.287575004075191e-05,0.019761504910127764,0.0035353535353532806,0.0036877631725002443,0.020613426440099884,5.589682817436541,12,heldout,7.0,True,0.0009025993778846751,0.03206540416932709
f12s8,cost,violation,4.0217640506889915e-05,0.00882835395841616,0.005555555555555425,0.004555508387670618,0.007239175291240355,1.589103712514946,12,heldout,8.0,True,0.0011149845704088925,0.02011738863520159
f12s9,cost,violation,0.00010922805998833996,0.026095776069928328,0.005808080808080507,0.004185660533553159,0.018806222502341246,4.493011879866153,12,heldout,9.0,False,0.0010244623683521718,0.028686129282053042
f14s0,cost,violation,3.134354501979612e-05,0.019739743456878327,0.006393606393605977,0.0015878395323762145,0.004902326338252806,3.087419250052577,14,heldout,0.0,True,0.0003898288672300885,0.008230122582621522
f14s1,cost,violation,2.4357865083450655e-05,0.011669479790364345,0.003969204166434907,0.0020873137038690697,0.006136712565564146,2.9400049231646697,14,heldout,1.0,True,0.000512454262626538,0.012006388538578161
f14s2,cost,violation,1.745618397065881e-05,0.012766069713756394,0.004095904095903835,0.0013673890525482926,0.004261863452348922,3.116789215480723,14,heldout,2.0,True,0.00033570629433820356,0.008018681032763713
f14s3,cost,violation,3.774446536296626e-05,0.021070166316311208,0.006093906093905676,0.001791370072563065,0.0061938048898904615,3.45757975125065,14,heldout,3.0,True,0.0004397974429645849,0.01077959647552295
f14s4,cost,violation,4.545482233160767e-05,0.02098360302596439,0.0070929070929067976,0.0021662067413000252,0.0064084897399917145,2.958392482956511,14,heldout,4.0,True,0.0005318232119359342,0.013308434038590227
f14s5,cost,violation,2.4660766764799793e-05,0.01821371066993339,0.00459540459540404,0.0013539671960150874,0.005366397289471212,3.9634618218707667,14,heldout,5.0,True,0.00033241110800370414,0.00985112138649512
f14s6,cost,violation,3.293832632633843e-05,0.015391651256052661,0.009225502634371682,0.0021400125157712145,0.003570355744479363,1.66838077729311,14,heldout,6.0,False,0.0005253922942911365,0.008733432942626003
f14s7,cost,violation,2.4597722183286136e-05,0.02197900587445206,0.004195804195803876,0.0011191462581971472,0.005862457120350309,5.238329733411474,14,heldout,7.0,True,0.00027476045859929957,0.009153463835024682
f14s8,cost,violation,2.772466618793726e-05,0.009795640336791705,0.004695304695304459,0.002830306670591554,0.0059047640115162964,2.086262973857232,14,heldout,8.0,True,0.0006948657095464294,0.013469977933755636
f14s9,cost,violation,4.033055324894023e-05,0.022034782149982106,0.006393606393605977,0.0018303132281692644,0.006307950594092469,3.446377645645863,14,heldout,9.0,True,0.0004493583374547296,0.01080822893265914
f16s0,cost,violation,3.768995955899996e-05,0.015169251943405623,0.006227106227105849,0.002484628754246813,0.0060525640938868305,2.4360034003235214,16,heldout,0.0,True,0.000611400792929844,0.012461008824720362
f16s1,cost,violation,2.180085533494502e-05,0.010539595332107571,0.004220225137513005,0.002068471762718576,0.005165803866992828,2.4974012022303143,16,heldout,1.0,True,0.0005089956693600684,0.010957402628859622
f16s2,cost,violation,1.7211356107867026e-05,0.010849971246360878,0.004258241758241477,0.0015863043059805141,0.00404189266017033,2.5479932475326583,16,heldout,2.0,True,0.00039034713288525736,0.008558208222501576
f16s3,cost,violation,3.718707425770892e-05,0.015660653463939953,0.005769230769230416,0.0023745544426569086,0.006445759538003274,2.7145132670830914,16,heldout,3.0,True,0.0005843144440045796,0.013132351949773503
f16s4,cost,violation,3.1301585555510035e-05,0.014365980448124165,0.005036630036629619,0.002178868728698377,0.00621478753211269,2.8523001180641616,16,heldout,4.0,True,0.0005361614149153074,0.012564052323709175
f16s5,cost,violation,2.2154400841493957e-05,0.013411855587612983,0.0039377289377285464,0.00165185202724338,0.005626187376491583,3.405987512017403,16,heldout,5.0,True,0.0004064766768609364,0.010808124639139844
f16s6,cost,violation,3.371429580896509e-05,0.012444071161133803,0.008497664858557,0.002709265751731149,0.003967477697713081,1.4644106784939679,16,heldout,6.0,False,0.0006666779598500733,0.010806965816289338
f16s7,cost,violation,1.6503853871067688e-05,0.014782421604689682,0.003205128205127905,0.0011164513036099502,0.005149202407773601,4.612115540663613,16,heldout,7.0,True,0.00027472885481501393,0.00799535379117453
f16s8,cost,violation,2.575118987145601e-05,0.011121072793545246,0.004487179487179138,0.0023155310957412483,0.005738836599924928,2.4784105082759904,16,heldout,8.0,True,0.000569790374344705,0.011680685310222783
f16s9,cost,violation,3.1256001705438186e-05,0.015653591423211443,0.005357142857142505,0.0019967303898766127,0.005834453651682179,2.922003732332995,16,heldout,9.0,True,0.000491342033110999,0.011251463943191962
island_instance,cost,violation,1.2153252481978559e-05,0.010315487540315913,0.005043824456168282,0.001178155897574412,0.002409531217351526,2.045171799684804,16,extra,,True,0.0002899127077800909,0.005744031802670035
p0_instance,cost,violation,0.00045308354695945197,0.03102185909900046,0.13167508814360784,0.014605299621583625,0.0034409207796793633,0.23559398771897774,12,extra,,False,0.0035747236836043837,0.02777382976643037
