n,kind,tuning,subset,n_inst,r_ctrw_med,r_ctrw_q1,r_ctrw_q3,r_blind_med,r_blind_q1,r_blind_q3,r_ctrw_x10_med,r_ctrw_x10_q1,r_ctrw_x10_q3,r_ctrw_ub_med,r_ctrw_ub_q1,r_ctrw_ub_q3,ctrw_over_blind_med,ctrw_over_blind_q1,ctrw_over_blind_q3,qe_med,ctrwT_med,blind_med
12,indicator,cost,all,5,0.0012206557185120604,0.000831338146176619,147.48923038806205,0.03578830181100424,0.03250911529701659,0.038150127296195255,0.0006954333376383452,0.0004736308960289104,84.02772886650547,10176.852804034303,7422.708879599565,10324.172931710245,33.379596881142284,0.00019870567933193985,43.04903122224943,0.00021689879885455744,0.19387139602682646,0.005808080808080507
12,indicator,cost,islands,3,0.000831338146176619,0.0007040342031098003,73.74503086310412,0.03578830181100424,0.03254762476470455,0.03696921455359975,0.0004736308960289104,0.00040110315157251575,42.01410124870075,7422.708879599565,6365.895166352593,8873.440905654905,43.04903122224943,21.524614963964382,54.59901329167997,0.00016281637621335648,0.2338600846099698,0.005555555555555425
12,indicator,step,all,5,0.4214334366540381,0.41949781016277127,0.6746323537244621,8.852873202753896,8.656731044148328,15.077391641035813,,,,,,,21.103502779475424,20.64107171284969,21.53789636140246,0.2623251831559934,0.6128542473837242,0.029040404040402534
12,indicator,step,islands,3,0.4214334366540381,0.2986041530767859,0.5480328951892501,8.656731044148328,6.221275983184164,13.657655301264711,,,,,,,21.53789636140246,21.039527459932444,24.597650180666207,0.2623251831559934,0.598274898927832,0.027777777777777124
12,surrogate,cost,all,5,0.01748939367788126,0.008322937530425194,0.018750678881856334,0.017749863718610162,0.004277677339560036,0.017763220426368836,0.01748939367788126,0.008322937530425194,0.018750678881856334,0.023668640911990016,0.011181951121403435,0.025314043268052613,0.9466251238394048,0.9315296585843188,1.0588380696916977,6.279926413362267e-05,0.005737121962662697,0.005808080808080507
12,surrogate,cost,islands,3,0.018750678881856334,0.013536808206140765,0.0189097757643858,0.017749863718610162,0.0110137705290851,0.0177565420724895,0.018750678881856334,0.013536808206140765,0.0189097757643858,0.025314043268052613,0.018247997194728024,0.025585685467647824,0.9315296585843188,0.7227460528038481,0.9390773912118617,6.279926413362267e-05,0.0032932866717625057,0.005555555555555425
12,surrogate,step,all,5,0.8764869980886746,0.2512668095563939,1.090041381226471,1.4554888249260334,0.3773411351818327,1.4565840749622443,,,,,,,1.3960042811193367,1.3930771484405862,1.6618433338299003,0.025747698294785293,0.03962469177046557,0.029040404040402534
12,surrogate,step,islands,3,0.8764869980886746,0.5638769038225342,0.994786906661796,1.4554888249260334,0.9031291833849782,1.456036449944139,,,,,,,1.3960042811193367,1.3518095547723916,1.5289238074746185,0.025747698294785293,0.03877789669775844,0.027777777777777124
12,violation,cost,all,5,0.004185660533553159,0.0036877631725002443,0.004555508387670618,0.018806222502341246,0.007239175291240355,0.019782654567132404,0.0010244623683521718,0.0009025993778846751,0.0011149845704088925,0.028686129282053042,0.02011738863520159,0.03206540416932709,3.6466059559183917,2.2563613059241785,4.493011879866153,7.287575004075191e-05,0.020695593898939005,0.005808080808080507
12,violation,cost,islands,3,0.004555508387670618,0.0041216357800854305,0.004990229137148751,0.019782654567132404,0.01351091492918638,0.020198040503616142,0.0011149845704088925,0.0010087919741467838,0.0012213847538475966,0.03206540416932709,0.026091396402264343,0.032690123260258414,3.6466059559183917,2.617854834216669,4.618144386677466,7.287575004075191e-05,0.019761504910127764,0.005555555555555425
12,violation,step,all,5,0.134992865432857,0.12775408974035465,0.1564554461224214,2.718453767638446,2.050940119416134,2.7951176353971423,,,,,,,16.58564477589204,15.267977638485206,17.3752581646237,0.06214970058836378,0.462665989044977,0.029040404040402534
12,violation,step,islands,3,0.134992865432857,0.12932520534265962,0.17657480823163602,2.7951176353971423,2.4230288774066384,2.8906195833401602,,,,,,,16.58564477589204,14.69903631943112,19.353116284620214,0.06214970058836378,0.39102049129653427,0.027777777777777124
14,indicator,cost,all,10,20.85519002960112,0.0006330076141538412,48.19143073014161,0.01845407523198231,0.01714622554209748,0.01910531501357622,12.669040672187597,0.0003845373357009315,29.275168200553317,6063.586306995894,5401.830682663198,7268.564144508377,9.948033407704992,0.0003618199726891091,30.411629717037023,0.00010140547603112803,0.05886313724628362,0.005394605394605068
14,indicator,cost,islands,9,0.0008477890494818112,0.0005876835901932975,46.02517160871296,0.018811534674863562,0.017983058771382773,0.01913636892616942,0.0005150120394048386,0.00035700405011742373,27.959216397816284,6531.9354709062545,5418.046204257674,7395.929789279123,19.895610992670168,0.00036765008603174295,32.00963067332913,9.052687252056195e-05,0.11772336014138361,0.004695304695304459
14,indicator,step,all,10,0.6912000735842125,0.6444558335642115,0.725265827524207,15.139791311952548,13.095365724177459,17.027578352183745,,,,,,,22.37538648481457,20.075827587148286,25.302093225132673,0.4064166416542601,0.5975709323945483,0.026973026973025338
14,indicator,step,islands,9,0.716248137158829,0.6457851656852645,0.7280960609685293,15.55065153042814,13.769727656594377,17.46902640713069,,,,,,,24.080224131390224,20.07797153235979,25.606247934319573,0.4013862211428145,0.5653199471405013,0.023476523476522293
14,surrogate,cost,all,10,0.003424909590751489,0.003152521682465757,0.0036730317882654358,0.003586352875577883,0.0032950102505372512,0.004309235918384178,0.003424909590751489,0.003152521682465757,0.0036730317882654358,0.004772698983047193,0.004390258453389634,0.00511504264855972,1.1503232050013117,1.011329815878738,1.180227089504851,2.0451326301873865e-05,0.006069083355953861,0.005394605394605068
14,surrogate,cost,islands,9,0.003579088180092653,0.003186854864630601,0.0036780728932033226,0.0036343134728856414,0.0035356974821817377,0.004498359243977637,0.003579088180092653,0.003186854864630601,0.0036780728932033226,0.004993676282319578,0.0044140817592004805,0.005116505017142389,1.1264900393649122,0.9881026228711932,1.1764734329148174,2.0554045463798365e-05,0.0049829680496804,0.004695304695304459
14,surrogate,step,all,10,0.29863446597303855,0.28025504113078475,0.3300585681276273,0.45618408577350666,0.40975570554055674,0.5123728528288454,,,,,,,1.5014410913886023,1.4711385295069173,1.5647857298061227,0.012088439243244542,0.04125175562938249,0.026973026973025338
14,surrogate,step,islands,9,0.29918189368035386,0.28409489300273466,0.33420223500864893,0.46228467375105353,0.41226232642239063,0.5245086878477926,,,,,,,1.4985013786472954,1.465794542816512,1.5508378909751854,0.012313640523898606,0.036844877843440926,0.023476523476522293
14,violation,cost,all,10,0.0018108416503661647,0.001422501672505273,0.0021268378127956783,0.005883610565933303,0.005018344076057408,0.006179531808808883,0.0004445778902096572,0.0003492369375611748,0.0005221577863749868,0.010315358931009034,0.008838440665725672,0.011706848637098406,3.10210423276665,2.94460181311263,3.454779224849453,2.953410560386669e-05,0.01897672706340586,0.005394605394605068
14,violation,cost,islands,9,0.001791370072563065,0.0013673890525482926,0.0020873137038690697,0.0059047640115162964,0.005366397289471212,0.0061938048898904615,0.0004397974429645849,0.00033570629433820356,0.000512454262626538,0.01077959647552295,0.009153463835024682,0.012006388538578161,3.116789215480723,2.958392482956511,3.45757975125065,2.772466618793726e-05,0.019739743456878327,0.004695304695304459
14,violation,step,all,10,0.1588536137456486,0.14323511558894472,0.1828346214116502,2.85558256400176,2.5132389666337946,3.0908921029986556,,,,,,,16.50872967374523,15.83822690487116,18.651498049291035,0.07392375704481641,0.4920509164529053,0.026973026973025338
14,violation,step,islands,9,0.16403251169807528,0.1499438433356528,0.18863993660691797,2.9912941894688148,2.618055590188791,3.111538641033667,,,,,,,16.528188400291498,16.056793398978176,18.969036130842692,0.07635361924071604,0.48924295571308773,0.023476523476522293
16,indicator,cost,all,10,77.63784540814419,14.829111886237225,125.03884056223316,0.017116323590215234,0.01654125133875852,0.017413181054408096,49.61817187738538,9.477251957369655,79.9120409608257,4818.732633866766,4406.256372091733,5700.256779074738,0.0002213728681733913,0.00010613381288506133,0.0012739777475896737,7.558762509239097e-05,1.1877090823911083e-06,0.004761904761904379
16,indicator,cost,islands,9,70.07324380751785,11.772328257465082,108.95310286356832,0.01727891069300528,0.016623027497398433,0.017442989122046282,44.783652057436214,7.523668435222044,69.63168228122787,4795.15525901256,4311.819775720383,5329.588624709936,0.00024892509857200163,0.0001556058160973603,0.0014677564467375735,7.459050800114102e-05,1.5500830314006487e-06,0.004487179487179138
16,indicator,step,all,10,0.8411269719054306,0.8235310203045059,0.9219816055312972,19.383694156762107,17.442461830760216,23.565967588671842,,,,,,,23.990983633864282,21.669036111908795,26.157141578860156,0.4998335375309996,0.5701428531644908,0.023809523809521893
16,indicator,step,islands,9,0.843336167990375,0.8240203759120645,0.9367806085617884,19.47234231896993,17.655461339559004,24.869202081215022,,,,,,,24.770702850395885,22.39814166153741,26.385261885596265,0.49037492103629,0.5557529485665311,0.02243589743589569
16,surrogate,cost,all,10,0.003404081802251425,0.003140916208521226,0.0038575122502300333,0.0037531934852874918,0.0033473857540964273,0.004193457843362796,0.003404081802251425,0.003140916208521226,0.0038575122502300333,0.004598287741920433,0.004267800831562828,0.005219504169228044,1.093326094397212,1.0127745139533668,1.1036118175905518,1.9247228977244237e-05,0.0050165160652151245,0.004761904761904379
16,surrogate,cost,islands,9,0.0034502527668476357,0.003261859111538837,0.003910862488689965,0.003797107744217313,0.0035561616765401147,0.004219135912830505,0.0034502527668476357,0.003261859111538837,0.003910862488689965,0.004658948767306662,0.004416264558958284,0.0052845223936360325,1.0936713312907662,1.011540467544048,1.1046389870636983,1.7038303980460976e-05,0.0049382770283315286,0.004487179487179138
16,surrogate,step,all,10,0.40309037421970406,0.34511388105534446,0.4309800416499264,0.5991150355868005,0.5773563683674842,0.6642437223886668,,,,,,,1.525479409540797,1.478484481871196,1.5941830780749655,0.015243805349977435,0.03784858717236195,0.023809523809521893
16,surrogate,step,islands,9,0.40426325862399687,0.39802517120110265,0.4334912022878944,0.6014618666840224,0.587549829455055,0.668311128592352,,,,,,,1.5111151510067014,1.4763783839205653,1.5566347285947564,0.013494336752525093,0.03649620819421817,0.02243589743589569
16,violation,cost,all,10,0.0021236702457084764,0.001738071617901688,0.0023597986059279933,0.005682511988208256,0.005153352772578407,0.0059980364833356675,0.0005225785421376879,0.00042769301592345205,0.0005806834265896109,0.011104433286025792,0.010807255522001964,0.012265927946095968,2.6312532573078746,2.4831581817645714,2.9045778287657864,2.8503595788447096e-05,0.013888918017868575,0.004761904761904379
16,violation,cost,islands,9,0.002068471762718576,0.00165185202724338,0.0023155310957412483,0.005738836599924928,0.005165803866992828,0.0060525640938868305,0.0005089956693600684,0.0004064766768609364,0.000569790374344705,0.011251463943191962,0.010808124639139844,0.012461008824720362,2.7145132670830914,2.4974012022303143,2.922003732332995,2.575118987145601e-05,0.014365980448124165,0.004487179487179138
16,violation,step,all,10,0.14968366054912796,0.12410150384373365,0.16794724708750203,2.8295523190565093,2.593178386981206,2.9631895039393434,,,,,,,18.454064190867715,16.72067062925464,19.578869318600596,0.05838162651530937,0.4488687210674829,0.023809523809521893
16,violation,step,islands,9,0.14922939056141948,0.11752641733751708,0.16462650320312466,2.8244667357061792,2.586165510797447,2.9526346333499434,,,,,,,18.927013807938135,17.465613406883637,19.691752292131575,0.05802294415250231,0.42990851159347054,0.02243589743589569
