instance,n,k,M,C,topology,alpha,t,gap
f8,8,2,6,28,ring,0.0,0.1,6.582065581461904e-08
f8,8,2,6,28,ring,0.0,0.16187677556400662,1.1600683834656067e-06
f8,8,2,6,28,ring,0.0,0.26204090466999763,1.977230235894467e-05
f8,8,2,6,28,ring,0.0,0.42418336713854454,0.0003087698633771341
f8,8,2,6,28,ring,0.0,0.6866543572027081,0.0038488432905972036
f8,8,2,6,28,ring,0.0,1.1115339327095,0.026884427900412344
f8,8,2,6,28,ring,0.0,1.799315289569933,0.04341531477954852
f8,8,2,6,28,ring,0.0,2.9126735729859763,0.024395397156265375
f8,8,2,6,28,ring,0.0,4.714942062654641,0.023376130165273623
f8,8,2,6,28,ring,0.0,7.632396180736398,0.126334592723798
f8,8,2,6,28,ring,0.0,12.355076835646473,0.027272188645931172
f8,8,2,6,28,ring,0.0,20.0,0.005315165276896683
f8,8,2,6,28,ring,0.25,0.1,6.581611600164905e-08
f8,8,2,6,28,ring,0.25,0.16187677556400662,1.1598679631186215e-06
f8,8,2,6,28,ring,0.25,0.26204090466999763,1.97644595323343e-05
f8,8,2,6,28,ring,0.25,0.42418336713854454,0.0003085732188775614
f8,8,2,6,28,ring,0.25,0.6866543572027081,0.0038542501925572514
f8,8,2,6,28,ring,0.25,1.1115339327095,0.027776987142972276
f8,8,2,6,28,ring,0.25,1.799315289569933,0.05946268318092984
f8,8,2,6,28,ring,0.25,2.9126735729859763,0.04379531843331452
f8,8,2,6,28,ring,0.25,4.714942062654641,0.03089142750962237
f8,8,2,6,28,ring,0.25,7.632396180736398,0.095347969469472
f8,8,2,6,28,ring,0.25,12.355076835646473,0.05096449415435045
f8,8,2,6,28,ring,0.25,20.0,0.05520005280432416
f8,8,2,6,28,ring,0.5,0.1,6.580249434229302e-08
f8,8,2,6,28,ring,0.5,0.16187677556400662,1.1592669506566011e-06
f8,8,2,6,28,ring,0.5,0.26204090466999763,1.9740946853974428e-05
f8,8,2,6,28,ring,0.5,0.42418336713854454,0.0003079811776736108
f8,8,2,6,28,ring,0.5,0.6866543572027081,0.003869344904546046
f8,8,2,6,28,ring,0.5,1.1115339327095,0.030191363533077054
f8,8,2,6,28,ring,0.5,1.799315289569933,0.09051214748183023
f8,8,2,6,28,ring,0.5,2.9126735729859763,0.07753931854706408
f8,8,2,6,28,ring,0.5,4.714942062654641,0.02955947791573077
f8,8,2,6,28,ring,0.5,7.632396180736398,0.09511751200865437
f8,8,2,6,28,ring,0.5,12.355076835646473,0.06409407219777019
f8,8,2,6,28,ring,0.5,20.0,0.02641488212124865
f8,8,2,6,28,ring,1.0,0.1,6.574804645165244e-08
f8,8,2,6,28,ring,1.0,0.16187677556400662,1.1568665820860247e-06
f8,8,2,6,28,ring,1.0,0.26204090466999763,1.9647133725597676e-05
f8,8,2,6,28,ring,1.0,0.42418336713854454,0.0003055827507223441
f8,8,2,6,28,ring,1.0,0.6866543572027081,0.003913909215140787
f8,8,2,6,28,ring,1.0,1.1115339327095,0.0368399533336754
f8,8,2,6,28,ring,1.0,1.799315289569933,0.10542003679908651
f8,8,2,6,28,ring,1.0,2.9126735729859763,0.1277403849939015
f8,8,2,6,28,ring,1.0,4.714942062654641,0.014786373686466292
f8,8,2,6,28,ring,1.0,7.632396180736398,0.05684173325395281
f8,8,2,6,28,ring,1.0,12.355076835646473,0.041112277003286235
f8,8,2,6,28,ring,1.0,20.0,0.04316277157417636
f8,8,2,6,28,ring,2.0,0.1,6.553082365634566e-08
f8,8,2,6,28,ring,2.0,0.16187677556400662,1.1473238400450114e-06
f8,8,2,6,28,ring,2.0,0.26204090466999763,1.927571677329265e-05
f8,8,2,6,28,ring,2.0,0.42418336713854454,0.0002955846513332805
f8,8,2,6,28,ring,2.0,0.6866543572027081,0.003897169478250806
f8,8,2,6,28,ring,2.0,1.1115339327095,0.03979123698918552
f8,8,2,6,28,ring,2.0,1.799315289569933,0.1160859272786744
f8,8,2,6,28,ring,2.0,2.9126735729859763,0.1328991304187026
f8,8,2,6,28,ring,2.0,4.714942062654641,0.03261448337580719
f8,8,2,6,28,ring,2.0,7.632396180736398,0.16964952181668969
f8,8,2,6,28,ring,2.0,12.355076835646473,0.07876149773368646
f8,8,2,6,28,ring,2.0,20.0,0.007514254821020083
f8,8,2,6,28,ring,4.0,0.1,6.467096258511162e-08
f8,8,2,6,28,ring,4.0,0.16187677556400662,1.1100795913598915e-06
f8,8,2,6,28,ring,4.0,0.26204090466999763,1.7853123848166064e-05
f8,8,2,6,28,ring,4.0,0.42418336713854454,0.00025304941942061454
f8,8,2,6,28,ring,4.0,0.6866543572027081,0.002789373890243474
f8,8,2,6,28,ring,4.0,1.1115339327095,0.017134787008888708
f8,8,2,6,28,ring,4.0,1.799315289569933,0.0352302520839346
f8,8,2,6,28,ring,4.0,2.9126735729859763,0.013415845246133373
f8,8,2,6,28,ring,4.0,4.714942062654641,0.05434117467999311
f8,8,2,6,28,ring,4.0,7.632396180736398,0.021333172374392362
f8,8,2,6,28,ring,4.0,12.355076835646473,0.058822785778586906
f8,8,2,6,28,ring,4.0,20.0,0.05404363440065996
f8,8,2,6,28,ring,8.0,0.1,6.137194730193585e-08
f8,8,2,6,28,ring,8.0,0.16187677556400662,9.7510492158559e-07
f8,8,2,6,28,ring,8.0,0.26204090466999763,1.3189894934040325e-05
f8,8,2,6,28,ring,8.0,0.42418336713854454,0.00013050122091595728
f8,8,2,6,28,ring,8.0,0.6866543572027081,0.0007821917346608753
f8,8,2,6,28,ring,8.0,1.1115339327095,0.0015466585346906037
f8,8,2,6,28,ring,8.0,1.799315289569933,0.001446558754952032
f8,8,2,6,28,ring,8.0,2.9126735729859763,0.0014233443536650903
f8,8,2,6,28,ring,8.0,4.714942062654641,0.00011629661340339936
f8,8,2,6,28,ring,8.0,7.632396180736398,0.000960382921889491
f8,8,2,6,28,ring,8.0,12.355076835646473,0.00036087767062398246
f8,8,2,6,28,ring,8.0,20.0,0.001699732858192915
f8,8,2,6,28,complete,0.0,0.1,0.0022098088453089693
f8,8,2,6,28,complete,0.0,0.16187677556400662,0.013254109800571956
f8,8,2,6,28,complete,0.0,0.26204090466999763,0.06327165982290794
f8,8,2,6,28,complete,0.0,0.42418336713854454,0.15121536344585151
f8,8,2,6,28,complete,0.0,0.6866543572027081,0.044330224193751766
f8,8,2,6,28,complete,0.0,1.1115339327095,0.029389745084581143
f8,8,2,6,28,complete,0.0,1.799315289569933,0.09859093854216439
f8,8,2,6,28,complete,0.0,2.9126735729859763,0.04242494082485693
f8,8,2,6,28,complete,0.0,4.714942062654641,0.05443666597922814
f8,8,2,6,28,complete,0.0,7.632396180736398,0.10185741402903692
f8,8,2,6,28,complete,0.0,12.355076835646473,0.03290884733643584
f8,8,2,6,28,complete,0.0,20.0,0.040187539856126664
f8,8,2,6,28,complete,0.25,0.1,0.0022147652861695954
f8,8,2,6,28,complete,0.25,0.16187677556400662,0.013333013405320004
f8,8,2,6,28,complete,0.25,0.26204090466999763,0.0642941279534498
f8,8,2,6,28,complete,0.25,0.42418336713854454,0.15044521775691544
f8,8,2,6,28,complete,0.25,0.6866543572027081,0.05175919218747982
f8,8,2,6,28,complete,0.25,1.1115339327095,0.027288966580210183
f8,8,2,6,28,complete,0.25,1.799315289569933,0.11960508935833858
f8,8,2,6,28,complete,0.25,2.9126735729859763,0.06933229171990529
f8,8,2,6,28,complete,0.25,4.714942062654641,0.09303493728742818
f8,8,2,6,28,complete,0.25,7.632396180736398,0.0885215502612633
f8,8,2,6,28,complete,0.25,12.355076835646473,0.047493060245691
f8,8,2,6,28,complete,0.25,20.0,0.03328914346772238
f8,8,2,6,28,complete,0.5,0.1,0.002219283828683749
f8,8,2,6,28,complete,0.5,0.16187677556400662,0.013404679095490146
f8,8,2,6,28,complete,0.5,0.26204090466999763,0.06521355483074553
f8,8,2,6,28,complete,0.5,0.42418336713854454,0.14906287773105698
f8,8,2,6,28,complete,0.5,0.6866543572027081,0.058026982797120596
f8,8,2,6,28,complete,0.5,1.1115339327095,0.025264606975520798
f8,8,2,6,28,complete,0.5,1.799315289569933,0.13572538097404196
f8,8,2,6,28,complete,0.5,2.9126735729859763,0.07659306842500258
f8,8,2,6,28,complete,0.5,4.714942062654641,0.06341936520876212
f8,8,2,6,28,complete,0.5,7.632396180736398,0.10981633951589376
f8,8,2,6,28,complete,0.5,12.355076835646473,0.05857659136968851
f8,8,2,6,28,complete,0.5,20.0,0.031049399697669955
f8,8,2,6,28,complete,1.0,0.1,0.002226981209718981
f8,8,2,6,28,complete,1.0,0.16187677556400662,0.013525214532993046
f8,8,2,6,28,complete,1.0,0.26204090466999763,0.06670685616255045
f8,8,2,6,28,complete,1.0,0.42418336713854454,0.14487065178388803
f8,8,2,6,28,complete,1.0,0.6866543572027081,0.06460350433428863
f8,8,2,6,28,complete,1.0,1.1115339327095,0.023858964376344827
f8,8,2,6,28,complete,1.0,1.799315289569933,0.13318770046430595
f8,8,2,6,28,complete,1.0,2.9126735729859763,0.038910867870491694
f8,8,2,6,28,complete,1.0,4.714942062654641,0.011157565596568997
f8,8,2,6,28,complete,1.0,7.632396180736398,0.08254316065801626
f8,8,2,6,28,complete,1.0,12.355076835646473,0.08774640024104818
f8,8,2,6,28,complete,1.0,20.0,0.02543960462369199
f8,8,2,6,28,complete,2.0,0.1,0.002236850143024105
f8,8,2,6,28,complete,2.0,0.16187677556400662,0.013668360694279569
f8,8,2,6,28,complete,2.0,0.26204090466999763,0.06810305031378983
f8,8,2,6,28,complete,2.0,0.42418336713854454,0.1348908192480388
f8,8,2,6,28,complete,2.0,0.6866543572027081,0.05077155600389838
f8,8,2,6,28,complete,2.0,1.1115339327095,0.041633917639574025
f8,8,2,6,28,complete,2.0,1.799315289569933,0.03644978035008184
f8,8,2,6,28,complete,2.0,2.9126735729859763,0.05634707114427273
f8,8,2,6,28,complete,2.0,4.714942062654641,0.0921759086736963
f8,8,2,6,28,complete,2.0,7.632396180736398,0.08572584250241833
f8,8,2,6,28,complete,2.0,12.355076835646473,0.1195224724352999
f8,8,2,6,28,complete,2.0,20.0,0.04501605562342881
f8,8,2,6,28,complete,4.0,0.1,0.0022334062263515975
f8,8,2,6,28,complete,4.0,0.16187677556400662,0.013524725812176785
f8,8,2,6,28,complete,4.0,0.26204090466999763,0.06378285982346377
f8,8,2,6,28,complete,4.0,0.42418336713854454,0.12531668854866074
f8,8,2,6,28,complete,4.0,0.6866543572027081,0.0051596424873751046
f8,8,2,6,28,complete,4.0,1.1115339327095,0.0462546053951608
f8,8,2,6,28,complete,4.0,1.799315289569933,0.019528235840327146
f8,8,2,6,28,complete,4.0,2.9126735729859763,0.08962714403819938
f8,8,2,6,28,complete,4.0,4.714942062654641,0.022723591068022908
f8,8,2,6,28,complete,4.0,7.632396180736398,0.027920070959813192
f8,8,2,6,28,complete,4.0,12.355076835646473,0.010573433236926388
f8,8,2,6,28,complete,4.0,20.0,0.06289282920234374
f8,8,2,6,28,complete,8.0,0.1,0.0021300623538389463
f8,8,2,6,28,complete,8.0,0.16187677556400662,0.011517909275005622
f8,8,2,6,28,complete,8.0,0.26204090466999763,0.035110760490435156
f8,8,2,6,28,complete,8.0,0.42418336713854454,0.01080961525830948
f8,8,2,6,28,complete,8.0,0.6866543572027081,0.006675626018131431
f8,8,2,6,28,complete,8.0,1.1115339327095,0.03912514144060131
f8,8,2,6,28,complete,8.0,1.799315289569933,0.004063364798234215
f8,8,2,6,28,complete,8.0,2.9126735729859763,0.002643662422479376
f8,8,2,6,28,complete,8.0,4.714942062654641,0.013919810157310808
f8,8,2,6,28,complete,8.0,7.632396180736398,0.014269312257651934
f8,8,2,6,28,complete,8.0,12.355076835646473,0.017932149360682215
f8,8,2,6,28,complete,8.0,20.0,0.011028890556355475
f10,10,3,24,120,ring,0.0,0.1,2.5609750353705607e-07
f10,10,3,24,120,ring,0.0,0.16187677556400662,4.471423375340677e-06
f10,10,3,24,120,ring,0.0,0.26204090466999763,7.428528498465425e-05
f10,10,3,24,120,ring,0.0,0.42418336713854454,0.001078492446053958
f10,10,3,24,120,ring,0.0,0.6866543572027081,0.010788728561316185
f10,10,3,24,120,ring,0.0,1.1115339327095,0.03432015883964323
f10,10,3,24,120,ring,0.0,1.799315289569933,0.09113022891487299
f10,10,3,24,120,ring,0.0,2.9126735729859763,0.07014638440008625
f10,10,3,24,120,ring,0.0,4.714942062654641,0.10837219419905852
f10,10,3,24,120,ring,0.0,7.632396180736398,0.035993387549526634
f10,10,3,24,120,ring,0.0,12.355076835646473,0.08192334168497628
f10,10,3,24,120,ring,0.0,20.0,0.07846856973091854
f10,10,3,24,120,ring,0.25,0.1,2.5608406262200845e-07
f10,10,3,24,120,ring,0.25,0.16187677556400662,4.470808807055526e-06
f10,10,3,24,120,ring,0.25,0.26204090466999763,7.4258544336403e-05
f10,10,3,24,120,ring,0.25,0.42418336713854454,0.0010774752673213817
f10,10,3,24,120,ring,0.25,0.6866543572027081,0.010764377748461174
f10,10,3,24,120,ring,0.25,1.1115339327095,0.03450125090360223
f10,10,3,24,120,ring,0.25,1.799315289569933,0.09707288685398141
f10,10,3,24,120,ring,0.25,2.9126735729859763,0.082476484470276
f10,10,3,24,120,ring,0.25,4.714942062654641,0.11427007537211886
f10,10,3,24,120,ring,0.25,7.632396180736398,0.07432801559337565
f10,10,3,24,120,ring,0.25,12.355076835646473,0.11692679750827362
f10,10,3,24,120,ring,0.25,20.0,0.11459572402468476
f10,10,3,24,120,ring,0.5,0.1,2.5604374387366846e-07
f10,10,3,24,120,ring,0.5,0.16187677556400662,4.4689655912533155e-06
f10,10,3,24,120,ring,0.5,0.26204090466999763,7.417837521117576e-05
f10,10,3,24,120,ring,0.5,0.42418336713854454,0.001074427970405134
f10,10,3,24,120,ring,0.5,0.6866543572027081,0.010690859395050545
f10,10,3,24,120,ring,0.5,1.1115339327095,0.034878492559833885
f10,10,3,24,120,ring,0.5,1.799315289569933,0.10468294505040487
f10,10,3,24,120,ring,0.5,2.9126735729859763,0.10138153678442086
f10,10,3,24,120,ring,0.5,4.714942062654641,0.12190035499757512
f10,10,3,24,120,ring,0.5,7.632396180736398,0.09883722150782825
f10,10,3,24,120,ring,0.5,12.355076835646473,0.12586906293975664
f10,10,3,24,120,ring,0.5,20.0,0.1182478257004349
f10,10,3,24,120,ring,1.0,0.1,2.5588253227404323e-07
f10,10,3,24,120,ring,1.0,0.16187677556400662,4.461600073835115e-06
f10,10,3,24,120,ring,1.0,0.26204090466999763,7.385849050578486e-05
f10,10,3,24,120,ring,1.0,0.42418336713854454,0.001062302883450883
f10,10,3,24,120,ring,1.0,0.6866543572027081,0.010391900946925436
f10,10,3,24,120,ring,1.0,1.1115339327095,0.03475678751499234
f10,10,3,24,120,ring,1.0,1.799315289569933,0.0893875864060093
f10,10,3,24,120,ring,1.0,2.9126735729859763,0.10915739032615679
f10,10,3,24,120,ring,1.0,4.714942062654641,0.10597299835472429
f10,10,3,24,120,ring,1.0,7.632396180736398,0.0970292672959796
f10,10,3,24,120,ring,1.0,12.355076835646473,0.12059310543797741
f10,10,3,24,120,ring,1.0,20.0,0.11507950419527746
f10,10,3,24,120,ring,2.0,0.1,2.5523868474319755e-07
f10,10,3,24,120,ring,2.0,0.16187677556400662,4.4322553052200675e-06
f10,10,3,24,120,ring,2.0,0.26204090466999763,7.259158922112707e-05
f10,10,3,24,120,ring,2.0,0.42418336713854454,0.0010148565891461292
f10,10,3,24,120,ring,2.0,0.6866543572027081,0.009192734023882432
f10,10,3,24,120,ring,2.0,1.1115339327095,0.0267452027968359
f10,10,3,24,120,ring,2.0,1.799315289569933,0.05444040774802439
f10,10,3,24,120,ring,2.0,2.9126735729859763,0.09331797257843522
f10,10,3,24,120,ring,2.0,4.714942062654641,0.10934843308142361
f10,10,3,24,120,ring,2.0,7.632396180736398,0.09930380917311576
f10,10,3,24,120,ring,2.0,12.355076835646473,0.0978504791528838
f10,10,3,24,120,ring,2.0,20.0,0.11171168264617581
f10,10,3,24,120,ring,4.0,0.1,2.5267924186334056e-07
f10,10,3,24,120,ring,4.0,0.16187677556400662,4.316737712839469e-06
f10,10,3,24,120,ring,4.0,0.26204090466999763,6.772402288068857e-05
f10,10,3,24,120,ring,4.0,0.42418336713854454,0.0008429955860127514
f10,10,3,24,120,ring,4.0,0.6866543572027081,0.0054623612416253575
f10,10,3,24,120,ring,4.0,1.1115339327095,0.007433503276722986
f10,10,3,24,120,ring,4.0,1.799315289569933,0.014564489890655508
f10,10,3,24,120,ring,4.0,2.9126735729859763,0.044920760857475206
f10,10,3,24,120,ring,4.0,4.714942062654641,0.05550138410218586
f10,10,3,24,120,ring,4.0,7.632396180736398,0.05862003348494382
f10,10,3,24,120,ring,4.0,12.355076835646473,0.0482930276736282
f10,10,3,24,120,ring,4.0,20.0,0.049699301635401594
f10,10,3,24,120,ring,8.0,0.1,2.4269285647804395e-07
f10,10,3,24,120,ring,8.0,0.16187677556400662,3.883473343124777e-06
f10,10,3,24,120,ring,8.0,0.26204090466999763,5.12652014745818e-05
f10,10,3,24,120,ring,8.0,0.42418336713854454,0.00039908889166040407
f10,10,3,24,120,ring,8.0,0.6866543572027081,0.0011882790102971663
f10,10,3,24,120,ring,8.0,1.1115339327095,0.0019233670406479941
f10,10,3,24,120,ring,8.0,1.799315289569933,0.0030581462202617926
f10,10,3,24,120,ring,8.0,2.9126735729859763,0.011189053245518998
f10,10,3,24,120,ring,8.0,4.714942062654641,0.013057630394616604
f10,10,3,24,120,ring,8.0,7.632396180736398,0.014103558422296603
f10,10,3,24,120,ring,8.0,12.355076835646473,0.01646473219374911
f10,10,3,24,120,ring,8.0,20.0,0.018631667602802215
f10,10,3,24,120,complete,0.0,0.1,0.0042170081216554856
f10,10,3,24,120,complete,0.0,0.16187677556400662,0.022192565127776787
f10,10,3,24,120,complete,0.0,0.26204090466999763,0.08120307743650801
f10,10,3,24,120,complete,0.0,0.42418336713854454,0.13586741469985364
f10,10,3,24,120,complete,0.0,0.6866543572027081,0.04983788754600116
f10,10,3,24,120,complete,0.0,1.1115339327095,0.03624084423254359
f10,10,3,24,120,complete,0.0,1.799315289569933,0.09145673293840251
f10,10,3,24,120,complete,0.0,2.9126735729859763,0.05962165075758952
f10,10,3,24,120,complete,0.0,4.714942062654641,0.07508583502314392
f10,10,3,24,120,complete,0.0,7.632396180736398,0.0934527295022829
f10,10,3,24,120,complete,0.0,12.355076835646473,0.04850386616266855
f10,10,3,24,120,complete,0.0,20.0,0.04356979097902758
f10,10,3,24,120,complete,0.25,0.1,0.0042147136073169555
f10,10,3,24,120,complete,0.25,0.16187677556400662,0.022173252062102078
f10,10,3,24,120,complete,0.25,0.26204090466999763,0.08131660352268222
f10,10,3,24,120,complete,0.25,0.42418336713854454,0.13857181092290594
f10,10,3,24,120,complete,0.25,0.6866543572027081,0.05146126684625396
f10,10,3,24,120,complete,0.25,1.1115339327095,0.03609371501895098
f10,10,3,24,120,complete,0.25,1.799315289569933,0.09407614837065914
f10,10,3,24,120,complete,0.25,2.9126735729859763,0.07563928527483377
f10,10,3,24,120,complete,0.25,4.714942062654641,0.07978543152357698
f10,10,3,24,120,complete,0.25,7.632396180736398,0.0682428658705988
f10,10,3,24,120,complete,0.25,12.355076835646473,0.0832397046111264
f10,10,3,24,120,complete,0.25,20.0,0.022928646553642573
f10,10,3,24,120,complete,0.5,0.1,0.004211135497683927
f10,10,3,24,120,complete,0.5,0.16187677556400662,0.022137764926642767
f10,10,3,24,120,complete,0.5,0.26204090466999763,0.08130001048429303
f10,10,3,24,120,complete,0.5,0.42418336713854454,0.14112927556908117
f10,10,3,24,120,complete,0.5,0.6866543572027081,0.05312743129348918
f10,10,3,24,120,complete,0.5,1.1115339327095,0.03757459661736273
f10,10,3,24,120,complete,0.5,1.799315289569933,0.08867039767216522
f10,10,3,24,120,complete,0.5,2.9126735729859763,0.0812404840274017
f10,10,3,24,120,complete,0.5,4.714942062654641,0.1118622233654234
f10,10,3,24,120,complete,0.5,7.632396180736398,0.0662700622980964
f10,10,3,24,120,complete,0.5,12.355076835646473,0.05997315441877804
f10,10,3,24,120,complete,0.5,20.0,0.05724949739812801
f10,10,3,24,120,complete,1.0,0.1,0.004200185767629483
f10,10,3,24,120,complete,1.0,0.16187677556400662,0.022020003529450105
f10,10,3,24,120,complete,1.0,0.26204090466999763,0.08090100233026498
f10,10,3,24,120,complete,1.0,0.42418336713854454,0.1357533288818914
f10,10,3,24,120,complete,1.0,0.6866543572027081,0.05663935716310742
f10,10,3,24,120,complete,1.0,1.1115339327095,0.03989729178021695
f10,10,3,24,120,complete,1.0,1.799315289569933,0.06538836560934669
f10,10,3,24,120,complete,1.0,2.9126735729859763,0.0674780760962077
f10,10,3,24,120,complete,1.0,4.714942062654641,0.06629953611866457
f10,10,3,24,120,complete,1.0,7.632396180736398,0.0420608159184821
f10,10,3,24,120,complete,1.0,12.355076835646473,0.04589355662798966
f10,10,3,24,120,complete,1.0,20.0,0.0459831201479598
f10,10,3,24,120,complete,2.0,0.1,0.00416362448747587
f10,10,3,24,120,complete,2.0,0.16187677556400662,0.021612492275061457
f10,10,3,24,120,complete,2.0,0.26204090466999763,0.07884952844410353
f10,10,3,24,120,complete,2.0,0.42418336713854454,0.11810580760910583
f10,10,3,24,120,complete,2.0,0.6866543572027081,0.06301282709149258
f10,10,3,24,120,complete,2.0,1.1115339327095,0.036913698288076446
f10,10,3,24,120,complete,2.0,1.799315289569933,0.03981272914432987
f10,10,3,24,120,complete,2.0,2.9126735729859763,0.05092853001940667
f10,10,3,24,120,complete,2.0,4.714942062654641,0.04144929841235012
f10,10,3,24,120,complete,2.0,7.632396180736398,0.03646146733424427
f10,10,3,24,120,complete,2.0,12.355076835646473,0.08953684741453971
f10,10,3,24,120,complete,2.0,20.0,0.03867666083729926
f10,10,3,24,120,complete,4.0,0.1,0.004037421459279322
f10,10,3,24,120,complete,4.0,0.16187677556400662,0.020261246533238242
f10,10,3,24,120,complete,4.0,0.26204090466999763,0.07144089456835656
f10,10,3,24,120,complete,4.0,0.42418336713854454,0.072039626742322
f10,10,3,24,120,complete,4.0,0.6866543572027081,0.032229602086392695
f10,10,3,24,120,complete,4.0,1.1115339327095,0.038063640287172906
f10,10,3,24,120,complete,4.0,1.799315289569933,0.08294231404646002
f10,10,3,24,120,complete,4.0,2.9126735729859763,0.02645661107899855
f10,10,3,24,120,complete,4.0,4.714942062654641,0.04880543327548337
f10,10,3,24,120,complete,4.0,7.632396180736398,0.06915236146761505
f10,10,3,24,120,complete,4.0,12.355076835646473,0.05991440637862666
f10,10,3,24,120,complete,4.0,20.0,0.049263203065196604
f10,10,3,24,120,complete,8.0,0.1,0.0036328036611898984
f10,10,3,24,120,complete,8.0,0.16187677556400662,0.016649265528979384
f10,10,3,24,120,complete,8.0,0.26204090466999763,0.04738607551677221
f10,10,3,24,120,complete,8.0,0.42418336713854454,0.01992916075318496
f10,10,3,24,120,complete,8.0,0.6866543572027081,0.03940060835478554
f10,10,3,24,120,complete,8.0,1.1115339327095,0.06740412830036402
f10,10,3,24,120,complete,8.0,1.799315289569933,0.03852405578914875
f10,10,3,24,120,complete,8.0,2.9126735729859763,0.02581219585101424
f10,10,3,24,120,complete,8.0,4.714942062654641,0.032440823055434054
f10,10,3,24,120,complete,8.0,7.632396180736398,0.04894124354806095
f10,10,3,24,120,complete,8.0,12.355076835646473,0.0335981736908354
f10,10,3,24,120,complete,8.0,20.0,0.04587449987284753
f12,12,4,29,495,ring,0.0,0.1,0.0
f12,12,4,29,495,ring,0.0,0.16187677556400662,1.8928260070438796e-09
f12,12,4,29,495,ring,0.0,0.26204090466999763,1.0146269557864684e-07
f12,12,4,29,495,ring,0.0,0.42418336713854454,5.651642462689566e-06
f12,12,4,29,495,ring,0.0,0.6866543572027081,0.00025359655710144313
f12,12,4,29,495,ring,0.0,1.1115339327095,0.002304913982366763
f12,12,4,29,495,ring,0.0,1.799315289569933,0.02330118638606138
f12,12,4,29,495,ring,0.0,2.9126735729859763,0.026944511990689368
f12,12,4,29,495,ring,0.0,4.714942062654641,0.007671111476030279
f12,12,4,29,495,ring,0.0,7.632396180736398,0.0050656278029140855
f12,12,4,29,495,ring,0.0,12.355076835646473,0.011169169549524738
f12,12,4,29,495,ring,0.0,20.0,0.021583392480823194
f12,12,4,29,495,ring,0.25,0.1,0.0
f12,12,4,29,495,ring,0.25,0.16187677556400662,1.892586531937468e-09
f12,12,4,29,495,ring,0.25,0.26204090466999763,1.0142984963046331e-07
f12,12,4,29,495,ring,0.25,0.42418336713854454,5.647313990442271e-06
f12,12,4,29,495,ring,0.25,0.6866543572027081,0.00025331444954179716
f12,12,4,29,495,ring,0.25,1.1115339327095,0.0023740675828973767
f12,12,4,29,495,ring,0.25,1.799315289569933,0.025228909207963723
f12,12,4,29,495,ring,0.25,2.9126735729859763,0.029539150608968612
f12,12,4,29,495,ring,0.25,4.714942062654641,0.011622496462840193
f12,12,4,29,495,ring,0.25,7.632396180736398,0.019964505396846577
f12,12,4,29,495,ring,0.25,12.355076835646473,0.0355776981003485
f12,12,4,29,495,ring,0.25,20.0,0.022412557647203957
f12,12,4,29,495,ring,0.5,0.1,0.0
f12,12,4,29,495,ring,0.5,0.16187677556400662,1.891870993198097e-09
f12,12,4,29,495,ring,0.5,0.26204090466999763,1.0133136640888551e-07
f12,12,4,29,495,ring,0.5,0.42418336713854454,5.63434190881118e-06
f12,12,4,29,495,ring,0.5,0.6866543572027081,0.0002524628483727698
f12,12,4,29,495,ring,0.5,1.1115339327095,0.0025511839170117012
f12,12,4,29,495,ring,0.5,1.799315289569933,0.02683699715976351
f12,12,4,29,495,ring,0.5,2.9126735729859763,0.03464801659310068
f12,12,4,29,495,ring,0.5,4.714942062654641,0.0187690674903781
f12,12,4,29,495,ring,0.5,7.632396180736398,0.0329253789196825
f12,12,4,29,495,ring,0.5,12.355076835646473,0.033834694004681864
f12,12,4,29,495,ring,0.5,20.0,0.023715451144641242
f12,12,4,29,495,ring,1.0,0.1,0.0
f12,12,4,29,495,ring,1.0,0.16187677556400662,1.8890119468650823e-09
f12,12,4,29,495,ring,1.0,0.26204090466999763,1.0093826863233346e-07
f12,12,4,29,495,ring,1.0,0.42418336713854454,5.582654183267088e-06
f12,12,4,29,495,ring,1.0,0.6866543572027081,0.00024898133529394073
f12,12,4,29,495,ring,1.0,1.1115339327095,0.0029574395210527626
f12,12,4,29,495,ring,1.0,1.799315289569933,0.028310623577644245
f12,12,4,29,495,ring,1.0,2.9126735729859763,0.027352246109720868
f12,12,4,29,495,ring,1.0,4.714942062654641,0.030824214154691276
f12,12,4,29,495,ring,1.0,7.632396180736398,0.020806833817431092
f12,12,4,29,495,ring,1.0,12.355076835646473,0.013789983775423953
f12,12,4,29,495,ring,1.0,20.0,0.028751930593458264
f12,12,4,29,495,ring,2.0,0.1,0.0
f12,12,4,29,495,ring,2.0,0.16187677556400662,1.877616395695725e-09
f12,12,4,29,495,ring,2.0,0.26204090466999763,9.93792026449114e-08
f12,12,4,29,495,ring,2.0,0.42418336713854454,5.379137227534692e-06
f12,12,4,29,495,ring,2.0,0.6866543572027081,0.00023408625849685727
f12,12,4,29,495,ring,2.0,1.1115339327095,0.0025821907082383966
f12,12,4,29,495,ring,2.0,1.799315289569933,0.012884317967296166
f12,12,4,29,495,ring,2.0,2.9126735729859763,0.010743297648640793
f12,12,4,29,495,ring,2.0,4.714942062654641,0.017934411957130747
f12,12,4,29,495,ring,2.0,7.632396180736398,0.014809966625771942
f12,12,4,29,495,ring,2.0,12.355076835646473,0.015604736454493229
f12,12,4,29,495,ring,2.0,20.0,0.022056358938528975
f12,12,4,29,495,ring,4.0,0.1,0.0
f12,12,4,29,495,ring,4.0,0.16187677556400662,1.8326619111164177e-09
f12,12,4,29,495,ring,4.0,0.26204090466999763,9.33524002544317e-08
f12,12,4,29,495,ring,4.0,0.42418336713854454,4.617783394000874e-06
f12,12,4,29,495,ring,4.0,0.6866543572027081,0.00015999111059727955
f12,12,4,29,495,ring,4.0,1.1115339327095,0.0003887852471013975
f12,12,4,29,495,ring,4.0,1.799315289569933,0.0003385818119350237
f12,12,4,29,495,ring,4.0,2.9126735729859763,0.0009595429808781919
f12,12,4,29,495,ring,4.0,4.714942062654641,0.0014988630245459378
f12,12,4,29,495,ring,4.0,7.632396180736398,0.0016976336485005072
f12,12,4,29,495,ring,4.0,12.355076835646473,0.0006205692129533924
f12,12,4,29,495,ring,4.0,20.0,0.0012989588448757416
f12,12,4,29,495,ring,8.0,0.1,0.0
f12,12,4,29,495,ring,8.0,0.16187677556400662,1.6625852916618555e-09
f12,12,4,29,495,ring,8.0,0.26204090466999763,7.23605541042005e-08
f12,12,4,29,495,ring,8.0,0.42418336713854454,2.3784725876607737e-06
f12,12,4,29,495,ring,8.0,0.6866543572027081,1.5742324341316838e-05
f12,12,4,29,495,ring,8.0,1.1115339327095,1.5004462061041224e-05
f12,12,4,29,495,ring,8.0,1.799315289569933,9.410637245244047e-06
f12,12,4,29,495,ring,8.0,2.9126735729859763,3.830230301671289e-05
f12,12,4,29,495,ring,8.0,4.714942062654641,7.506330656159577e-06
f12,12,4,29,495,ring,8.0,7.632396180736398,9.00136170067789e-06
f12,12,4,29,495,ring,8.0,12.355076835646473,3.734321868409385e-05
f12,12,4,29,495,ring,8.0,20.0,1.3125152161563847e-05
f12,12,4,29,495,complete,0.0,0.1,0.003154216062174142
f12,12,4,29,495,complete,0.0,0.16187677556400662,0.012498964186786643
f12,12,4,29,495,complete,0.0,0.26204090466999763,0.02865937165088861
f12,12,4,29,495,complete,0.0,0.42418336713854454,0.03743140492322661
f12,12,4,29,495,complete,0.0,0.6866543572027081,0.021772952915362187
f12,12,4,29,495,complete,0.0,1.1115339327095,0.009566482132873588
f12,12,4,29,495,complete,0.0,1.799315289569933,0.026471500774549295
f12,12,4,29,495,complete,0.0,2.9126735729859763,0.02412000022545646
f12,12,4,29,495,complete,0.0,4.714942062654641,0.03908063253528937
f12,12,4,29,495,complete,0.0,7.632396180736398,0.026960366052223406
f12,12,4,29,495,complete,0.0,12.355076835646473,0.02130250962489655
f12,12,4,29,495,complete,0.0,20.0,0.011196540259717835
f12,12,4,29,495,complete,0.25,0.1,0.00316844475643252
f12,12,4,29,495,complete,0.25,0.16187677556400662,0.012639896496863257
f12,12,4,29,495,complete,0.25,0.26204090466999763,0.02942927915317539
f12,12,4,29,495,complete,0.25,0.42418336713854454,0.036760313858447136
f12,12,4,29,495,complete,0.25,0.6866543572027081,0.0263331230421755
f12,12,4,29,495,complete,0.25,1.1115339327095,0.010262043658511799
f12,12,4,29,495,complete,0.25,1.799315289569933,0.033936416421609494
f12,12,4,29,495,complete,0.25,2.9126735729859763,0.03921122778476338
f12,12,4,29,495,complete,0.25,4.714942062654641,0.0381957300967648
f12,12,4,29,495,complete,0.25,7.632396180736398,0.013094163840076667
f12,12,4,29,495,complete,0.25,12.355076835646473,0.035487801732020596
f12,12,4,29,495,complete,0.25,20.0,0.02405496980116817
f12,12,4,29,495,complete,0.5,0.1,0.003182154502100909
f12,12,4,29,495,complete,0.5,0.16187677556400662,0.012777297148940936
f12,12,4,29,495,complete,0.5,0.26204090466999763,0.030189723991761674
f12,12,4,29,495,complete,0.5,0.42418336713854454,0.035888534159500884
f12,12,4,29,495,complete,0.5,0.6866543572027081,0.031156987690372784
f12,12,4,29,495,complete,0.5,1.1115339327095,0.01242664205338384
f12,12,4,29,495,complete,0.5,1.799315289569933,0.039668499872026364
f12,12,4,29,495,complete,0.5,2.9126735729859763,0.037807488574711945
f12,12,4,29,495,complete,0.5,4.714942062654641,0.022873591070214916
f12,12,4,29,495,complete,0.5,7.632396180736398,0.015798490126198383
f12,12,4,29,495,complete,0.5,12.355076835646473,0.03066853967822536
f12,12,4,29,495,complete,0.5,20.0,0.027474186926844335
f12,12,4,29,495,complete,1.0,0.1,0.0032079821747071913
f12,12,4,29,495,complete,1.0,0.16187677556400662,0.0130407335963858
f12,12,4,29,495,complete,1.0,0.26204090466999763,0.0316668743235512
f12,12,4,29,495,complete,1.0,0.42418336713854454,0.03410178597349112
f12,12,4,29,495,complete,1.0,0.6866543572027081,0.039111540469826345
f12,12,4,29,495,complete,1.0,1.1115339327095,0.015901141646927797
f12,12,4,29,495,complete,1.0,1.799315289569933,0.04386798351032317
f12,12,4,29,495,complete,1.0,2.9126735729859763,0.03290254052293573
f12,12,4,29,495,complete,1.0,4.714942062654641,0.02730767102691789
f12,12,4,29,495,complete,1.0,7.632396180736398,0.021646018766282138
f12,12,4,29,495,complete,1.0,12.355076835646473,0.027262365648936693
f12,12,4,29,495,complete,1.0,20.0,0.025556368528397377
f12,12,4,29,495,complete,2.0,0.1,0.0032530371977735895
f12,12,4,29,495,complete,2.0,0.16187677556400662,0.013516716675992524
f12,12,4,29,495,complete,2.0,0.26204090466999763,0.034344285912437655
f12,12,4,29,495,complete,2.0,0.42418336713854454,0.03209124806821184
f12,12,4,29,495,complete,2.0,0.6866543572027081,0.033374856551818155
f12,12,4,29,495,complete,2.0,1.1115339327095,0.01197706862509229
f12,12,4,29,495,complete,2.0,1.799315289569933,0.031553211910145595
f12,12,4,29,495,complete,2.0,2.9126735729859763,0.036997351246093824
f12,12,4,29,495,complete,2.0,4.714942062654641,0.03493860425908524
f12,12,4,29,495,complete,2.0,7.632396180736398,0.025114627970091785
f12,12,4,29,495,complete,2.0,12.355076835646473,0.029197731325195986
f12,12,4,29,495,complete,2.0,20.0,0.03598672172399786
f12,12,4,29,495,complete,4.0,0.1,0.0033150813929716527
f12,12,4,29,495,complete,4.0,0.16187677556400662,0.014222174175042013
f12,12,4,29,495,complete,4.0,0.26204090466999763,0.038616523474848785
f12,12,4,29,495,complete,4.0,0.42418336713854454,0.03476924382951796
f12,12,4,29,495,complete,4.0,0.6866543572027081,0.027486293368967685
f12,12,4,29,495,complete,4.0,1.1115339327095,0.025319614424758163
f12,12,4,29,495,complete,4.0,1.799315289569933,0.028568655720479397
f12,12,4,29,495,complete,4.0,2.9126735729859763,0.025457560501026544
f12,12,4,29,495,complete,4.0,4.714942062654641,0.03277821124557834
f12,12,4,29,495,complete,4.0,7.632396180736398,0.042109454058143814
f12,12,4,29,495,complete,4.0,12.355076835646473,0.032862795842805825
f12,12,4,29,495,complete,4.0,20.0,0.03783004701898263
f12,12,4,29,495,complete,8.0,0.1,0.0033174639269684114
f12,12,4,29,495,complete,8.0,0.16187677556400662,0.01435575721401694
f12,12,4,29,495,complete,8.0,0.26204090466999763,0.03965739395523371
f12,12,4,29,495,complete,8.0,0.42418336713854454,0.03408743489086907
f12,12,4,29,495,complete,8.0,0.6866543572027081,0.015549165889479521
f12,12,4,29,495,complete,8.0,1.1115339327095,0.021805731156344432
f12,12,4,29,495,complete,8.0,1.799315289569933,0.018268656333146893
f12,12,4,29,495,complete,8.0,2.9126735729859763,0.01605969422120146
f12,12,4,29,495,complete,8.0,4.714942062654641,0.024331013805180213
f12,12,4,29,495,complete,8.0,7.632396180736398,0.024794361621257033
f12,12,4,29,495,complete,8.0,12.355076835646473,0.01651620715068247
f12,12,4,29,495,complete,8.0,20.0,0.01351812834795485
f14,14,4,33,1001,ring,0.0,0.1,2.912338459282182e-08
f14,14,4,33,1001,ring,0.0,0.16187677556400662,4.920211605918823e-07
f14,14,4,33,1001,ring,0.0,0.26204090466999763,7.458652936831456e-06
f14,14,4,33,1001,ring,0.0,0.42418336713854454,8.344715942598668e-05
f14,14,4,33,1001,ring,0.0,0.6866543572027081,0.0004241537927979211
f14,14,4,33,1001,ring,0.0,1.1115339327095,0.0007185669408937834
f14,14,4,33,1001,ring,0.0,1.799315289569933,0.009942945291795624
f14,14,4,33,1001,ring,0.0,2.9126735729859763,0.021761093739426585
f14,14,4,33,1001,ring,0.0,4.714942062654641,0.011401219177766597
f14,14,4,33,1001,ring,0.0,7.632396180736398,0.010228746452703774
f14,14,4,33,1001,ring,0.0,12.355076835646473,0.01105737892406955
f14,14,4,33,1001,ring,0.0,20.0,0.0022057134080837315
f14,14,4,33,1001,ring,0.25,0.1,2.912168439728191e-08
f14,14,4,33,1001,ring,0.25,0.16187677556400662,4.919483658216706e-07
f14,14,4,33,1001,ring,0.25,0.26204090466999763,7.456060524879682e-06
f14,14,4,33,1001,ring,0.25,0.42418336713854454,8.339890584629917e-05
f14,14,4,33,1001,ring,0.25,0.6866543572027081,0.0004250667908755057
f14,14,4,33,1001,ring,0.25,1.1115339327095,0.0007459776130707141
f14,14,4,33,1001,ring,0.25,1.799315289569933,0.011044681065741968
f14,14,4,33,1001,ring,0.25,2.9126735729859763,0.023803782502856308
f14,14,4,33,1001,ring,0.25,4.714942062654641,0.016848199666452346
f14,14,4,33,1001,ring,0.25,7.632396180736398,0.01267145436489836
f14,14,4,33,1001,ring,0.25,12.355076835646473,0.01808501633069237
f14,14,4,33,1001,ring,0.25,20.0,0.007299054377134628
f14,14,4,33,1001,ring,0.5,0.1,2.91165848098629e-08
f14,14,4,33,1001,ring,0.5,0.16187677556400662,4.917300335804953e-07
f14,14,4,33,1001,ring,0.5,0.26204090466999763,7.448286443167973e-06
f14,14,4,33,1001,ring,0.5,0.42418336713854454,8.325395838870708e-05
f14,14,4,33,1001,ring,0.5,0.6866543572027081,0.0004277178310473362
f14,14,4,33,1001,ring,0.5,1.1115339327095,0.0008247686658688913
f14,14,4,33,1001,ring,0.5,1.799315289569933,0.013938810402791768
f14,14,4,33,1001,ring,0.5,2.9126735729859763,0.024891694704039846
f14,14,4,33,1001,ring,0.5,4.714942062654641,0.018521751613795434
f14,14,4,33,1001,ring,0.5,7.632396180736398,0.012362069779851659
f14,14,4,33,1001,ring,0.5,12.355076835646473,0.016062184090433806
f14,14,4,33,1001,ring,0.5,20.0,0.015178462610164312
f14,14,4,33,1001,ring,1.0,0.1,2.9096191345168165e-08
f14,14,4,33,1001,ring,1.0,0.16187677556400662,4.908574551265588e-07
f14,14,4,33,1001,ring,1.0,0.26204090466999763,7.417237495976892e-06
f14,14,4,33,1001,ring,1.0,0.42418336713854454,8.267142775120195e-05
f14,14,4,33,1001,ring,1.0,0.6866543572027081,0.00043705371197455545
f14,14,4,33,1001,ring,1.0,1.1115339327095,0.0010991723011023469
f14,14,4,33,1001,ring,1.0,1.799315289569933,0.015803158889863833
f14,14,4,33,1001,ring,1.0,2.9126735729859763,0.020447949286573674
f14,14,4,33,1001,ring,1.0,4.714942062654641,0.02088288604915778
f14,14,4,33,1001,ring,1.0,7.632396180736398,0.019362605949689304
f14,14,4,33,1001,ring,1.0,12.355076835646473,0.01639289154417367
f14,14,4,33,1001,ring,1.0,20.0,0.019286797550419954
f14,14,4,33,1001,ring,2.0,0.1,2.9014735836163652e-08
f14,14,4,33,1001,ring,2.0,0.16187677556400662,4.873791176196463e-07
f14,14,4,33,1001,ring,2.0,0.26204090466999763,7.293802203101052e-06
f14,14,4,33,1001,ring,2.0,0.42418336713854454,8.030113317347709e-05
f14,14,4,33,1001,ring,2.0,0.6866543572027081,0.00045748283794766476
f14,14,4,33,1001,ring,2.0,1.1115339327095,0.001740212819327569
f14,14,4,33,1001,ring,2.0,1.799315289569933,0.00864879201880453
f14,14,4,33,1001,ring,2.0,2.9126735729859763,0.009015523578657314
f14,14,4,33,1001,ring,2.0,4.714942062654641,0.012909218052189364
f14,14,4,33,1001,ring,2.0,7.632396180736398,0.017541038323667935
f14,14,4,33,1001,ring,2.0,12.355076835646473,0.019185007667459453
f14,14,4,33,1001,ring,2.0,20.0,0.021162420014436134
f14,14,4,33,1001,ring,4.0,0.1,2.8690781972429136e-08
f14,14,4,33,1001,ring,4.0,0.16187677556400662,4.736561886042878e-07
f14,14,4,33,1001,ring,4.0,0.26204090466999763,6.812368538944291e-06
f14,14,4,33,1001,ring,4.0,0.42418336713854454,7.039075045345289e-05
f14,14,4,33,1001,ring,4.0,0.6866543572027081,0.00039755808449404295
f14,14,4,33,1001,ring,4.0,1.1115339327095,0.0010733212047682184
f14,14,4,33,1001,ring,4.0,1.799315289569933,0.0011004109901787684
f14,14,4,33,1001,ring,4.0,2.9126735729859763,0.003801374827064663
f14,14,4,33,1001,ring,4.0,4.714942062654641,0.004697216942198712
f14,14,4,33,1001,ring,4.0,7.632396180736398,0.007585910483032365
f14,14,4,33,1001,ring,4.0,12.355076835646473,0.009872749171328521
f14,14,4,33,1001,ring,4.0,20.0,0.010470529241247584
f14,14,4,33,1001,ring,8.0,0.1,2.7424455262270442e-08
f14,14,4,33,1001,ring,8.0,0.16187677556400662,4.217313663845701e-07
f14,14,4,33,1001,ring,8.0,0.26204090466999763,5.088970399413917e-06
f14,14,4,33,1001,ring,8.0,0.42418336713854454,3.3492638717658174e-05
f14,14,4,33,1001,ring,8.0,0.6866543572027081,7.500417940653481e-05
f14,14,4,33,1001,ring,8.0,1.1115339327095,0.00013419974778527965
f14,14,4,33,1001,ring,8.0,1.799315289569933,0.0001346589990510738
f14,14,4,33,1001,ring,8.0,2.9126735729859763,0.0004151011857929099
f14,14,4,33,1001,ring,8.0,4.714942062654641,0.000451767139462933
f14,14,4,33,1001,ring,8.0,7.632396180736398,0.0006154289848711025
f14,14,4,33,1001,ring,8.0,12.355076835646473,0.0018873742757512524
f14,14,4,33,1001,ring,8.0,20.0,0.0009662757135580069
f14,14,4,33,1001,complete,0.0,0.1,0.0025462185128398707
f14,14,4,33,1001,complete,0.0,0.16187677556400662,0.008617888042394384
f14,14,4,33,1001,complete,0.0,0.26204090466999763,0.01625428904983739
f14,14,4,33,1001,complete,0.0,0.42418336713854454,0.021141076083264543
f14,14,4,33,1001,complete,0.0,0.6866543572027081,0.004176728811083996
f14,14,4,33,1001,complete,0.0,1.1115339327095,0.015456010500191075
f14,14,4,33,1001,complete,0.0,1.799315289569933,0.010707624273057603
f14,14,4,33,1001,complete,0.0,2.9126735729859763,0.014332693879749892
f14,14,4,33,1001,complete,0.0,4.714942062654641,0.0040628914793374715
f14,14,4,33,1001,complete,0.0,7.632396180736398,0.010284283274771489
f14,14,4,33,1001,complete,0.0,12.355076835646473,0.013094839802274327
f14,14,4,33,1001,complete,0.0,20.0,0.013525447034644977
f14,14,4,33,1001,complete,0.25,0.1,0.002539318379070843
f14,14,4,33,1001,complete,0.25,0.16187677556400662,0.00856209783448103
f14,14,4,33,1001,complete,0.25,0.26204090466999763,0.0159495131312829
f14,14,4,33,1001,complete,0.25,0.42418336713854454,0.02022389492742316
f14,14,4,33,1001,complete,0.25,0.6866543572027081,0.003681443405217255
f14,14,4,33,1001,complete,0.25,1.1115339327095,0.014850095819808673
f14,14,4,33,1001,complete,0.25,1.799315289569933,0.0112717729486006
f14,14,4,33,1001,complete,0.25,2.9126735729859763,0.010394556617251083
f14,14,4,33,1001,complete,0.25,4.714942062654641,0.005359979479547583
f14,14,4,33,1001,complete,0.25,7.632396180736398,0.009371935979067603
f14,14,4,33,1001,complete,0.25,12.355076835646473,0.010036660554731514
f14,14,4,33,1001,complete,0.25,20.0,0.013335521504450387
f14,14,4,33,1001,complete,0.5,0.1,0.002532191073206569
f14,14,4,33,1001,complete,0.5,0.16187677556400662,0.008504245506907537
f14,14,4,33,1001,complete,0.5,0.26204090466999763,0.015602204087308724
f14,14,4,33,1001,complete,0.5,0.42418336713854454,0.019116110480506654
f14,14,4,33,1001,complete,0.5,0.6866543572027081,0.002935207703505971
f14,14,4,33,1001,complete,0.5,1.1115339327095,0.014348288936364084
f14,14,4,33,1001,complete,0.5,1.799315289569933,0.011501195419055144
f14,14,4,33,1001,complete,0.5,2.9126735729859763,0.008038312324191166
f14,14,4,33,1001,complete,0.5,4.714942062654641,0.00536187726132531
f14,14,4,33,1001,complete,0.5,7.632396180736398,0.01719308637867789
f14,14,4,33,1001,complete,0.5,12.355076835646473,0.008007635359944643
f14,14,4,33,1001,complete,0.5,20.0,0.014544951308382181
f14,14,4,33,1001,complete,1.0,0.1,0.002517267514420718
f14,14,4,33,1001,complete,1.0,0.16187677556400662,0.008382915586680806
f14,14,4,33,1001,complete,1.0,0.26204090466999763,0.014866639703241535
f14,14,4,33,1001,complete,1.0,0.42418336713854454,0.016681927755954118
f14,14,4,33,1001,complete,1.0,0.6866543572027081,0.002162552834105158
f14,14,4,33,1001,complete,1.0,1.1115339327095,0.013770076497826356
f14,14,4,33,1001,complete,1.0,1.799315289569933,0.013798983004551069
f14,14,4,33,1001,complete,1.0,2.9126735729859763,0.009866133767375329
f14,14,4,33,1001,complete,1.0,4.714942062654641,0.007996489082310432
f14,14,4,33,1001,complete,1.0,7.632396180736398,0.010584554699328619
f14,14,4,33,1001,complete,1.0,12.355076835646473,0.012059921241871607
f14,14,4,33,1001,complete,1.0,20.0,0.014284810574858753
f14,14,4,33,1001,complete,2.0,0.1,0.002484835526480711
f14,14,4,33,1001,complete,2.0,0.16187677556400662,0.008121320071051819
f14,14,4,33,1001,complete,2.0,0.26204090466999763,0.013379473905470785
f14,14,4,33,1001,complete,2.0,0.42418336713854454,0.01214707020230088
f14,14,4,33,1001,complete,2.0,0.6866543572027081,0.0040120702635084715
f14,14,4,33,1001,complete,2.0,1.1115339327095,0.014119720983520434
f14,14,4,33,1001,complete,2.0,1.799315289569933,0.015464832033999953
f14,14,4,33,1001,complete,2.0,2.9126735729859763,0.007609241730926808
f14,14,4,33,1001,complete,2.0,4.714942062654641,0.007184274184327544
f14,14,4,33,1001,complete,2.0,7.632396180736398,0.013560361986446834
f14,14,4,33,1001,complete,2.0,12.355076835646473,0.012078826911426699
f14,14,4,33,1001,complete,2.0,20.0,0.007896246038134769
f14,14,4,33,1001,complete,4.0,0.1,0.0024103984634045172
f14,14,4,33,1001,complete,4.0,0.16187677556400662,0.007546919525744822
f14,14,4,33,1001,complete,4.0,0.26204090466999763,0.010831587015247779
f14,14,4,33,1001,complete,4.0,0.42418336713854454,0.00808613234320743
f14,14,4,33,1001,complete,4.0,0.6866543572027081,0.005957190137353963
f14,14,4,33,1001,complete,4.0,1.1115339327095,0.012326535261030225
f14,14,4,33,1001,complete,4.0,1.799315289569933,0.014245996000672112
f14,14,4,33,1001,complete,4.0,2.9126735729859763,0.005295715493980779
f14,14,4,33,1001,complete,4.0,4.714942062654641,0.007903378611046619
f14,14,4,33,1001,complete,4.0,7.632396180736398,0.014223111647805875
f14,14,4,33,1001,complete,4.0,12.355076835646473,0.008875576349203662
f14,14,4,33,1001,complete,4.0,20.0,0.007294212708296888
f14,14,4,33,1001,complete,8.0,0.1,0.0022298231753031805
f14,14,4,33,1001,complete,8.0,0.16187677556400662,0.006343825667646796
f14,14,4,33,1001,complete,8.0,0.26204090466999763,0.008308325167913577
f14,14,4,33,1001,complete,8.0,0.42418336713854454,0.005934993443100667
f14,14,4,33,1001,complete,8.0,0.6866543572027081,0.011343316214858179
f14,14,4,33,1001,complete,8.0,1.1115339327095,0.007606864901441912
f14,14,4,33,1001,complete,8.0,1.799315289569933,0.008658757075743262
f14,14,4,33,1001,complete,8.0,2.9126735729859763,0.009685717275202399
f14,14,4,33,1001,complete,8.0,4.714942062654641,0.012064061573968887
f14,14,4,33,1001,complete,8.0,7.632396180736398,0.008240591175739831
f14,14,4,33,1001,complete,8.0,12.355076835646473,0.008533522800445725
f14,14,4,33,1001,complete,8.0,20.0,0.007313886688800508
island16,16,5,55,4368,ring,0.0,0.1,1.255043624581731e-09
island16,16,5,55,4368,ring,0.0,0.16187677556400662,5.51045066243816e-08
island16,16,5,55,4368,ring,0.0,0.26204090466999763,2.0043654576085146e-06
island16,16,5,55,4368,ring,0.0,0.42418336713854454,3.571083036812972e-05
island16,16,5,55,4368,ring,0.0,0.6866543572027081,0.0002764385761058197
island16,16,5,55,4368,ring,0.0,1.1115339327095,0.00036954330781169276
island16,16,5,55,4368,ring,0.0,1.799315289569933,0.002829016967265341
island16,16,5,55,4368,ring,0.0,2.9126735729859763,0.0036540944858810542
island16,16,5,55,4368,ring,0.0,4.714942062654641,0.001246279107683046
island16,16,5,55,4368,ring,0.0,7.632396180736398,0.0033700727487461224
island16,16,5,55,4368,ring,0.0,12.355076835646473,0.0017253791021802911
island16,16,5,55,4368,ring,0.0,20.0,0.0009721915923278646
island16,16,5,55,4368,ring,0.25,0.1,1.2549534744721313e-09
island16,16,5,55,4368,ring,0.25,0.16187677556400662,5.509425826666359e-08
island16,16,5,55,4368,ring,0.25,0.26204090466999763,2.003680460660462e-06
island16,16,5,55,4368,ring,0.25,0.42418336713854454,3.5709062956579274e-05
island16,16,5,55,4368,ring,0.25,0.6866543572027081,0.000277396204291791
island16,16,5,55,4368,ring,0.25,1.1115339327095,0.00038952262118552294
island16,16,5,55,4368,ring,0.25,1.799315289569933,0.0030530851492198696
island16,16,5,55,4368,ring,0.25,2.9126735729859763,0.004102938996590311
island16,16,5,55,4368,ring,0.25,4.714942062654641,0.0024569326128974778
island16,16,5,55,4368,ring,0.25,7.632396180736398,0.004738099732082168
island16,16,5,55,4368,ring,0.25,12.355076835646473,0.005374134010349585
island16,16,5,55,4368,ring,0.25,20.0,0.005155934259580275
island16,16,5,55,4368,ring,0.5,0.1,1.2546803596080736e-09
island16,16,5,55,4368,ring,0.5,0.16187677556400662,5.506352618311894e-08
island16,16,5,55,4368,ring,0.5,0.26204090466999763,2.001624504810451e-06
island16,16,5,55,4368,ring,0.5,0.42418336713854454,3.570330437729918e-05
island16,16,5,55,4368,ring,0.5,0.6866543572027081,0.00028015892944999177
island16,16,5,55,4368,ring,0.5,1.1115339327095,0.00043999189531895855
island16,16,5,55,4368,ring,0.5,1.799315289569933,0.0033941164359742038
island16,16,5,55,4368,ring,0.5,2.9126735729859763,0.005465285369721573
island16,16,5,55,4368,ring,0.5,4.714942062654641,0.004621925926939774
island16,16,5,55,4368,ring,0.5,7.632396180736398,0.005565956666553462
island16,16,5,55,4368,ring,0.5,12.355076835646473,0.00871845545542893
island16,16,5,55,4368,ring,0.5,20.0,0.008197766566321207
island16,16,5,55,4368,ring,1.0,0.1,1.2535913418432187e-09
island16,16,5,55,4368,ring,1.0,0.16187677556400662,5.4940770710665277e-08
island16,16,5,55,4368,ring,1.0,0.26204090466999763,1.9933866096666364e-06
island16,16,5,55,4368,ring,1.0,0.42418336713854454,3.567359945244597e-05
island16,16,5,55,4368,ring,1.0,0.6866543572027081,0.00028967862849316184
island16,16,5,55,4368,ring,1.0,1.1115339327095,0.0005706007736189234
island16,16,5,55,4368,ring,1.0,1.799315289569933,0.003886866748561979
island16,16,5,55,4368,ring,1.0,2.9126735729859763,0.0064606592432974175
island16,16,5,55,4368,ring,1.0,4.714942062654641,0.008748849680728976
island16,16,5,55,4368,ring,1.0,7.632396180736398,0.0079818929680181
island16,16,5,55,4368,ring,1.0,12.355076835646473,0.00902434675013375
island16,16,5,55,4368,ring,1.0,20.0,0.009063010912277236
island16,16,5,55,4368,ring,2.0,0.1,1.249242598255762e-09
island16,16,5,55,4368,ring,2.0,0.16187677556400662,5.4452506503821496e-08
island16,16,5,55,4368,ring,2.0,0.26204090466999763,1.9602336357449346e-06
island16,16,5,55,4368,ring,2.0,0.42418336713854454,3.545829611328877e-05
island16,16,5,55,4368,ring,2.0,0.6866543572027081,0.00030854363517940353
island16,16,5,55,4368,ring,2.0,1.1115339327095,0.0005171568083878197
island16,16,5,55,4368,ring,2.0,1.799315289569933,0.003748410199220009
island16,16,5,55,4368,ring,2.0,2.9126735729859763,0.006895214967274299
island16,16,5,55,4368,ring,2.0,4.714942062654641,0.011175469742243704
island16,16,5,55,4368,ring,2.0,7.632396180736398,0.01156720811400247
island16,16,5,55,4368,ring,2.0,12.355076835646473,0.01050099343129729
island16,16,5,55,4368,ring,2.0,20.0,0.010243590801646607
island16,16,5,55,4368,ring,4.0,0.1,1.2320073849991786e-09
island16,16,5,55,4368,ring,4.0,0.16187677556400662,5.254305013302485e-08
island16,16,5,55,4368,ring,4.0,0.26204090466999763,1.8258536003123993e-06
island16,16,5,55,4368,ring,4.0,0.42418336713854454,3.356073166915774e-05
island16,16,5,55,4368,ring,4.0,0.6866543572027081,0.0002469531996223129
island16,16,5,55,4368,ring,4.0,1.1115339327095,6.175809375030816e-05
island16,16,5,55,4368,ring,4.0,1.799315289569933,0.002771343405395754
island16,16,5,55,4368,ring,4.0,2.9126735729859763,0.006414145643044877
island16,16,5,55,4368,ring,4.0,4.714942062654641,0.010849313547413142
island16,16,5,55,4368,ring,4.0,7.632396180736398,0.013265412539304577
island16,16,5,55,4368,ring,4.0,12.355076835646473,0.01461635945433748
island16,16,5,55,4368,ring,4.0,20.0,0.013924708526467433
island16,16,5,55,4368,ring,8.0,0.1,1.16550991080544e-09
island16,16,5,55,4368,ring,8.0,0.16187677556400662,4.556960842005964e-08
island16,16,5,55,4368,ring,8.0,0.26204090466999763,1.3262215261544696e-06
island16,16,5,55,4368,ring,8.0,0.42418336713854454,2.1911821160514044e-05
island16,16,5,55,4368,ring,8.0,0.6866543572027081,0.0001225714466732697
island16,16,5,55,4368,ring,8.0,1.1115339327095,6.66092570695831e-05
island16,16,5,55,4368,ring,8.0,1.799315289569933,0.0018911871533239255
island16,16,5,55,4368,ring,8.0,2.9126735729859763,0.004646948281935126
island16,16,5,55,4368,ring,8.0,4.714942062654641,0.010866593254747148
island16,16,5,55,4368,ring,8.0,7.632396180736398,0.013338915997241574
island16,16,5,55,4368,ring,8.0,12.355076835646473,0.014386994530807717
island16,16,5,55,4368,ring,8.0,20.0,0.01637798920506417
island16,16,5,55,4368,complete,0.0,0.1,0.002197770058737114
island16,16,5,55,4368,complete,0.0,0.16187677556400662,0.005578782828497109
island16,16,5,55,4368,complete,0.0,0.26204090466999763,0.007860670196952912
island16,16,5,55,4368,complete,0.0,0.42418336713854454,0.011771829315114668
island16,16,5,55,4368,complete,0.0,0.6866543572027081,0.002328420059149905
island16,16,5,55,4368,complete,0.0,1.1115339327095,0.008273451950969624
island16,16,5,55,4368,complete,0.0,1.799315289569933,0.006045206051238594
island16,16,5,55,4368,complete,0.0,2.9126735729859763,0.007438008516762573
island16,16,5,55,4368,complete,0.0,4.714942062654641,0.002143864911042126
island16,16,5,55,4368,complete,0.0,7.632396180736398,0.005555643190590875
island16,16,5,55,4368,complete,0.0,12.355076835646473,0.007119220245813129
island16,16,5,55,4368,complete,0.0,20.0,0.00813910031281051
island16,16,5,55,4368,complete,0.25,0.1,0.0022055116116617146
island16,16,5,55,4368,complete,0.25,0.16187677556400662,0.005612048039097761
island16,16,5,55,4368,complete,0.25,0.26204090466999763,0.007882630541940272
island16,16,5,55,4368,complete,0.25,0.42418336713854454,0.012037659625158126
island16,16,5,55,4368,complete,0.25,0.6866543572027081,0.002731380143392803
island16,16,5,55,4368,complete,0.25,1.1115339327095,0.008107568431886203
island16,16,5,55,4368,complete,0.25,1.799315289569933,0.004849680242210996
island16,16,5,55,4368,complete,0.25,2.9126735729859763,0.008560193304303021
island16,16,5,55,4368,complete,0.25,4.714942062654641,0.0030162572297708357
island16,16,5,55,4368,complete,0.25,7.632396180736398,0.007347310346245917
island16,16,5,55,4368,complete,0.25,12.355076835646473,0.006739712440558487
island16,16,5,55,4368,complete,0.25,20.0,0.007168632503821715
island16,16,5,55,4368,complete,0.5,0.1,0.00221330797248509
island16,16,5,55,4368,complete,0.5,0.16187677556400662,0.005646427808771337
island16,16,5,55,4368,complete,0.5,0.26204090466999763,0.007906602712535071
island16,16,5,55,4368,complete,0.5,0.42418336713854454,0.012243714395983152
island16,16,5,55,4368,complete,0.5,0.6866543572027081,0.0031105589008125767
island16,16,5,55,4368,complete,0.5,1.1115339327095,0.007811498965406782
island16,16,5,55,4368,complete,0.5,1.799315289569933,0.003723400924885545
island16,16,5,55,4368,complete,0.5,2.9126735729859763,0.008355808605085446
island16,16,5,55,4368,complete,0.5,4.714942062654641,0.004059469500439006
island16,16,5,55,4368,complete,0.5,7.632396180736398,0.008898022310137699
island16,16,5,55,4368,complete,0.5,12.355076835646473,0.007467959034124005
island16,16,5,55,4368,complete,0.5,20.0,0.009978827118514166
island16,16,5,55,4368,complete,1.0,0.1,0.002229062984488217
island16,16,5,55,4368,complete,1.0,0.16187677556400662,0.005718635813612094
island16,16,5,55,4368,complete,1.0,0.26204090466999763,0.007963333964780883
island16,16,5,55,4368,complete,1.0,0.42418336713854454,0.01248922520925011
island16,16,5,55,4368,complete,1.0,0.6866543572027081,0.0037536695435849143
island16,16,5,55,4368,complete,1.0,1.1115339327095,0.007119852460500287
island16,16,5,55,4368,complete,1.0,1.799315289569933,0.002491801157163631
island16,16,5,55,4368,complete,1.0,2.9126735729859763,0.007082208991533778
island16,16,5,55,4368,complete,1.0,4.714942062654641,0.005782703695318525
island16,16,5,55,4368,complete,1.0,7.632396180736398,0.009958795423281264
island16,16,5,55,4368,complete,1.0,12.355076835646473,0.013732596009436993
island16,16,5,55,4368,complete,1.0,20.0,0.0013694283165175403
island16,16,5,55,4368,complete,2.0,0.1,0.0022612011861872228
island16,16,5,55,4368,complete,2.0,0.16187677556400662,0.005877355661215833
island16,16,5,55,4368,complete,2.0,0.26204090466999763,0.008125662734707162
island16,16,5,55,4368,complete,2.0,0.42418336713854454,0.01245864388536344
island16,16,5,55,4368,complete,2.0,0.6866543572027081,0.004522479844214611
island16,16,5,55,4368,complete,2.0,1.1115339327095,0.006650153745626164
island16,16,5,55,4368,complete,2.0,1.799315289569933,0.002756565200930705
island16,16,5,55,4368,complete,2.0,2.9126735729859763,0.010628116631033802
island16,16,5,55,4368,complete,2.0,4.714942062654641,0.004204734309383951
island16,16,5,55,4368,complete,2.0,7.632396180736398,0.005373492187451978
island16,16,5,55,4368,complete,2.0,12.355076835646473,0.0045229921943298335
island16,16,5,55,4368,complete,2.0,20.0,0.0026036450215844997
island16,16,5,55,4368,complete,4.0,0.1,0.0023277312536773564
island16,16,5,55,4368,complete,4.0,0.16187677556400662,0.006252603859496886
island16,16,5,55,4368,complete,4.0,0.26204090466999763,0.008694984045271803
island16,16,5,55,4368,complete,4.0,0.42418336713854454,0.011524983118849419
island16,16,5,55,4368,complete,4.0,0.6866543572027081,0.005476615568733467
island16,16,5,55,4368,complete,4.0,1.1115339327095,0.007896991218569238
island16,16,5,55,4368,complete,4.0,1.799315289569933,0.0042616861765246705
island16,16,5,55,4368,complete,4.0,2.9126735729859763,0.010125786511940293
island16,16,5,55,4368,complete,4.0,4.714942062654641,0.011381344680041927
island16,16,5,55,4368,complete,4.0,7.632396180736398,0.0068348003445533045
island16,16,5,55,4368,complete,4.0,12.355076835646473,0.003493269056003223
island16,16,5,55,4368,complete,4.0,20.0,0.004722083093373186
island16,16,5,55,4368,complete,8.0,0.1,0.0024663590894032916
island16,16,5,55,4368,complete,8.0,0.16187677556400662,0.007186736248758541
island16,16,5,55,4368,complete,8.0,0.26204090466999763,0.010675555965811934
island16,16,5,55,4368,complete,8.0,0.42418336713854454,0.01054640901392312
island16,16,5,55,4368,complete,8.0,0.6866543572027081,0.006115153689689956
island16,16,5,55,4368,complete,8.0,1.1115339327095,0.0038770020665961358
island16,16,5,55,4368,complete,8.0,1.799315289569933,0.003813654502617503
island16,16,5,55,4368,complete,8.0,2.9126735729859763,0.007049241483449764
island16,16,5,55,4368,complete,8.0,4.714942062654641,0.005941227880055466
island16,16,5,55,4368,complete,8.0,7.632396180736398,0.0014707764741085372
island16,16,5,55,4368,complete,8.0,12.355076835646473,0.006419395755206447
island16,16,5,55,4368,complete,8.0,20.0,0.003450322905443337
p0,12,4,120,495,ring,0.0,0.1,2.4140294617724933e-05
p0,12,4,120,495,ring,0.0,0.16187677556400662,0.00015697036618578242
p0,12,4,120,495,ring,0.0,0.26204090466999763,0.0009349038501059725
p0,12,4,120,495,ring,0.0,0.42418336713854454,0.004369854022754471
p0,12,4,120,495,ring,0.0,0.6866543572027081,0.01212578022018096
p0,12,4,120,495,ring,0.0,1.1115339327095,0.03129446615753695
p0,12,4,120,495,ring,0.0,1.799315289569933,0.08825354862910983
p0,12,4,120,495,ring,0.0,2.9126735729859763,0.08537591246480536
p0,12,4,120,495,ring,0.0,4.714942062654641,0.027998354222002142
p0,12,4,120,495,ring,0.0,7.632396180736398,0.02533197505390461
p0,12,4,120,495,ring,0.0,12.355076835646473,0.05444095457751108
p0,12,4,120,495,ring,0.0,20.0,0.1404331246950553
p0,12,4,120,495,ring,0.25,0.1,2.413990344474204e-05
p0,12,4,120,495,ring,0.25,0.16187677556400662,0.00015696141460574964
p0,12,4,120,495,ring,0.25,0.26204090466999763,0.0009347040746970903
p0,12,4,120,495,ring,0.25,0.42418336713854454,0.00436763219045222
p0,12,4,120,495,ring,0.25,0.6866543572027081,0.012162044867327415
p0,12,4,120,495,ring,0.25,1.1115339327095,0.03157671860558042
p0,12,4,120,495,ring,0.25,1.799315289569933,0.09702018151094649
p0,12,4,120,495,ring,0.25,2.9126735729859763,0.10294820973117602
p0,12,4,120,495,ring,0.25,4.714942062654641,0.049662133072402415
p0,12,4,120,495,ring,0.25,7.632396180736398,0.0733586359131696
p0,12,4,120,495,ring,0.25,12.355076835646473,0.15544335694094302
p0,12,4,120,495,ring,0.25,20.0,0.15774277866040265
p0,12,4,120,495,ring,0.5,0.1,2.4138726200439997e-05
p0,12,4,120,495,ring,0.5,0.16187677556400662,0.00015693442765951637
p0,12,4,120,495,ring,0.5,0.26204090466999763,0.0009341026673793662
p0,12,4,120,495,ring,0.5,0.42418336713854454,0.004360927989497054
p0,12,4,120,495,ring,0.5,0.6866543572027081,0.012253165463785187
p0,12,4,120,495,ring,0.5,1.1115339327095,0.03210230953648696
p0,12,4,120,495,ring,0.5,1.799315289569933,0.11300373511030748
p0,12,4,120,495,ring,0.5,2.9126735729859763,0.13802942986637157
p0,12,4,120,495,ring,0.5,4.714942062654641,0.10039490523784556
p0,12,4,120,495,ring,0.5,7.632396180736398,0.15122684489695404
p0,12,4,120,495,ring,0.5,12.355076835646473,0.16304899527835837
p0,12,4,120,495,ring,0.5,20.0,0.17547206717197317
p0,12,4,120,495,ring,1.0,0.1,2.4133961048389274e-05
p0,12,4,120,495,ring,1.0,0.16187677556400662,0.00015682449333664916
p0,12,4,120,495,ring,1.0,0.26204090466999763,0.000931666645604956
p0,12,4,120,495,ring,1.0,0.42418336713854454,0.004333561700406552
p0,12,4,120,495,ring,1.0,0.6866543572027081,0.0124560136181745
p0,12,4,120,495,ring,1.0,1.1115339327095,0.03276930974503589
p0,12,4,120,495,ring,1.0,1.799315289569933,0.10800209983616849
p0,12,4,120,495,ring,1.0,2.9126735729859763,0.15000267358443797
p0,12,4,120,495,ring,1.0,4.714942062654641,0.18534089601041703
p0,12,4,120,495,ring,1.0,7.632396180736398,0.1795051104133576
p0,12,4,120,495,ring,1.0,12.355076835646473,0.19255241721989957
p0,12,4,120,495,ring,1.0,20.0,0.18234832697776082
p0,12,4,120,495,ring,2.0,0.1,2.411398011170629e-05
p0,12,4,120,495,ring,2.0,0.16187677556400662,0.000156352931330761
p0,12,4,120,495,ring,2.0,0.26204090466999763,0.0009214870855437374
p0,12,4,120,495,ring,2.0,0.42418336713854454,0.0042170129494673025
p0,12,4,120,495,ring,2.0,0.6866543572027081,0.012345077823278872
p0,12,4,120,495,ring,2.0,1.1115339327095,0.030318671682062148
p0,12,4,120,495,ring,2.0,1.799315289569933,0.07518305311678475
p0,12,4,120,495,ring,2.0,2.9126735729859763,0.14570495334502442
p0,12,4,120,495,ring,2.0,4.714942062654641,0.16050205932974193
p0,12,4,120,495,ring,2.0,7.632396180736398,0.1682332883754889
p0,12,4,120,495,ring,2.0,12.355076835646473,0.16138129763541031
p0,12,4,120,495,ring,2.0,20.0,0.1689971494184157
p0,12,4,120,495,ring,4.0,0.1,2.4018214214938105e-05
p0,12,4,120,495,ring,4.0,0.16187677556400662,0.0001539954461718951
p0,12,4,120,495,ring,4.0,0.26204090466999763,0.0008764807780377026
p0,12,4,120,495,ring,4.0,0.42418336713854454,0.0037070187980072777
p0,12,4,120,495,ring,4.0,0.6866543572027081,0.009706326962895084
p0,12,4,120,495,ring,4.0,1.1115339327095,0.02126807178045209
p0,12,4,120,495,ring,4.0,1.799315289569933,0.053230540987851294
p0,12,4,120,495,ring,4.0,2.9126735729859763,0.0813464244861809
p0,12,4,120,495,ring,4.0,4.714942062654641,0.0987996799605022
p0,12,4,120,495,ring,4.0,7.632396180736398,0.10008353617858179
p0,12,4,120,495,ring,4.0,12.355076835646473,0.09628383663502837
p0,12,4,120,495,ring,4.0,20.0,0.10094680333887696
p0,12,4,120,495,ring,8.0,0.1,2.340073827544753e-05
p0,12,4,120,495,ring,8.0,0.16187677556400662,0.00014136036530665308
p0,12,4,120,495,ring,8.0,0.26204090466999763,0.0006932572515986335
p0,12,4,120,495,ring,8.0,0.42418336713854454,0.002090416126967698
p0,12,4,120,495,ring,8.0,0.6866543572027081,0.004553224391069199
p0,12,4,120,495,ring,8.0,1.1115339327095,0.01524363407603091
p0,12,4,120,495,ring,8.0,1.799315289569933,0.02970763928224418
p0,12,4,120,495,ring,8.0,2.9126735729859763,0.02844897123847201
p0,12,4,120,495,ring,8.0,4.714942062654641,0.03110303913033674
p0,12,4,120,495,ring,8.0,7.632396180736398,0.03480612574570874
p0,12,4,120,495,ring,8.0,12.355076835646473,0.03878244709881873
p0,12,4,120,495,ring,8.0,20.0,0.039193190903925035
p0,12,4,120,495,complete,0.0,0.1,0.03809101295054751
p0,12,4,120,495,complete,0.0,0.16187677556400662,0.08401255196319768
p0,12,4,120,495,complete,0.0,0.26204090466999763,0.1407202027834885
p0,12,4,120,495,complete,0.0,0.42418336713854454,0.1640556220935332
p0,12,4,120,495,complete,0.0,0.6866543572027081,0.14680517722092312
p0,12,4,120,495,complete,0.0,1.1115339327095,0.0651352590449944
p0,12,4,120,495,complete,0.0,1.799315289569933,0.10945823306578528
p0,12,4,120,495,complete,0.0,2.9126735729859763,0.12745260188739505
p0,12,4,120,495,complete,0.0,4.714942062654641,0.19291781500138616
p0,12,4,120,495,complete,0.0,7.632396180736398,0.11034338324452386
p0,12,4,120,495,complete,0.0,12.355076835646473,0.11766834710874852
p0,12,4,120,495,complete,0.0,20.0,0.08108706700502999
p0,12,4,120,495,complete,0.25,0.1,0.038180134488398854
p0,12,4,120,495,complete,0.25,0.16187677556400662,0.08448799299189091
p0,12,4,120,495,complete,0.25,0.26204090466999763,0.14211142905208363
p0,12,4,120,495,complete,0.25,0.42418336713854454,0.16471274755793763
p0,12,4,120,495,complete,0.25,0.6866543572027081,0.15507369635687085
p0,12,4,120,495,complete,0.25,1.1115339327095,0.06445355798286834
p0,12,4,120,495,complete,0.25,1.799315289569933,0.11233704135391487
p0,12,4,120,495,complete,0.25,2.9126735729859763,0.14986301853982087
p0,12,4,120,495,complete,0.25,4.714942062654641,0.2065941790721082
p0,12,4,120,495,complete,0.25,7.632396180736398,0.10385624611082145
p0,12,4,120,495,complete,0.25,12.355076835646473,0.09061256719015365
p0,12,4,120,495,complete,0.25,20.0,0.1093276499648459
p0,12,4,120,495,complete,0.5,0.1,0.038267512255579006
p0,12,4,120,495,complete,0.5,0.16187677556400662,0.08495211517910506
p0,12,4,120,495,complete,0.5,0.26204090466999763,0.14335555906931463
p0,12,4,120,495,complete,0.5,0.42418336713854454,0.16499969274654647
p0,12,4,120,495,complete,0.5,0.6866543572027081,0.16346279236457173
p0,12,4,120,495,complete,0.5,1.1115339327095,0.06850580877344281
p0,12,4,120,495,complete,0.5,1.799315289569933,0.11348936332140891
p0,12,4,120,495,complete,0.5,2.9126735729859763,0.1382554418570734
p0,12,4,120,495,complete,0.5,4.714942062654641,0.20071569037512038
p0,12,4,120,495,complete,0.5,7.632396180736398,0.09491336169081355
p0,12,4,120,495,complete,0.5,12.355076835646473,0.08924894484557178
p0,12,4,120,495,complete,0.5,20.0,0.08180612918240371
p0,12,4,120,495,complete,1.0,0.1,0.03843673299148265
p0,12,4,120,495,complete,1.0,0.16187677556400662,0.085841480328957
p0,12,4,120,495,complete,1.0,0.26204090466999763,0.14526541243056712
p0,12,4,120,495,complete,1.0,0.42418336713854454,0.1631293531928083
p0,12,4,120,495,complete,1.0,0.6866543572027081,0.17831225465483647
p0,12,4,120,495,complete,1.0,1.1115339327095,0.08038089077821609
p0,12,4,120,495,complete,1.0,1.799315289569933,0.11032893145141998
p0,12,4,120,495,complete,1.0,2.9126735729859763,0.08900567048788299
p0,12,4,120,495,complete,1.0,4.714942062654641,0.12822292504771582
p0,12,4,120,495,complete,1.0,7.632396180736398,0.08797209097681002
p0,12,4,120,495,complete,1.0,12.355076835646473,0.10862155992164824
p0,12,4,120,495,complete,1.0,20.0,0.10538218533509935
p0,12,4,120,495,complete,2.0,0.1,0.038750937823133214
p0,12,4,120,495,complete,2.0,0.16187677556400662,0.08743107263986505
p0,12,4,120,495,complete,2.0,0.26204090466999763,0.14688409201713126
p0,12,4,120,495,complete,2.0,0.42418336713854454,0.15644459707406244
p0,12,4,120,495,complete,2.0,0.6866543572027081,0.17873791834700825
p0,12,4,120,495,complete,2.0,1.1115339327095,0.09465572267864841
p0,12,4,120,495,complete,2.0,1.799315289569933,0.09814143740558223
p0,12,4,120,495,complete,2.0,2.9126735729859763,0.10204398569543405
p0,12,4,120,495,complete,2.0,4.714942062654641,0.1115955166754965
p0,12,4,120,495,complete,2.0,7.632396180736398,0.1174070672666292
p0,12,4,120,495,complete,2.0,12.355076835646473,0.10377952773874055
p0,12,4,120,495,complete,2.0,20.0,0.07694168906821253
p0,12,4,120,495,complete,4.0,0.1,0.039266276339152584
p0,12,4,120,495,complete,4.0,0.16187677556400662,0.08961109884895946
p0,12,4,120,495,complete,4.0,0.26204090466999763,0.1449945580894213
p0,12,4,120,495,complete,4.0,0.42418336713854454,0.14071688942294114
p0,12,4,120,495,complete,4.0,0.6866543572027081,0.10742762627408287
p0,12,4,120,495,complete,4.0,1.1115339327095,0.10049183683035234
p0,12,4,120,495,complete,4.0,1.799315289569933,0.15170145909397237
p0,12,4,120,495,complete,4.0,2.9126735729859763,0.0776183247693053
p0,12,4,120,495,complete,4.0,4.714942062654641,0.13532955688255333
p0,12,4,120,495,complete,4.0,7.632396180736398,0.1190686096260688
p0,12,4,120,495,complete,4.0,12.355076835646473,0.11058946547628712
p0,12,4,120,495,complete,4.0,20.0,0.12214216232496644
p0,12,4,120,495,complete,8.0,0.1,0.03973328598071557
p0,12,4,120,495,complete,8.0,0.16187677556400662,0.08870351110098051
p0,12,4,120,495,complete,8.0,0.26204090466999763,0.11589530154338779
p0,12,4,120,495,complete,8.0,0.42418336713854454,0.06528619799770663
p0,12,4,120,495,complete,8.0,0.6866543572027081,0.05620381076045666
p0,12,4,120,495,complete,8.0,1.1115339327095,0.0779761722691662
p0,12,4,120,495,complete,8.0,1.799315289569933,0.09061189630587152
p0,12,4,120,495,complete,8.0,2.9126735729859763,0.06961620662972623
p0,12,4,120,495,complete,8.0,4.714942062654641,0.0836800441251494
p0,12,4,120,495,complete,8.0,7.632396180736398,0.05777679228606214
p0,12,4,120,495,complete,8.0,12.355076835646473,0.06763446713904586
p0,12,4,120,495,complete,8.0,20.0,0.08169134037656511
