variant,method,target,q95_abs_err,q_mean,q_median,frac_within_target,reps
full,quantum_iqae,0.1,0.03549380786678066,21524.0,21150.0,1.0,200
full,quantum_iqae,0.07,0.028497697486588237,31032.5,34650.0,1.0,200
full,quantum_iqae,0.05,0.0160670697867937,37110.5,36350.0,0.995,200
full,quantum_iqae,0.035,0.011587897354646989,47397.5,37600.0,0.99,200
full,quantum_iqae,0.025,0.00948161413289962,74989.0,43050.0,1.0,200
full,quantum_iqae,0.018,0.006415437408786838,129159.5,150600.0,1.0,200
full,quantum_iqae,0.013,0.004609161032460068,157085.0,163650.0,0.99,200
full,quantum_iqae,0.009,0.0027265986220675366,198448.5,169500.0,0.995,200
full,quantum_iqae,0.0065,0.0023420247281864415,264687.0,176400.0,0.985,200
full,quantum_iqae,0.0045,0.0014659355686180145,476970.0,487100.0,1.0,200
full,mcmc_swap,,0.5276043941171158,1280.4565550843633,,,150
full,mcmc_swap,,0.45375145294064567,1350.4565550843633,,,150
full,mcmc_swap,,0.43494522456694296,1469.4565550843633,,,150
full,mcmc_swap,,0.30291333720654673,1672.4565550843633,,,150
full,mcmc_swap,,0.21630610707620104,2018.4565550843633,,,150
full,mcmc_swap,,0.18120965727501107,2605.4565550843636,,,150
full,mcmc_swap,,0.11798970764846943,3604.4565550843636,,,150
full,mcmc_swap,,0.08952863654135867,5305.456555084364,,,150
full,mcmc_swap,,0.06978068215020941,8197.456555084364,,,150
full,mcmc_swap,,0.0559594787209026,13118.456555084364,,,150
full,mcmc_swap,,0.039889169339923994,21489.45655508436,,,150
full,mcmc_swap,,0.0339530609211297,35731.45655508436,,,150
full,mcmc_swap,,0.023695707958419555,59960.45655508436,,,150
full,mcmc_swap,,0.01767539411711635,101180.45655508437,,,150
encodable,quantum_iqae,0.1,0.044226762139596996,18951.5,18850.0,1.0,200
encodable,quantum_iqae,0.07,0.026911499879174548,28044.5,31400.0,0.995,200
encodable,quantum_iqae,0.05,0.01731243567904014,32792.5,32900.0,0.995,200
encodable,quantum_iqae,0.035,0.010232065833381097,41648.5,34500.0,0.995,200
encodable,quantum_iqae,0.025,0.007775660217157295,68370.0,44600.0,1.0,200
encodable,quantum_iqae,0.018,0.006348564809511523,113528.0,121600.0,0.995,200
encodable,quantum_iqae,0.013,0.003755163122882305,144588.0,149300.0,1.0,200
encodable,quantum_iqae,0.009,0.0025001523229879023,167710.5,153950.0,0.995,200
encodable,quantum_iqae,0.0065,0.0021691548860328976,235379.5,168900.0,1.0,200
encodable,quantum_iqae,0.0045,0.0016858386350068586,419508.0,413250.0,0.995,200
encodable,mcmc_swap,,0.46238317516368677,1247.134554550136,,,150
encodable,mcmc_swap,,0.42235376339898123,1317.134554550136,,,150
encodable,mcmc_swap,,0.3252257357173204,1436.134554550136,,,150
encodable,mcmc_swap,,0.27260457767897023,1639.134554550136,,,150
encodable,mcmc_swap,,0.2079844989006168,1985.134554550136,,,150
encodable,mcmc_swap,,0.15539194709351176,2572.1345545501363,,,150
encodable,mcmc_swap,,0.13945135381999907,3571.1345545501363,,,150
encodable,mcmc_swap,,0.10462256910308124,5272.134554550136,,,150
encodable,mcmc_swap,,0.07177600685814362,8164.134554550136,,,150
encodable,mcmc_swap,,0.05695370624091954,13085.134554550135,,,150
encodable,mcmc_swap,,0.04406357479146835,21456.134554550135,,,150
encodable,mcmc_swap,,0.03325090566096334,35698.13455455014,,,150
encodable,mcmc_swap,,0.027510865879344072,59927.13455455014,,,150
encodable,mcmc_swap,,0.021007175163687268,101147.13455455014,,,150
