method,a,eps,queries,queries_mean,shots,coverage,kappa
iqae,0.001,0.049999999999999996,200.0,200.0,300.0,1.0,316.3859985841663
iqae,0.001,0.025967721822507204,200.0,200.0,300.0,1.0,164.31647199539577
iqae,0.001,0.01348645153302234,400.0,400.0,400.0,1.0,170.67697742528932
iqae,0.001,0.007004248435645004,400.0,400.0,400.0,1.0,88.64184542572518
iqae,0.001,0.0036376874990512132,400.0,885.0,400.0,1.0,46.03653567697826
iqae,0.001,0.0018892491410514782,1500.0,1505.0,500.0,1.0,89.65979640987756
iqae,0.001,0.0009811899229647098,1500.0,2825.0,500.0,1.0,46.565213036686636
iqae,0.001,0.000509585339491897,5400.0,5800.0,600.0,1.0,87.06185990945741
iqae,0.001,0.0002646554068150697,7750.0,11595.0,600.0,1.0,64.89328050356055
iqae,0.001,0.00013744995965992424,25250.0,25315.0,700.0,1.0,109.80528792445523
iqae,0.001,7.138524633927497e-05,24600.0,28315.0,700.0,1.0,55.5598194201814
iqae,0.001,3.707424438338892e-05,113150.0,96760.0,800.0,1.0,132.72236826767363
iqae,0.001,1.9254673298549868e-05,114700.0,126870.0,800.0,1.0,69.87419667702699
iqae,0.001,1e-05,193850.0,320280.0,800.0,1.0,61.33142582554064
mlae_exp,0.001,0.0014686761822781964,150.0,150.0,150.0,,6.9700287079030225
mlae_exp,0.001,0.0010166176611373777,350.0,350.0,200.0,,11.25752578640371
mlae_exp,0.001,0.00047152417052602784,750.0,750.0,250.0,,11.188773416133603
mlae_exp,0.001,0.0002467103022413014,1550.0,1550.0,300.0,,12.098631227020421
mlae_exp,0.001,0.0001479459460650211,3150.0,3150.0,350.0,,14.744528152912187
mlae_exp,0.001,7.705006460890156e-05,6350.0,6350.0,400.0,,15.479751636486277
mlae_exp,0.001,3.86388356600832e-05,12750.0,12750.0,450.0,,15.586602920667268
mlae_exp,0.001,1.9394764638107982e-05,25550.0,25550.0,500.0,,15.678072702084975
mlae_exp,0.001,9.692863080523122e-06,51150.0,51150.0,550.0,,15.686099733314686
mlae_exp,0.001,4.848227503283849e-06,102350.0,102350.0,600.0,,15.699582155394376
mlae_exp,0.001,2.423829449173503e-06,204750.0,204750.0,650.0,,15.701575221309742
mlae_exp,0.001,1.5148044261843415e-06,409550.0,409550.0,700.0,,19.628212521563253
iqae,0.01,0.049999999999999996,200.0,200.0,300.0,1.0,100.5037815259212
iqae,0.01,0.025967721822507204,400.0,420.0,400.0,1.0,104.3941696310064
iqae,0.01,0.01348645153302234,400.0,380.0,400.0,1.0,54.21757513739209
iqae,0.01,0.007004248435645004,1400.0,1045.0,500.0,1.0,98.5534836341077
iqae,0.01,0.0036376874990512132,1500.0,1525.0,500.0,1.0,54.84020244963267
iqae,0.01,0.0018892491410514782,2600.0,2805.0,600.0,1.0,49.36793755927073
iqae,0.01,0.0009811899229647098,6300.0,6115.0,600.0,1.0,62.12637752144081
iqae,0.01,0.000509585339491897,7300.0,9175.0,600.0,1.0,37.38713514924738
iqae,0.01,0.0002646554068150697,18500.0,22600.0,700.0,1.0,49.20790799446179
iqae,0.01,0.00013744995965992424,54400.0,45635.0,800.0,1.0,75.14946949725794
iqae,0.01,7.138524633927497e-05,78500.0,85235.0,800.0,1.0,56.319724537713974
iqae,0.01,3.707424438338892e-05,146550.0,170385.0,800.0,1.0,54.60602125977835
iqae,0.01,1.9254673298549868e-05,271450.0,332230.0,900.0,1.0,52.53012120525182
iqae,0.01,1e-05,657250.0,793795.0,950.0,1.0,66.05611040791172
mlae_exp,0.01,0.004740036978217508,150.0,150.0,150.0,,7.145874613253403
mlae_exp,0.01,0.0025067171263386213,350.0,350.0,200.0,,8.817709264448764
mlae_exp,0.01,0.001591883134758085,750.0,750.0,250.0,,11.999270609289388
mlae_exp,0.01,0.000906609416884389,1550.0,1550.0,300.0,,14.123239588403177
mlae_exp,0.01,0.0004741797618680755,3150.0,3150.0,350.0,,15.011910645102756
mlae_exp,0.01,0.0002437329383661634,6350.0,6350.0,400.0,,15.555012062522053
mlae_exp,0.01,0.00012171224277910103,12750.0,12750.0,450.0,,15.59648933805833
mlae_exp,0.01,6.090826272611358e-05,25550.0,25550.0,500.0,,15.640459915530002
mlae_exp,0.01,3.0490170080013645e-05,51150.0,51150.0,550.0,,15.674290362176489
mlae_exp,0.01,1.5256989758007274e-05,102350.0,102350.0,600.0,,15.69419716768457
mlae_exp,0.01,7.6293131878076015e-06,204750.0,204750.0,650.0,,15.699714558669509
mlae_exp,0.01,3.815221376051933e-06,409550.0,409550.0,700.0,,15.703956213817337
iqae,0.019291,0.049999999999999996,200.0,180.0,300.0,0.9,72.70303636048072
iqae,0.019291,0.025967721822507204,350.0,350.0,400.0,1.0,66.07762783512065
iqae,0.019291,0.01348645153302234,400.0,455.0,400.0,1.0,39.22023904716737
iqae,0.019291,0.007004248435645004,1250.0,1290.0,500.0,1.0,63.65376608681736
iqae,0.019291,0.0036376874990512132,1650.0,1650.0,550.0,1.0,43.63770287441178
iqae,0.019291,0.0018892491410514782,4800.0,4505.0,600.0,1.0,65.92999151801885
iqae,0.019291,0.0009811899229647098,5400.0,6450.0,600.0,1.0,38.52116278875391
iqae,0.019291,0.000509585339491897,11900.0,15320.0,700.0,1.0,44.087597744358284
iqae,0.019291,0.0002646554068150697,25550.0,28865.0,700.0,1.0,49.161398003241636
iqae,0.019291,0.00013744995965992424,56900.0,66095.0,800.0,1.0,56.86033737079285
iqae,0.019291,7.138524633927497e-05,171550.0,143060.0,900.0,1.0,89.03314896833704
iqae,0.019291,3.707424438338892e-05,135950.0,187215.0,900.0,1.0,36.64410081853586
iqae,0.019291,1.9254673298549868e-05,497050.0,523160.0,900.0,1.0,69.58069804886699
iqae,0.019291,1e-05,812400.0,786020.0,1000.0,1.0,59.06394673925455
mlae_exp,0.019291,0.006634271124223308,150.0,150.0,150.0,,7.234974821545418
mlae_exp,0.019291,0.0034299413982919478,350.0,350.0,200.0,,8.727850396801816
mlae_exp,0.019291,0.001993310785478369,750.0,750.0,250.0,,10.868980988577919
mlae_exp,0.019291,0.001363694928581986,1550.0,1550.0,300.0,,15.36743810648139
mlae_exp,0.019291,0.0005935364572935914,3150.0,3150.0,350.0,,13.592849330304372
mlae_exp,0.019291,0.0003351603179129036,6350.0,6350.0,400.0,,15.47315471518069
mlae_exp,0.019291,0.00016833116949056294,12750.0,12750.0,450.0,,15.60368859849517
mlae_exp,0.019291,8.426443552273215e-05,25550.0,25550.0,500.0,,15.6526462168452
mlae_exp,0.019291,4.7457616044365575e-05,51150.0,51150.0,550.0,,17.648349894534572
mlae_exp,0.019291,2.109596260200207e-05,102350.0,102350.0,600.0,,15.697834387113465
mlae_exp,0.019291,1.0545997874845947e-05,204750.0,204750.0,650.0,,15.698716220851974
mlae_exp,0.019291,5.274446164758341e-06,409550.0,409550.0,700.0,,15.704942231902372
iqae,0.0275585,0.049999999999999996,200.0,245.0,400.0,0.9,61.08582871038093
iqae,0.0275585,0.025967721822507204,300.0,290.0,400.0,1.0,47.58779421745488
iqae,0.0275585,0.01348645153302234,700.0,625.0,500.0,1.0,57.66817477799399
iqae,0.0275585,0.007004248435645004,900.0,1105.0,500.0,1.0,38.50742881662878
iqae,0.0275585,0.0036376874990512132,2200.0,2710.0,600.0,1.0,48.88645420316601
iqae,0.0275585,0.0018892491410514782,4100.0,5090.0,600.0,1.0,47.316603262817004
iqae,0.0275585,0.0009811899229647098,7650.0,10010.0,700.0,1.0,45.851651668429206
iqae,0.0275585,0.000509585339491897,16350.0,18845.0,700.0,1.0,50.89500391509065
iqae,0.0275585,0.0002646554068150697,24500.0,29210.0,700.0,1.0,39.60840237755475
iqae,0.0275585,0.00013744995965992424,70850.0,66975.0,800.0,1.0,59.48739364306727
iqae,0.0275585,7.138524633927497e-05,83750.0,109980.0,850.0,1.0,36.52025054150787
iqae,0.0275585,3.707424438338892e-05,158250.0,245940.0,900.0,1.0,35.83905065668313
iqae,0.0275585,1.9254673298549868e-05,420800.0,499745.0,900.0,1.0,49.493977363560795
iqae,0.0275585,1e-05,803750.0,1029150.0,1000.0,1.0,49.09773482596868
mlae_exp,0.0275585,0.007614101077767006,150.0,150.0,150.0,,6.976705113300032
mlae_exp,0.0275585,0.005500685834455716,350.0,350.0,200.0,,11.760488343561322
mlae_exp,0.0275585,0.0023667476537617025,750.0,750.0,250.0,,10.843105633378748
mlae_exp,0.0275585,0.0012836667586404327,1550.0,1550.0,300.0,,12.154146399625501
mlae_exp,0.0275585,0.0008357023323889894,3150.0,3150.0,350.0,,16.080614401691587
mlae_exp,0.0275585,0.0003980698186360678,6350.0,6350.0,400.0,,15.440929720044277
mlae_exp,0.0275585,0.0002000284681705532,12750.0,12750.0,450.0,,15.579103548429527
mlae_exp,0.0275585,0.0001001757768681064,25550.0,25550.0,500.0,,15.634863485804415
mlae_exp,0.0275585,5.0172748697119296e-05,51150.0,51150.0,550.0,,15.676676716482827
mlae_exp,0.0275585,2.5104856292758673e-05,102350.0,102350.0,600.0,,15.695893986536925
mlae_exp,0.0275585,1.569023978162734e-05,204750.0,204750.0,650.0,,19.624290361875364
mlae_exp,0.0275585,1.0201511540327071e-05,409550.0,409550.0,700.0,,25.521836697720875
iqae,0.0347505,0.049999999999999996,200.0,255.0,400.0,1.0,54.600884552020524
iqae,0.0347505,0.025967721822507204,200.0,255.0,400.0,1.0,28.357211626193994
iqae,0.0347505,0.01348645153302234,800.0,715.0,500.0,1.0,58.90977465367783
iqae,0.0347505,0.007004248435645004,800.0,965.0,500.0,1.0,30.595052816665856
iqae,0.0347505,0.0036376874990512132,3050.0,2800.0,600.0,1.0,60.579391327467185
iqae,0.0347505,0.0018892491410514782,3450.0,3500.0,600.0,1.0,35.588362612991716
iqae,0.0347505,0.0009811899229647098,13750.0,13195.0,700.0,1.0,73.66402684767779
iqae,0.0347505,0.000509585339491897,15300.0,16370.0,700.0,1.0,42.57042974522885
iqae,0.0347505,0.0002646554068150697,63200.0,55985.0,800.0,1.0,91.32665006181072
iqae,0.0347505,0.00013744995965992424,75700.0,83385.0,800.0,1.0,56.81201259957051
iqae,0.0347505,7.138524633927497e-05,76250.0,115210.0,900.0,1.0,29.719944154923272
iqae,0.0347505,3.707424438338892e-05,301550.0,291600.0,900.0,1.0,61.042360536226184
iqae,0.0347505,1.9254673298549868e-05,318200.0,369065.0,900.0,1.0,33.45307220865681
iqae,0.0347505,1e-05,1379700.0,1360270.0,1000.0,1.0,75.33284041642271
mlae_exp,0.0347505,0.008446474843432639,150.0,150.0,150.0,,6.917774966967166
mlae_exp,0.0347505,0.006649072753505322,350.0,350.0,200.0,,12.706583882724525
mlae_exp,0.0347505,0.003041673887808868,750.0,750.0,250.0,,12.455856359486058
mlae_exp,0.0347505,0.0018263346142856282,1550.0,1550.0,300.0,,15.45652024133512
mlae_exp,0.0347505,0.0008622053868659434,3150.0,3150.0,350.0,,14.829310688345233
mlae_exp,0.0347505,0.00044604774905918423,6350.0,6350.0,400.0,,15.465172048428903
mlae_exp,0.0347505,0.00022385275439940067,12750.0,12750.0,450.0,,15.583761959507186
mlae_exp,0.0347505,0.00012617338906823275,25550.0,25550.0,500.0,,17.601851450882208
mlae_exp,0.0347505,5.6130527836397576e-05,51150.0,51150.0,550.0,,15.67633164527309
mlae_exp,0.0347505,2.8083813596282287e-05,102350.0,102350.0,600.0,,15.694359889539236
mlae_exp,0.0347505,1.7554766098701324e-05,204750.0,204750.0,650.0,,19.625405376477428
mlae_exp,0.0347505,8.778406278824036e-06,409550.0,409550.0,700.0,,19.630089765362797
iqae,0.0496435,0.049999999999999996,200.0,225.0,400.0,1.0,46.03896257809946
iqae,0.0496435,0.025967721822507204,200.0,245.0,400.0,1.0,23.910539464498115
iqae,0.0496435,0.01348645153302234,700.0,785.0,500.0,1.0,43.46315662081173
iqae,0.0496435,0.007004248435645004,750.0,1570.0,500.0,1.0,24.1851248712279
iqae,0.0496435,0.0036376874990512132,3000.0,2990.0,600.0,1.0,50.2426075918917
iqae,0.0496435,0.0018892491410514782,3000.0,3435.0,600.0,1.0,26.093721151672664
iqae,0.0496435,0.0009811899229647098,14300.0,13930.0,700.0,1.0,64.5973415878942
iqae,0.0496435,0.000509585339491897,12900.0,13695.0,700.0,1.0,30.26440668402806
iqae,0.0496435,0.0002646554068150697,60350.0,55160.0,800.0,1.0,73.53321833566986
iqae,0.0496435,0.00013744995965992424,61900.0,62720.0,800.0,1.0,39.17065146920466
iqae,0.0496435,7.138524633927497e-05,221750.0,211285.0,900.0,1.0,72.87819703637781
iqae,0.0496435,3.707424438338892e-05,228050.0,253930.0,900.0,1.0,38.92493659369086
iqae,0.0496435,1.9254673298549868e-05,849400.0,713505.0,1000.0,1.0,75.29635268185805
iqae,0.0496435,1e-05,1244550.0,1333305.0,1000.0,1.0,57.29779087657368
mlae_exp,0.0496435,0.010011657229726112,150.0,150.0,150.0,,6.91389468816179
mlae_exp,0.0496435,0.005651560564125878,350.0,350.0,200.0,,9.106719486187888
mlae_exp,0.0496435,0.003094669838622636,750.0,750.0,250.0,,10.685654166894047
mlae_exp,0.0496435,0.0017109734685993895,1550.0,1550.0,300.0,,12.20957374141009
mlae_exp,0.0496435,0.0010199282166659489,3150.0,3150.0,350.0,,14.791277654820869
mlae_exp,0.0496435,0.0005302349816027757,6350.0,6350.0,400.0,,15.501282482011996
mlae_exp,0.0496435,0.00026543214256126435,12750.0,12750.0,450.0,,15.580781109963581
mlae_exp,0.0496435,0.0001330474216702758,25550.0,25550.0,500.0,,15.65030825818259
mlae_exp,0.0496435,6.658568762523895e-05,51150.0,51150.0,550.0,,15.68021654187075
mlae_exp,0.0496435,3.746694148830387e-05,102350.0,102350.0,600.0,,17.654751863476168
mlae_exp,0.0496435,2.0816783828436075e-05,204750.0,204750.0,650.0,,19.62289462102012
mlae_exp,0.0496435,1.0411466969853511e-05,409550.0,409550.0,700.0,,19.631088675317006
iqae,0.0736005,0.049999999999999996,200.0,205.0,400.0,1.0,38.29662142441111
iqae,0.0736005,0.025967721822507204,600.0,670.0,500.0,1.0,59.66856071345863
iqae,0.0736005,0.01348645153302234,650.0,725.0,500.0,1.0,33.57155936672365
iqae,0.0736005,0.007004248435645004,2400.0,2025.0,600.0,1.0,64.3773721685809
iqae,0.0736005,0.0036376874990512132,2400.0,2690.0,600.0,1.0,33.43467384275452
iqae,0.0736005,0.0018892491410514782,10050.0,9170.0,700.0,1.0,72.71361842689852
iqae,0.0736005,0.0009811899229647098,11700.0,13100.0,700.0,1.0,43.964223059515106
iqae,0.0736005,0.000509585339491897,40350.0,34750.0,800.0,1.0,78.74462620885305
iqae,0.0736005,0.0002646554068150697,54250.0,60105.0,800.0,0.95,54.98458798075727
iqae,0.0736005,0.00013744995965992424,68900.0,101830.0,800.0,0.95,36.26805789158824
iqae,0.0736005,7.138524633927497e-05,217800.0,227490.0,900.0,1.0,59.54246356960235
iqae,0.0736005,3.707424438338892e-05,241650.0,294920.0,900.0,1.0,34.3099092617101
iqae,0.0736005,1.9254673298549868e-05,882700.0,892850.0,1000.0,1.0,65.08932120111538
iqae,0.0736005,1e-05,1088500.0,1056260.0,1000.0,1.0,41.68587242047149
mlae_exp,0.0736005,0.011491377843997808,150.0,150.0,150.0,,6.601214204046743
mlae_exp,0.0736005,0.0068045645699790925,350.0,350.0,200.0,,9.12071416530575
mlae_exp,0.0736005,0.004531169337550149,750.0,750.0,250.0,,13.014635754754329
mlae_exp,0.0736005,0.002256986292236505,1550.0,1550.0,300.0,,13.39741718704934
mlae_exp,0.0736005,0.001227946469110286,3150.0,3150.0,350.0,,14.813253332942068
mlae_exp,0.0736005,0.0006355987870255639,6350.0,6350.0,400.0,,15.456716689078405
mlae_exp,0.0736005,0.00035915322466758756,12750.0,12750.0,450.0,,17.53680272502511
mlae_exp,0.0736005,0.00015994809279894218,25550.0,25550.0,500.0,,15.650579829355433
mlae_exp,0.0736005,8.004204075522103e-05,51150.0,51150.0,550.0,,15.67921273347652
mlae_exp,0.0736005,4.0033027714526936e-05,102350.0,102350.0,600.0,,15.691582549673162
mlae_exp,0.0736005,2.0023277209006707e-05,204750.0,204750.0,650.0,,15.700718675788329
mlae_exp,0.0736005,1.2515683174209313e-05,409550.0,409550.0,700.0,,19.630074718895628
iqae,0.1,0.049999999999999996,200.0,195.0,400.0,1.0,33.33333333333333
iqae,0.1,0.025967721822507204,800.0,730.0,500.0,1.0,69.24725819335254
iqae,0.1,0.01348645153302234,800.0,1015.0,550.0,1.0,35.96387075472623
iqae,0.1,0.007004248435645004,2450.0,2525.0,600.0,1.0,57.201362224434185
iqae,0.1,0.0036376874990512132,3300.0,4250.0,700.0,1.0,40.01456248956334
iqae,0.1,0.0018892491410514782,8100.0,8360.0,700.0,1.0,51.0097268083899
iqae,0.1,0.0009811899229647098,8950.0,11330.0,700.0,1.0,29.27216603511384
iqae,0.1,0.000509585339491897,35500.0,35405.0,800.0,1.0,60.300931839874465
iqae,0.1,0.0002646554068150697,41350.0,49250.0,800.0,1.0,36.47833690601043
iqae,0.1,0.00013744995965992424,181050.0,153660.0,900.0,1.0,82.95105065476427
iqae,0.1,7.138524633927497e-05,181850.0,196450.0,900.0,1.0,43.271356822657175
iqae,0.1,3.707424438338892e-05,580750.0,512095.0,1000.0,1.0,71.76955808551038
iqae,0.1,1.9254673298549868e-05,867200.0,889505.0,1000.0,1.0,55.65884228167481
iqae,0.1,1e-05,1413000.0,1611170.0,1100.0,1.0,47.099999999999994
mlae_exp,0.1,0.01753942487974495,150.0,150.0,150.0,,8.769712439872473
mlae_exp,0.1,0.008281479520134413,350.0,350.0,200.0,,9.661726106823481
mlae_exp,0.1,0.004212733917843978,750.0,750.0,250.0,,10.531834794609942
mlae_exp,0.1,0.002357794291092362,1550.0,1550.0,300.0,,12.181937170643868
mlae_exp,0.1,0.0012974268818065383,3150.0,3150.0,350.0,,13.622982258968651
mlae_exp,0.1,0.0007312324820644284,6350.0,6350.0,400.0,,15.477754203697065
mlae_exp,0.1,0.0003667704791929724,12750.0,12750.0,450.0,,15.587745365701323
mlae_exp,0.1,0.00022964067212671163,25550.0,25550.0,500.0,,19.55773057612494
mlae_exp,0.1,0.00011494637275027281,51150.0,51150.0,550.0,,19.598356553921512
mlae_exp,0.1,5.175015741399128e-05,102350.0,102350.0,600.0,,17.655428704406688
mlae_exp,0.1,2.300409939578335e-05,204750.0,204750.0,650.0,,15.700297837622132
mlae_exp,0.1,1.1503482016957112e-05,409550.0,409550.0,700.0,,15.704170200149282
iqae,0.1051435,0.049999999999999996,200.0,205.0,400.0,1.0,32.601087443255395
iqae,0.1051435,0.025967721822507204,700.0,655.0,500.0,1.0,59.260317888638205
iqae,0.1051435,0.01348645153302234,800.0,1220.0,600.0,1.0,35.17383885818296
iqae,0.1051435,0.007004248435645004,2900.0,2705.0,650.0,1.0,66.2203735601768
iqae,0.1051435,0.0036376874990512132,3100.0,3705.0,600.0,1.0,36.76369615681975
iqae,0.1051435,0.0018892491410514782,9850.0,10395.0,700.0,1.0,60.66770280277167
iqae,0.1051435,0.0009811899229647098,9650.0,13590.0,700.0,1.0,30.868283430318055
iqae,0.1051435,0.000509585339491897,40350.0,36335.0,800.0,1.0,67.03360111774545
iqae,0.1051435,0.0002646554068150697,42050.0,48930.0,800.0,1.0,36.28096732191489
iqae,0.1051435,0.00013744995965992424,139300.0,130535.0,900.0,1.0,62.42058288445548
iqae,0.1051435,7.138524633927497e-05,194900.0,222755.0,900.0,1.0,45.35784246568744
iqae,0.1051435,3.707424438338892e-05,324950.0,424180.0,1000.0,1.0,39.275428895238
iqae,0.1051435,1.9254673298549868e-05,858300.0,1016785.0,1000.0,1.0,53.87748980022861
iqae,0.1051435,1e-05,1367750.0,1680015.0,1100.0,1.0,44.59013735051257
mlae_exp,0.1051435,0.017820495835559978,150.0,150.0,150.0,,8.714513145258891
mlae_exp,0.1051435,0.009628811771523235,350.0,350.0,200.0,,10.986840708832656
mlae_exp,0.1051435,0.0043541274111387925,750.0,750.0,250.0,,10.646196635220825
mlae_exp,0.1051435,0.002896970822279729,1550.0,1550.0,300.0,,14.638881860143647
mlae_exp,0.1051435,0.0013229259504266497,3150.0,3150.0,350.0,,13.58557974610545
mlae_exp,0.1051435,0.0007471384540649363,6350.0,6350.0,400.0,,15.467029056475422
mlae_exp,0.1051435,0.00046830137798579974,12750.0,12750.0,450.0,,19.46559607122787
mlae_exp,0.1051435,0.00023481088947058942,25550.0,25550.0,500.0,,19.558755819362418
mlae_exp,0.1051435,9.401052063092233e-05,51150.0,51150.0,550.0,,15.676683216795908
mlae_exp,0.1051435,4.703147074469963e-05,102350.0,102350.0,600.0,,15.693091019556828
mlae_exp,0.1051435,2.352055202252401e-05,204750.0,204750.0,650.0,,15.70013936126883
mlae_exp,0.1051435,1.176177080017271e-05,409550.0,409550.0,700.0,,15.704052158776822
iqae,0.12386799999999999,0.049999999999999996,200.0,220.0,400.0,1.0,30.355379436763393
iqae,0.12386799999999999,0.025967721822507204,700.0,715.0,550.0,1.0,55.178203432136904
iqae,0.12386799999999999,0.01348645153302234,700.0,835.0,600.0,1.0,28.657044747828877
iqae,0.12386799999999999,0.007004248435645004,2700.0,2560.0,600.0,1.0,57.40648711200734
iqae,0.12386799999999999,0.0036376874990512132,3000.0,3385.0,700.0,1.0,33.12701529182114
iqae,0.12386799999999999,0.0018892491410514782,12100.0,11340.0,800.0,1.0,69.39213817790831
iqae,0.12386799999999999,0.0009811899229647098,15150.0,15510.0,800.0,1.0,45.123354502850454
iqae,0.12386799999999999,0.000509585339491897,22950.0,34020.0,800.0,1.0,35.500566290404926
iqae,0.12386799999999999,0.0002646554068150697,63050.0,65615.0,900.0,1.0,50.65257492780253
iqae,0.12386799999999999,0.00013744995965992424,67600.0,114520.0,900.0,1.0,28.205056790342997
iqae,0.12386799999999999,7.138524633927497e-05,258500.0,256735.0,1000.0,1.0,56.01504327338111
iqae,0.12386799999999999,3.707424438338892e-05,262350.0,300355.0,1000.0,0.95,29.524941292879113
iqae,0.12386799999999999,1.9254673298549868e-05,1254050.0,1279640.0,1100.0,1.0,73.29707981868263
iqae,0.12386799999999999,1e-05,1230650.0,1333225.0,1100.0,1.0,37.35684770385288
mlae_exp,0.12386799999999999,0.017046204898207108,150.0,150.0,150.0,,7.761660264628372
mlae_exp,0.12386799999999999,0.008885905399201924,350.0,350.0,200.0,,9.440726051118562
mlae_exp,0.12386799999999999,0.004903184125796704,750.0,750.0,250.0,,11.162851094015547
mlae_exp,0.12386799999999999,0.002583025909651083,1550.0,1550.0,300.0,,12.153353395279678
mlae_exp,0.12386799999999999,0.0015526134721764034,3150.0,3150.0,350.0,,14.846003885961803
mlae_exp,0.12386799999999999,0.0008014708749930002,6350.0,6350.0,400.0,,15.448884848883825
mlae_exp,0.12386799999999999,0.0004027376256283306,12750.0,12750.0,450.0,,15.587198135246656
mlae_exp,0.12386799999999999,0.00020173178126791508,25550.0,25550.0,500.0,,15.645912374170596
mlae_exp,0.12386799999999999,0.0001009745293708772,51150.0,51150.0,550.0,,15.678089580045619
mlae_exp,0.12386799999999999,6.312926788696466e-05,102350.0,102350.0,600.0,,19.613462329603312
mlae_exp,0.12386799999999999,3.157382939094483e-05,204750.0,204750.0,650.0,,19.623968325106286
mlae_exp,0.12386799999999999,1.5790078640335464e-05,409550.0,409550.0,700.0,,19.63029784473149
iqae,0.1769545,0.049999999999999996,400.0,355.0,500.0,1.0,52.4067548044528
iqae,0.1769545,0.025967721822507204,400.0,515.0,550.0,1.0,27.217680607647466
iqae,0.1769545,0.01348645153302234,1050.0,1060.0,700.0,1.0,37.106010830345014
iqae,0.1769545,0.007004248435645004,2800.0,2670.0,700.0,1.0,51.38979024988477
iqae,0.1769545,0.0036376874990512132,4050.0,4255.0,700.0,1.0,38.60447785564501
iqae,0.1769545,0.0018892491410514782,10350.0,9935.0,800.0,1.0,51.237373038547084
iqae,0.1769545,0.0009811899229647098,18500.0,20195.0,800.0,1.0,47.564406231205616
iqae,0.1769545,0.000509585339491897,26900.0,33900.0,900.0,1.0,35.91918524754569
iqae,0.1769545,0.0002646554068150697,70750.0,76020.0,1000.0,1.0,49.06417345717885
iqae,0.1769545,0.00013744995965992424,125500.0,132960.0,1000.0,1.0,45.20074724446686
iqae,0.1769545,7.138524633927497e-05,328800.0,332605.0,1000.0,1.0,61.50317602961098
iqae,0.1769545,3.707424438338892e-05,432000.0,438275.0,1050.0,1.0,41.9675220351495
iqae,0.1769545,1.9254673298549868e-05,1043450.0,1084685.0,1100.0,1.0,52.64596243220474
iqae,0.1769545,1e-05,1555500.0,1860240.0,1200.0,1.0,40.75935354916317
mlae_exp,0.1769545,0.018028564255475638,150.0,150.0,150.0,,7.086139098097754
mlae_exp,0.1769545,0.010105841930453156,350.0,350.0,200.0,,9.268251652481789
mlae_exp,0.1769545,0.005538787661226119,750.0,750.0,250.0,,10.885120757842717
mlae_exp,0.1769545,0.0038662041297018793,1550.0,1550.0,300.0,,15.702678918316815
mlae_exp,0.1769545,0.002102831437078248,3150.0,3150.0,350.0,,17.35690501409364
mlae_exp,0.1769545,0.0009297644461113211,6350.0,6350.0,400.0,,15.470485109658105
mlae_exp,0.1769545,0.0005827701930471579,12750.0,12750.0,450.0,,19.469947816658344
mlae_exp,0.1769545,0.00023371547249927127,25550.0,25550.0,500.0,,15.647164236780272
mlae_exp,0.1769545,0.00011696459138499371,51150.0,51150.0,550.0,,15.676796396828138
mlae_exp,0.1769545,5.851853758905706e-05,102350.0,102350.0,600.0,,15.694178336210364
mlae_exp,0.1769545,2.926358887593572e-05,204750.0,204750.0,650.0,,15.700329579338133
mlae_exp,0.1769545,1.4633705751804227e-05,409550.0,409550.0,700.0,,15.704297735756608
iqae,0.5,0.049999999999999996,250.0,265.0,400.0,1.0,24.999999999999996
iqae,0.5,0.025967721822507204,900.0,885.0,500.0,1.0,46.74189928051297
iqae,0.5,0.01348645153302234,900.0,975.0,500.0,1.0,24.27561275944021
iqae,0.5,0.007004248435645004,3550.0,3320.0,600.0,1.0,49.73016389307953
iqae,0.5,0.0036376874990512132,3700.0,4695.0,600.0,1.0,26.91888749297898
iqae,0.5,0.0018892491410514782,12400.0,13345.0,700.0,1.0,46.85337869807666
iqae,0.5,0.0009811899229647098,17750.0,23110.0,700.0,1.0,34.832242265247196
iqae,0.5,0.000509585339491897,49450.0,49625.0,800.0,1.0,50.39799007574861
iqae,0.5,0.0002646554068150697,61850.0,83185.0,800.0,0.95,32.73787382302412
iqae,0.5,0.00013744995965992424,200900.0,198825.0,900.0,1.0,55.227393791357564
iqae,0.5,7.138524633927497e-05,219000.0,229035.0,900.0,1.0,31.266737896602436
iqae,0.5,3.707424438338892e-05,675150.0,608310.0,1000.0,0.95,50.06135219089006
iqae,0.5,1.9254673298549868e-05,889200.0,1076515.0,1000.0,1.0,34.242510994141085
iqae,0.5,1e-05,2373600.0,2284065.0,1100.0,0.95,47.472
mlae_exp,0.5,0.02373969174213611,150.0,150.0,150.0,,7.121907522640833
mlae_exp,0.5,0.012957231215878579,350.0,350.0,200.0,,9.070061851115005
mlae_exp,0.5,0.007264520168969016,750.0,750.0,250.0,,10.896780253453525
mlae_exp,0.5,0.003926906842308037,1550.0,1550.0,300.0,,12.173411211154914
mlae_exp,0.5,0.002356178502622569,3150.0,3150.0,350.0,,14.843924566522185
mlae_exp,0.5,0.0012176694647774433,6350.0,6350.0,400.0,,15.46440220267353
mlae_exp,0.5,0.000611204587117109,12750.0,12750.0,450.0,,15.58571697148628
mlae_exp,0.5,0.00030619809524612407,25550.0,25550.0,500.0,,15.64672266707694
mlae_exp,0.5,0.00015324841972702563,51150.0,51150.0,550.0,,15.677313338074722
mlae_exp,0.5,7.666160644337339e-05,102350.0,102350.0,600.0,,15.692630838958532
mlae_exp,0.5,3.8340159240965455e-05,204750.0,204750.0,650.0,,15.700295209175353
mlae_exp,0.5,1.9172419458965417e-05,409550.0,409550.0,700.0,,15.704128778838573
