n,k,a_F,a_G,p,quantum_constants,assumption,baseline,eps_star,flag,t_proposal_s,t_quantum_eps0.01_s,t_classical_eps0.01_s,ratio_q_over_c_eps0.01,t_quantum_eps0.001_s,t_classical_eps0.001_s,ratio_q_over_c_eps0.001,queries_eps0.01,queries_eps0.001,classical_proposals_eps0.01,classical_proposals_eps0.001,oracle_toffoli_F,oracle_toffoli_G
50,5,0.1769545,0.12386799999999999,0.6999991523244676,default,optimistic,numpy_lean_1core,2.22944819817711e-07,ok,9.379899166665003e-07,1437.8334305160406,0.0427614815051566,33624.49989817711,15221.066272345504,4.27614815051566,3559.527344839537,19090.066829597195,190900.66829597196,45588.42344182717,4558842.344182718,5505,8055
50,5,0.1769545,0.12386799999999999,0.6999991523244676,default,optimistic,compiled_1core_ASSUMED,9.929211838593796e-09,ok,4.5000000000000006e-08,1437.8334305160406,0.002051479054882223,700876.4857209754,15221.066272345504,0.20514790548822232,74195.57239018146,19090.066829597195,190900.66829597196,45588.42344182717,4558842.344182718,5505,8055
50,5,0.1769545,0.12386799999999999,0.6999991523244676,default,optimistic,numpy_lean_64core_ideal_ASSUMED,3.1505505905835436e-09,ok,9.379899166665003e-07,1437.8334305160406,0.0006681481485180719,2151967.9934833352,15221.066272345504,0.0668148148518072,227809.75006973036,19090.066829597195,190900.66829597196,45588.42344182717,4558842.344182718,5505,8055
50,5,0.1769545,0.12386799999999999,0.6999991523244676,default,optimistic,compiled_64core_ideal_ASSUMED,1e-09,classical_wins_even_at_1e-9,4.5000000000000006e-08,1437.8334305160406,3.2054360232534735e-05,44856095.08614243,15221.066272345504,0.0032054360232534737,4748516.632971614,19090.066829597195,190900.66829597196,45588.42344182717,4558842.344182718,5505,8055
50,5,0.1769545,0.12386799999999999,0.6999991523244676,default,moderate,numpy_lean_1core,2.106147034445638e-08,ok,9.379899166665003e-07,14378.334305160406,0.0427614815051566,336244.9989817711,152210.66272345505,4.27614815051566,35595.27344839537,19090.066829597195,190900.66829597196,45588.42344182717,4558842.344182718,5505,8055
50,5,0.1769545,0.12386799999999999,0.6999991523244676,default,moderate,compiled_1core_ASSUMED,1e-09,classical_wins_even_at_1e-9,4.5000000000000006e-08,14378.334305160406,0.002051479054882223,7008764.857209754,152210.66272345505,0.20514790548822232,741955.7239018147,19090.066829597195,190900.66829597196,45588.42344182717,4558842.344182718,5505,8055
50,5,0.1769545,0.12386799999999999,0.6999991523244676,default,moderate,numpy_lean_64core_ideal_ASSUMED,1e-09,classical_wins_even_at_1e-9,9.379899166665003e-07,14378.334305160406,0.0006681481485180719,21519679.93483335,152210.66272345505,0.0668148148518072,2278097.5006973036,19090.066829597195,190900.66829597196,45588.42344182717,4558842.344182718,5505,8055
50,5,0.1769545,0.12386799999999999,0.6999991523244676,default,moderate,compiled_64core_ideal_ASSUMED,1e-09,classical_wins_even_at_1e-9,4.5000000000000006e-08,14378.334305160406,3.2054360232534735e-05,448560950.86142427,152210.66272345505,0.0032054360232534737,47485166.32971614,19090.066829597195,190900.66829597196,45588.42344182717,4558842.344182718,5505,8055
50,5,0.1769545,0.12386799999999999,0.6999991523244676,default,factory_limited,numpy_lean_1core,1.2995288030745908e-07,ok,9.379899166665003e-07,2465.5014405906086,0.0427614815051566,57657.06317479422,26025.64552146244,4.27614815051566,6086.23569749893,19090.066829597195,190900.66829597196,45588.42344182717,4558842.344182718,5505,8055
50,5,0.1769545,0.12386799999999999,0.6999991523244676,default,factory_limited,compiled_1core_ASSUMED,5.808411403221198e-09,ok,4.5000000000000006e-08,2465.5014405906086,0.002051479054882223,1201816.5307235636,26025.64552146244,0.20514790548822232,126862.83810466001,19090.066829597195,190900.66829597196,45588.42344182717,4558842.344182718,5505,8055
50,5,0.1769545,0.12386799999999999,0.6999991523244676,default,factory_limited,numpy_lean_64core_ideal_ASSUMED,1.845218160081681e-09,ok,9.379899166665003e-07,2465.5014405906086,0.0006681481485180719,3690052.04318683,26025.64552146244,0.0668148148518072,389519.0846399315,19090.066829597195,190900.66829597196,45588.42344182717,4558842.344182718,5505,8055
50,5,0.1769545,0.12386799999999999,0.6999991523244676,default,factory_limited,compiled_64core_ideal_ASSUMED,1e-09,classical_wins_even_at_1e-9,4.5000000000000006e-08,2465.5014405906086,3.2054360232534735e-05,76916257.96630807,26025.64552146244,0.0032054360232534737,8119221.638698241,19090.066829597195,190900.66829597196,45588.42344182717,4558842.344182718,5505,8055
50,5,0.1769545,0.12386799999999999,0.6999991523244676,qbest,optimistic,numpy_lean_1core,4.767732042621537e-07,ok,9.379899166665003e-07,727.0132886921605,0.0427614815051566,17001.59262733893,7590.324226712407,4.27614815051566,1775.0377114032146,19090.066829597195,190900.66829597196,45588.42344182717,4558842.344182718,5505,8055
50,5,0.1769545,0.12386799999999999,0.6999991523244676,qbest,optimistic,compiled_1core_ASSUMED,2.1517216174353526e-08,ok,4.5000000000000006e-08,727.0132886921605,0.002051479054882223,354384.94337145396,7590.324226712407,0.20514790548822232,36999.277222199926,19090.066829597195,190900.66829597196,45588.42344182717,4558842.344182718,5505,8055
50,5,0.1769545,0.12386799999999999,0.6999991523244676,qbest,optimistic,numpy_lean_64core_ideal_ASSUMED,6.8579148141238974e-09,ok,9.379899166665003e-07,727.0132886921605,0.0006681481485180719,1088101.9281496916,7590.324226712407,0.0668148148518072,113602.41352980574,19090.066829597195,190900.66829597196,45588.42344182717,4558842.344182718,5505,8055
50,5,0.1769545,0.12386799999999999,0.6999991523244676,qbest,optimistic,compiled_64core_ideal_ASSUMED,1e-09,classical_wins_even_at_1e-9,4.5000000000000006e-08,727.0132886921605,3.2054360232534735e-05,22680636.375773054,7590.324226712407,0.0032054360232534737,2367953.7422207952,19090.066829597195,190900.66829597196,45588.42344182717,4558842.344182718,5505,8055
50,5,0.1769545,0.12386799999999999,0.6999991523244676,qbest,moderate,numpy_lean_1core,4.5503033740801914e-08,ok,9.379899166665003e-07,7270.132886921605,0.0427614815051566,170015.9262733893,75903.24226712406,4.27614815051566,17750.377114032144,19090.066829597195,190900.66829597196,45588.42344182717,4558842.344182718,5505,8055
50,5,0.1769545,0.12386799999999999,0.6999991523244676,qbest,moderate,compiled_1core_ASSUMED,2.0592616924656195e-09,ok,4.5000000000000006e-08,7270.132886921605,0.002051479054882223,3543849.4337145397,75903.24226712406,0.20514790548822232,369992.77222199924,19090.066829597195,190900.66829597196,45588.42344182717,4558842.344182718,5505,8055
50,5,0.1769545,0.12386799999999999,0.6999991523244676,qbest,moderate,numpy_lean_64core_ideal_ASSUMED,1e-09,classical_wins_even_at_1e-9,9.379899166665003e-07,7270.132886921605,0.0006681481485180719,10881019.281496916,75903.24226712406,0.0668148148518072,1136024.1352980572,19090.066829597195,190900.66829597196,45588.42344182717,4558842.344182718,5505,8055
50,5,0.1769545,0.12386799999999999,0.6999991523244676,qbest,moderate,compiled_64core_ideal_ASSUMED,1e-09,classical_wins_even_at_1e-9,4.5000000000000006e-08,7270.132886921605,3.2054360232534735e-05,226806363.75773054,75903.24226712406,0.0032054360232534737,23679537.42220795,19090.066829597195,190900.66829597196,45588.42344182717,4558842.344182718,5505,8055
50,5,0.1769545,0.12386799999999999,0.6999991523244676,qbest,factory_limited,numpy_lean_1core,3.2848460340246607e-07,ok,9.379899166665003e-07,1013.2876697509566,0.0427614815051566,23696.27136582638,10656.859798068597,4.27614815051566,2492.16337296066,19090.066829597195,190900.66829597196,45588.42344182717,4558842.344182718,5505,8055
50,5,0.1769545,0.12386799999999999,0.6999991523244676,qbest,factory_limited,compiled_1core_ASSUMED,1.4713948120796232e-08,ok,4.5000000000000006e-08,1013.2876697509566,0.002051479054882223,493930.30230529467,10656.859798068597,0.20514790548822232,51947.20254494831,19090.066829597195,190900.66829597196,45588.42344182717,4558842.344182718,5505,8055
50,5,0.1769545,0.12386799999999999,0.6999991523244676,qbest,factory_limited,numpy_lean_64core_ideal_ASSUMED,4.677732158486303e-09,ok,9.379899166665003e-07,1013.2876697509566,0.0006681481485180719,1516561.3674128882,10656.859798068597,0.0668148148518072,159498.45586948225,19090.066829597195,190900.66829597196,45588.42344182717,4558842.344182718,5505,8055
50,5,0.1769545,0.12386799999999999,0.6999991523244676,qbest,factory_limited,compiled_64core_ideal_ASSUMED,1e-09,classical_wins_even_at_1e-9,4.5000000000000006e-08,1013.2876697509566,3.2054360232534735e-05,31611539.34753886,10656.859798068597,0.0032054360232534737,3324620.962876692,19090.066829597195,190900.66829597196,45588.42344182717,4558842.344182718,5505,8055
100,10,0.1051435,0.0736005,0.7000004755405708,default,optimistic,numpy_lean_1core,2.7945698157282916e-07,ok,2.007444066666627e-06,4210.680111920101,0.15401964355851658,27338.591459084502,44535.02312039909,15.401964355851659,2891.515789249241,25628.529650175467,256285.29650175467,76724.25155748779,7672425.15574878,12307,17853
100,10,0.1051435,0.0736005,0.7000004755405708,default,optimistic,compiled_1core_ASSUMED,9.012195124599049e-09,ok,7e-08,4210.680111920101,0.005370697609024146,784009.9030794586,44535.02312039909,0.5370697609024147,82922.23164001797,25628.529650175467,256285.29650175467,76724.25155748779,7672425.15574878,12307,17853
100,10,0.1051435,0.0736005,0.7000004755405708,default,optimistic,numpy_lean_64core_ideal_ASSUMED,3.967023343605736e-09,ok,2.007444066666627e-06,4210.680111920101,0.0024065569306018215,1749669.8533814081,44535.02312039909,0.24065569306018217,185057.01051195143,25628.529650175467,256285.29650175467,76724.25155748779,7672425.15574878,12307,17853
100,10,0.1051435,0.0736005,0.7000004755405708,default,optimistic,compiled_64core_ideal_ASSUMED,1e-09,classical_wins_even_at_1e-9,7e-08,4210.680111920101,8.391715014100228e-05,50176633.79708535,44535.02312039909,0.008391715014100229,5307022.82496115,25628.529650175467,256285.29650175467,76724.25155748779,7672425.15574878,12307,17853
100,10,0.1051435,0.0736005,0.7000004755405708,default,moderate,numpy_lean_1core,2.6469197517328926e-08,ok,2.007444066666627e-06,42106.80111920101,0.15401964355851658,273385.91459084506,445350.23120399093,15.401964355851659,28915.157892492414,25628.529650175467,256285.29650175467,76724.25155748779,7672425.15574878,12307,17853
100,10,0.1051435,0.0736005,0.7000004755405708,default,moderate,compiled_1core_ASSUMED,1e-09,classical_wins_even_at_1e-9,7e-08,42106.80111920101,0.005370697609024146,7840099.030794586,445350.23120399093,0.5370697609024147,829222.3164001796,25628.529650175467,256285.29650175467,76724.25155748779,7672425.15574878,12307,17853
100,10,0.1051435,0.0736005,0.7000004755405708,default,moderate,numpy_lean_64core_ideal_ASSUMED,1e-09,classical_wins_even_at_1e-9,2.007444066666627e-06,42106.80111920101,0.0024065569306018215,17496698.533814084,445350.23120399093,0.24065569306018217,1850570.1051195145,25628.529650175467,256285.29650175467,76724.25155748779,7672425.15574878,12307,17853
100,10,0.1051435,0.0736005,0.7000004755405708,default,moderate,compiled_64core_ideal_ASSUMED,1e-09,classical_wins_even_at_1e-9,7e-08,42106.80111920101,8.391715014100228e-05,501766337.9708535,445350.23120399093,0.008391715014100229,53070228.2496115,25628.529650175467,256285.29650175467,76724.25155748779,7672425.15574878,12307,17853
100,10,0.1051435,0.0736005,0.7000004755405708,default,factory_limited,numpy_lean_1core,8.85162402372866e-08,ok,2.007444066666627e-06,12740.256818931543,0.15401964355851658,82718.38919099397,135181.6665217881,15.401964355851659,8776.910749727103,25628.529650175467,256285.29650175467,76724.25155748779,7672425.15574878,12307,17853
100,10,0.1051435,0.0736005,0.7000004755405708,default,factory_limited,compiled_1core_ASSUMED,2.850586233079772e-09,ok,7e-08,12740.256818931543,0.005370697609024146,2372179.1369383098,135181.6665217881,0.5370697609024147,251702.24868860297,25628.529650175467,256285.29650175467,76724.25155748779,7672425.15574878,12307,17853
100,10,0.1051435,0.0736005,0.7000004755405708,default,factory_limited,numpy_lean_64core_ideal_ASSUMED,1.2544045590991275e-09,ok,2.007444066666627e-06,12740.256818931543,0.0024065569306018215,5293976.908223614,135181.6665217881,0.24065569306018217,561722.2879825346,25628.529650175467,256285.29650175467,76724.25155748779,7672425.15574878,12307,17853
100,10,0.1051435,0.0736005,0.7000004755405708,default,factory_limited,compiled_64core_ideal_ASSUMED,1e-09,classical_wins_even_at_1e-9,7e-08,12740.256818931543,8.391715014100228e-05,151819464.76405182,135181.6665217881,0.008391715014100229,16108943.91607059,25628.529650175467,256285.29650175467,76724.25155748779,7672425.15574878,12307,17853
100,10,0.1051435,0.0736005,0.7000004755405708,qbest,optimistic,numpy_lean_1core,5.934336549645702e-07,ok,2.007444066666627e-06,2135.1531815084113,0.15401964355851658,13862.862763328003,22276.207421112744,15.401964355851659,1446.322488900538,25628.529650175467,256285.29650175467,76724.25155748779,7672425.15574878,12307,17853
100,10,0.1051435,0.0736005,0.7000004755405708,qbest,optimistic,compiled_1core_ASSUMED,1.9414011138753693e-08,ok,7e-08,2135.1531815084113,0.005370697609024146,397556.0228750931,22276.207421112744,0.5370697609024147,41477.30712614133,25628.529650175467,256285.29650175467,76724.25155748779,7672425.15574878,12307,17853
100,10,0.1051435,0.0736005,0.7000004755405708,qbest,optimistic,numpy_lean_64core_ideal_ASSUMED,8.572565785645004e-09,ok,2.007444066666627e-06,2135.1531815084113,0.0024065569306018215,887223.2168529922,22276.207421112744,0.24065569306018217,92564.63928963443,25628.529650175467,256285.29650175467,76724.25155748779,7672425.15574878,12307,17853
100,10,0.1051435,0.0736005,0.7000004755405708,qbest,optimistic,compiled_64core_ideal_ASSUMED,1e-09,classical_wins_even_at_1e-9,7e-08,2135.1531815084113,8.391715014100228e-05,25443585.46400596,22276.207421112744,0.008391715014100229,2654547.656073045,25628.529650175467,256285.29650175467,76724.25155748779,7672425.15574878,12307,17853
100,10,0.1051435,0.0736005,0.7000004755405708,qbest,moderate,numpy_lean_1core,5.6776352174890914e-08,ok,2.007444066666627e-06,21351.531815084112,0.15401964355851658,138628.62763328003,222762.07421112744,15.401964355851659,14463.224889005382,25628.529650175467,256285.29650175467,76724.25155748779,7672425.15574878,12307,17853
100,10,0.1051435,0.0736005,0.7000004755405708,qbest,moderate,compiled_1core_ASSUMED,1.8624872288035863e-09,ok,7e-08,21351.531815084112,0.005370697609024146,3975560.228750931,222762.07421112744,0.5370697609024147,414773.07126141334,25628.529650175467,256285.29650175467,76724.25155748779,7672425.15574878,12307,17853
100,10,0.1051435,0.0736005,0.7000004755405708,qbest,moderate,numpy_lean_64core_ideal_ASSUMED,1e-09,classical_wins_even_at_1e-9,2.007444066666627e-06,21351.531815084112,0.0024065569306018215,8872232.168529922,222762.07421112744,0.24065569306018217,925646.3928963444,25628.529650175467,256285.29650175467,76724.25155748779,7672425.15574878,12307,17853
100,10,0.1051435,0.0736005,0.7000004755405708,qbest,moderate,compiled_64core_ideal_ASSUMED,1e-09,classical_wins_even_at_1e-9,7e-08,21351.531815084112,8.391715014100228e-05,254435854.6400596,222762.07421112744,0.008391715014100229,26545476.560730454,25628.529650175467,256285.29650175467,76724.25155748779,7672425.15574878,12307,17853
100,10,0.1051435,0.0736005,0.7000004755405708,qbest,factory_limited,numpy_lean_1core,2.284786724450326e-07,ok,2.007444066666627e-06,5107.98365448569,0.15401964355851658,33164.49471294236,54055.066957273964,15.401964355851659,3509.621611137988,25628.529650175467,256285.29650175467,76724.25155748779,7672425.15574878,12307,17853
100,10,0.1051435,0.0736005,0.7000004755405708,qbest,factory_limited,compiled_1core_ASSUMED,7.3640214724811974e-09,ok,7e-08,5107.98365448569,0.005370697609024146,951083.8305070407,54055.066957273964,0.5370697609024147,100648.1297074846,25628.529650175467,256285.29650175467,76724.25155748779,7672425.15574878,12307,17853
100,10,0.1051435,0.0736005,0.7000004755405708,qbest,factory_limited,numpy_lean_64core_ideal_ASSUMED,3.2411260038922987e-09,ok,2.007444066666627e-06,5107.98365448569,0.0024065569306018215,2122527.661628311,54055.066957273964,0.24065569306018217,224615.78311283124,25628.529650175467,256285.29650175467,76724.25155748779,7672425.15574878,12307,17853
100,10,0.1051435,0.0736005,0.7000004755405708,qbest,factory_limited,compiled_64core_ideal_ASSUMED,1e-09,classical_wins_even_at_1e-9,7e-08,5107.98365448569,8.391715014100228e-05,60869365.152450606,54055.066957273964,0.008391715014100229,6441480.301279014,25628.529650175467,256285.29650175467,76724.25155748779,7672425.15574878,12307,17853
150,15,0.0496435,0.0347505,0.700001007181202,default,optimistic,numpy_lean_1core,4.3792784032940683e-07,ok,3.4367640416666253e-06,9913.615087031094,0.5584727323520834,17751.29654992924,104946.45233218552,55.84727323520834,1879.1687803662205,38246.060011009096,382460.600110091,162499.5855349026,16249958.553490262,19709,28651
150,15,0.0496435,0.0347505,0.700001007181202,default,optimistic,compiled_1core_ASSUMED,1.1161155577502088e-08,ok,9.5e-08,9913.615087031094,0.015437460625815748,642179.1334290277,104946.45233218552,1.543746062581575,67981.68097458057,38246.060011009096,382460.600110091,162499.5855349026,16249958.553490262,19709,28651
150,15,0.0496435,0.0347505,0.700001007181202,default,optimistic,numpy_lean_64core_ideal_ASSUMED,6.2317314639126315e-09,ok,3.4367640416666253e-06,9913.615087031094,0.008726136443001303,1136082.9791954714,104946.45233218552,0.8726136443001303,120266.80194343811,38246.060011009096,382460.600110091,162499.5855349026,16249958.553490262,19709,28651
150,15,0.0496435,0.0347505,0.700001007181202,default,optimistic,compiled_64core_ideal_ASSUMED,1e-09,classical_wins_even_at_1e-9,9.5e-08,9913.615087031094,0.00024121032227837107,41099464.539457776,104946.45233218552,0.02412103222783711,4350827.582373156,38246.060011009096,382460.600110091,162499.5855349026,16249958.553490262,19709,28651
150,15,0.0496435,0.0347505,0.700001007181202,default,moderate,numpy_lean_1core,4.1537338468600535e-08,ok,3.4367640416666253e-06,99136.15087031094,0.5584727323520834,177512.96549929242,1049464.5233218553,55.84727323520834,18791.687803662207,38246.060011009096,382460.600110091,162499.5855349026,16249958.553490262,19709,28651
150,15,0.0496435,0.0347505,0.700001007181202,default,moderate,compiled_1core_ASSUMED,1.0629897464437909e-09,ok,9.5e-08,99136.15087031094,0.015437460625815748,6421791.334290278,1049464.5233218553,1.543746062581575,679816.8097458057,38246.060011009096,382460.600110091,162499.5855349026,16249958.553490262,19709,28651
150,15,0.0496435,0.0347505,0.700001007181202,default,moderate,numpy_lean_64core_ideal_ASSUMED,1e-09,classical_wins_even_at_1e-9,3.4367640416666253e-06,99136.15087031094,0.008726136443001303,11360829.791954715,1049464.5233218553,0.8726136443001303,1202668.0194343813,38246.060011009096,382460.600110091,162499.5855349026,16249958.553490262,19709,28651
150,15,0.0496435,0.0347505,0.700001007181202,default,moderate,compiled_64core_ideal_ASSUMED,1e-09,classical_wins_even_at_1e-9,9.5e-08,99136.15087031094,0.00024121032227837107,410994645.3945778,1049464.5233218553,0.02412103222783711,43508275.823731564,38246.060011009096,382460.600110091,162499.5855349026,16249958.553490262,19709,28651
150,15,0.0496435,0.0347505,0.700001007181202,default,factory_limited,numpy_lean_1core,9.521546027326087e-08,ok,3.4367640416666253e-06,42889.69087597738,0.5584727323520834,76798.18259942907,456703.9697419922,55.84727323520834,8177.730859276185,38246.060011009096,382460.600110091,162499.5855349026,16249958.553490262,19709,28651
150,15,0.0496435,0.0347505,0.700001007181202,default,factory_limited,compiled_1core_ASSUMED,2.418384297290935e-09,ok,9.5e-08,42889.69087597738,0.015437460625815748,2778286.6570848986,456703.9697419922,1.543746062581575,295841.3827325042,38246.060011009096,382460.600110091,162499.5855349026,16249958.553490262,19709,28651
150,15,0.0496435,0.0347505,0.700001007181202,default,factory_limited,numpy_lean_64core_ideal_ASSUMED,1.3496168953737904e-09,ok,3.4367640416666253e-06,42889.69087597738,0.008726136443001303,4915083.6863634605,456703.9697419922,0.8726136443001303,523374.7749936758,38246.060011009096,382460.600110091,162499.5855349026,16249958.553490262,19709,28651
150,15,0.0496435,0.0347505,0.700001007181202,default,factory_limited,compiled_64core_ideal_ASSUMED,1e-09,classical_wins_even_at_1e-9,9.5e-08,42889.69087597738,0.00024121032227837107,177810346.0534335,456703.9697419922,0.02412103222783711,18933848.49488027,38246.060011009096,382460.600110091,162499.5855349026,16249958.553490262,19709,28651
150,15,0.0496435,0.0347505,0.700001007181202,qbest,optimistic,numpy_lean_1core,9.241586228279442e-07,ok,3.4367640416666253e-06,5040.039793434585,0.5584727323520834,9024.683751716535,52617.85867622798,55.84727323520834,942.17417660878,38246.060011009096,382460.600110091,162499.5855349026,16249958.553490262,19709,28651
150,15,0.0496435,0.0347505,0.700001007181202,qbest,optimistic,compiled_1core_ASSUMED,2.3916059682908425e-08,ok,9.5e-08,5040.039793434585,0.015437460625815748,326481.14321381523,52617.85867622798,1.543746062581575,34084.52980164121,38246.060011009096,382460.600110091,162499.5855349026,16249958.553490262,19709,28651
150,15,0.0496435,0.0347505,0.700001007181202,qbest,optimistic,numpy_lean_64core_ideal_ASSUMED,1.3383076792592552e-08,ok,3.4367640416666253e-06,5040.039793434585,0.008726136443001303,577579.7601098582,52617.85867622798,0.8726136443001303,60299.14730296192,38246.060011009096,382460.600110091,162499.5855349026,16249958.553490262,19709,28651
150,15,0.0496435,0.0347505,0.700001007181202,qbest,optimistic,compiled_64core_ideal_ASSUMED,1e-09,classical_wins_even_at_1e-9,9.5e-08,5040.039793434585,0.00024121032227837107,20894793.165684175,52617.85867622798,0.02412103222783711,2181409.9073050376,38246.060011009096,382460.600110091,162499.5855349026,16249958.553490262,19709,28651
150,15,0.0496435,0.0347505,0.700001007181202,qbest,moderate,numpy_lean_1core,8.854327906570815e-08,ok,3.4367640416666253e-06,50400.39793434585,0.5584727323520834,90246.83751716536,526178.5867622797,55.84727323520834,9421.7417660878,38246.060011009096,382460.600110091,162499.5855349026,16249958.553490262,19709,28651
150,15,0.0496435,0.0347505,0.700001007181202,qbest,moderate,compiled_1core_ASSUMED,2.2976321141882195e-09,ok,9.5e-08,50400.39793434585,0.015437460625815748,3264811.4321381524,526178.5867622797,1.543746062581575,340845.2980164121,38246.060011009096,382460.600110091,162499.5855349026,16249958.553490262,19709,28651
150,15,0.0496435,0.0347505,0.700001007181202,qbest,moderate,numpy_lean_64core_ideal_ASSUMED,1.2862369532519141e-09,ok,3.4367640416666253e-06,50400.39793434585,0.008726136443001303,5775797.601098583,526178.5867622797,0.8726136443001303,602991.4730296192,38246.060011009096,382460.600110091,162499.5855349026,16249958.553490262,19709,28651
150,15,0.0496435,0.0347505,0.700001007181202,qbest,moderate,compiled_64core_ideal_ASSUMED,1e-09,classical_wins_even_at_1e-9,9.5e-08,50400.39793434585,0.00024121032227837107,208947931.65684175,526178.5867622797,0.02412103222783711,21814099.073050376,38246.060011009096,382460.600110091,162499.5855349026,16249958.553490262,19709,28651
150,15,0.0496435,0.0347505,0.700001007181202,qbest,factory_limited,numpy_lean_1core,2.477078449802484e-07,ok,3.4367640416666253e-06,17021.60416531253,0.5584727323520834,30478.845571606947,180858.72145424862,55.84727323520834,3238.452138791766,38246.060011009096,382460.600110091,162499.5855349026,16249958.553490262,19709,28651
150,15,0.0496435,0.0347505,0.700001007181202,qbest,factory_limited,compiled_1core_ASSUMED,6.292982018688077e-09,ok,9.5e-08,17021.60416531253,0.015437460625815748,1102616.8472843033,180858.72145424862,1.543746062581575,117155.74590797807,38246.060011009096,382460.600110091,162499.5855349026,16249958.553490262,19709,28651
150,15,0.0496435,0.0347505,0.700001007181202,qbest,factory_limited,numpy_lean_64core_ideal_ASSUMED,3.512011047033633e-09,ok,3.4367640416666253e-06,17021.60416531253,0.008726136443001303,1950646.1165828446,180858.72145424862,0.8726136443001303,207260.93688267304,38246.060011009096,382460.600110091,162499.5855349026,16249958.553490262,19709,28651
150,15,0.0496435,0.0347505,0.700001007181202,qbest,factory_limited,compiled_64core_ideal_ASSUMED,1e-09,classical_wins_even_at_1e-9,9.5e-08,17021.60416531253,0.00024121032227837107,70567478.22619541,180858.72145424862,0.02412103222783711,7497967.738110596,38246.060011009096,382460.600110091,162499.5855349026,16249958.553490262,19709,28651
200,20,0.0275585,0.019291,0.7000018143222599,default,optimistic,numpy_lean_1core,4.825796864666523e-07,ok,3.879232349999976e-06,18393.134574874028,1.1355446100266031,16197.63275917722,194827.33365087048,113.55446100266032,1715.717127540292,51828.4113301539,518284.113301539,292724.051454822,29272405.1454822,26319,38261
200,20,0.0275585,0.019291,0.7000018143222599,default,optimistic,compiled_1core_ASSUMED,1.3816137546621046e-08,ok,1.2000000000000002e-07,18393.134574874028,0.035126886174578646,523619.8416068303,194827.33365087048,3.5126886174578646,55463.878205027795,51828.4113301539,518284.113301539,292724.051454822,29272405.1454822,26319,38261
200,20,0.0275585,0.019291,0.7000018143222599,default,optimistic,numpy_lean_64core_ideal_ASSUMED,6.878077231104093e-09,ok,3.879232349999976e-06,18393.134574874028,0.017742884531665674,1036648.4965873421,194827.33365087048,1.7742884531665675,109805.89616257869,51828.4113301539,518284.113301539,292724.051454822,29272405.1454822,26319,38261
200,20,0.0275585,0.019291,0.7000018143222599,default,optimistic,compiled_64core_ideal_ASSUMED,1e-09,classical_wins_even_at_1e-9,1.2000000000000002e-07,18393.134574874028,0.0005488575964777913,33511669.86283714,194827.33365087048,0.054885759647779135,3549688.205121779,51828.4113301539,518284.113301539,292724.051454822,29272405.1454822,26319,38261
200,20,0.0275585,0.019291,0.7000018143222599,default,moderate,numpy_lean_1core,4.581465717701308e-08,ok,3.879232349999976e-06,183931.34574874025,1.1355446100266031,161976.32759177216,1948273.3365087048,113.55446100266032,17157.17127540292,51828.4113301539,518284.113301539,292724.051454822,29272405.1454822,26319,38261
200,20,0.0275585,0.019291,0.7000018143222599,default,moderate,compiled_1core_ASSUMED,1.3167282247182376e-09,ok,1.2000000000000002e-07,183931.34574874025,0.035126886174578646,5236198.4160683025,1948273.3365087048,3.5126886174578646,554638.7820502779,51828.4113301539,518284.113301539,292724.051454822,29272405.1454822,26319,38261
200,20,0.0275585,0.019291,0.7000018143222599,default,moderate,numpy_lean_64core_ideal_ASSUMED,1e-09,classical_wins_even_at_1e-9,3.879232349999976e-06,183931.34574874025,0.017742884531665674,10366484.965873418,1948273.3365087048,1.7742884531665675,1098058.961625787,51828.4113301539,518284.113301539,292724.051454822,29272405.1454822,26319,38261
200,20,0.0275585,0.019291,0.7000018143222599,default,moderate,compiled_64core_ideal_ASSUMED,1e-09,classical_wins_even_at_1e-9,1.2000000000000002e-07,183931.34574874025,0.0005488575964777913,335116698.62837136,1948273.3365087048,0.054885759647779135,35496882.05121779,51828.4113301539,518284.113301539,292724.051454822,29272405.1454822,26319,38261
200,20,0.0275585,0.019291,0.7000018143222599,default,factory_limited,numpy_lean_1core,7.950134020508089e-08,ok,3.879232349999976e-06,103935.34674553823,1.1355446100266031,91529.07409168476,1108746.9356192553,113.55446100266032,9764.010377305036,51828.4113301539,518284.113301539,292724.051454822,29272405.1454822,26319,38261
200,20,0.0275585,0.019291,0.7000018143222599,default,factory_limited,compiled_1core_ASSUMED,2.2672721338537083e-09,ok,1.2000000000000002e-07,103935.34674553823,0.035126886174578646,2958854.543183401,1108746.9356192553,3.5126886174578646,315640.54101147637,51828.4113301539,518284.113301539,292724.051454822,29272405.1454822,26319,38261
200,20,0.0275585,0.019291,0.7000018143222599,default,factory_limited,numpy_lean_64core_ideal_ASSUMED,1.1279325621910533e-09,ok,3.879232349999976e-06,103935.34674553823,0.017742884531665674,5857860.741867824,1108746.9356192553,1.7742884531665675,624896.6641475223,51828.4113301539,518284.113301539,292724.051454822,29272405.1454822,26319,38261
200,20,0.0275585,0.019291,0.7000018143222599,default,factory_limited,compiled_64core_ideal_ASSUMED,1e-09,classical_wins_even_at_1e-9,1.2000000000000002e-07,103935.34674553823,0.0005488575964777913,189366690.76373768,1108746.9356192553,0.054885759647779135,20200994.624734487,51828.4113301539,518284.113301539,292724.051454822,29272405.1454822,26319,38261
200,20,0.0275585,0.019291,0.7000018143222599,qbest,optimistic,numpy_lean_1core,1.022232033871632e-06,ok,3.879232349999976e-06,9293.988968672456,1.1355446100266031,8184.609293733269,97103.0018270325,113.55446100266032,855.1227399578569,51828.4113301539,518284.113301539,292724.051454822,29272405.1454822,26319,38261
200,20,0.0275585,0.019291,0.7000018143222599,qbest,optimistic,compiled_1core_ASSUMED,2.9689281144246997e-08,ok,1.2000000000000002e-07,9293.988968672456,0.035126886174578646,264583.34286967124,97103.0018270325,3.5126886174578646,27643.498300542793,51828.4113301539,518284.113301539,292724.051454822,29272405.1454822,26319,38261
200,20,0.0275585,0.019291,0.7000018143222599,qbest,optimistic,numpy_lean_64core_ideal_ASSUMED,1.4818485514013712e-08,ok,3.879232349999976e-06,9293.988968672456,0.017742884531665674,523814.9947989292,97103.0018270325,1.7742884531665675,54727.85535730284,51828.4113301539,518284.113301539,292724.051454822,29272405.1454822,26319,38261
200,20,0.0275585,0.019291,0.7000018143222599,qbest,optimistic,compiled_64core_ideal_ASSUMED,1e-09,classical_wins_even_at_1e-9,1.2000000000000002e-07,9293.988968672456,0.0005488575964777913,16933333.94365896,97103.0018270325,0.054885759647779135,1769183.8912347388,51828.4113301539,518284.113301539,292724.051454822,29272405.1454822,26319,38261
200,20,0.0275585,0.019291,0.7000018143222599,qbest,moderate,numpy_lean_1core,9.799712151699892e-08,ok,3.879232349999976e-06,92939.88968672456,1.1355446100266031,81846.0929373327,971030.0182703249,113.55446100266032,8551.227399578569,51828.4113301539,518284.113301539,292724.051454822,29272405.1454822,26319,38261
200,20,0.0275585,0.019291,0.7000018143222599,qbest,moderate,compiled_1core_ASSUMED,2.8535145923464566e-09,ok,1.2000000000000002e-07,92939.88968672456,0.035126886174578646,2645833.4286967125,971030.0182703249,3.5126886174578646,276434.98300542793,51828.4113301539,518284.113301539,292724.051454822,29272405.1454822,26319,38261
200,20,0.0275585,0.019291,0.7000018143222599,qbest,moderate,numpy_lean_64core_ideal_ASSUMED,1.4249111946825943e-09,ok,3.879232349999976e-06,92939.88968672456,0.017742884531665674,5238149.947989292,971030.0182703249,1.7742884531665675,547278.5535730284,51828.4113301539,518284.113301539,292724.051454822,29272405.1454822,26319,38261
200,20,0.0275585,0.019291,0.7000018143222599,qbest,moderate,compiled_64core_ideal_ASSUMED,1e-09,classical_wins_even_at_1e-9,1.2000000000000002e-07,92939.88968672456,0.0005488575964777913,169333339.4365896,971030.0182703249,0.054885759647779135,17691838.912347388,51828.4113301539,518284.113301539,292724.051454822,29272405.1454822,26319,38261
200,20,0.0275585,0.019291,0.7000018143222599,qbest,factory_limited,numpy_lean_1core,2.0782824761616604e-07,ok,3.879232349999976e-06,40983.947240612964,1.1355446100266031,36091.886552702505,436408.84303547075,113.55446100266032,3843.167755648514,51828.4113301539,518284.113301539,292724.051454822,29272405.1454822,26319,38261
200,20,0.0275585,0.019291,0.7000018143222599,qbest,factory_limited,compiled_1core_ASSUMED,5.925997052473328e-09,ok,1.2000000000000002e-07,40983.947240612964,0.035126886174578646,1166740.1157314386,436408.84303547075,3.5126886174578646,124237.8390349043,51828.4113301539,518284.113301539,292724.051454822,29272405.1454822,26319,38261
200,20,0.0275585,0.019291,0.7000018143222599,qbest,factory_limited,numpy_lean_64core_ideal_ASSUMED,2.9480037566466664e-09,ok,3.879232349999976e-06,40983.947240612964,0.017742884531665674,2309880.7393729603,436408.84303547075,1.7742884531665675,245962.73636150488,51828.4113301539,518284.113301539,292724.051454822,29272405.1454822,26319,38261
200,20,0.0275585,0.019291,0.7000018143222599,qbest,factory_limited,compiled_64core_ideal_ASSUMED,1e-09,classical_wins_even_at_1e-9,1.2000000000000002e-07,40983.947240612964,0.0005488575964777913,74671367.40681207,436408.84303547075,0.054885759647779135,7951221.698233875,51828.4113301539,518284.113301539,292724.051454822,29272405.1454822,26319,38261
