n,k,oracle,bits,mismatch,mismatch_rate,a_true,a_quant,F_true,n_states,hh_cx_r1,hh_depth_r1,hh_cx_r2,hh_depth_r2,qubits,cx_r1,n1q_r1,depth_r1,cx_iter,n1q_iter,depth_iter,hh_cx_iter,hh_depth_iter
6,3,F,4,0,0.0,0.1,0.1,2,20,3785,5798,7619,11387,25,1802,680,3241,1723,575,3037,3834,5589
6,3,F,5,0,0.0,0.1,0.1,2,20,4633,6867,9056,13345,28,2108,754,3734,2024,650,3530,4423,6478
6,3,F,6,0,0.0,0.1,0.1,2,20,5655,7769,11356,15712,31,2432,827,4293,2351,719,4088,5701,7943
6,3,F,7,0,0.0,0.1,0.1,2,20,6291,8690,13007,17778,34,2730,906,4770,2646,794,4565,6716,9088
6,3,F,8,0,0.0,0.1,0.1,2,20,7215,9765,14556,19713,37,3040,978,5265,2954,866,5060,7341,9948
6,3,F,9,0,0.0,0.1,0.1,2,20,8217,10786,16619,21789,40,3344,1054,5836,3261,935,5629,8402,11003
6,3,F,10,0,0.0,0.1,0.1,2,20,9281,12047,18917,23874,43,3666,1126,6341,3578,1010,6134,9636,11827
6,3,F,11,0,0.0,0.1,0.1,2,20,10543,13128,20600,25922,46,3986,1200,6888,3899,1079,6680,10057,12794
6,3,G,4,0,0.0,0.05,0.05,2,20,5775,8308,11376,15774,32,2512,848,4403,2433,737,4199,5601,7466
6,3,G,5,0,0.0,0.05,0.05,2,20,7103,9842,14050,19044,36,2958,954,5130,2874,844,4926,6947,9202
6,3,G,6,0,0.0,0.05,0.05,2,20,8395,11019,17024,22051,40,3422,1059,5921,3341,945,5716,8629,11032
6,3,G,7,0,0.0,0.05,0.05,2,20,9625,12247,19276,25017,44,3860,1174,6630,3776,1052,6425,9651,12770
6,3,G,8,0,0.0,0.05,0.05,2,20,11155,13947,22352,27632,48,4308,1280,7355,4222,1156,7150,11197,13685
6,3,G,9,0,0.0,0.05,0.05,2,20,12416,15614,25552,31327,52,4748,1388,8150,4665,1257,7943,13136,15713
6,3,G,10,0,0.0,0.05,0.05,2,20,14301,17299,28377,34306,56,5210,1492,8891,5122,1364,8684,14076,17007
6,3,G,11,0,0.0,0.05,0.05,2,20,15635,18636,31755,37732,60,5666,1598,9668,5579,1465,9460,16120,19096
8,3,F,4,0,0.0,0.03571428571428571,0.03571428571428571,2,56,7027,10083,13638,19759,35,3076,1116,5421,2953,949,5119,6611,9676
8,3,F,5,0,0.0,0.03571428571428571,0.03571428571428571,2,56,8256,11602,16250,22511,38,3526,1224,6166,3403,1053,5864,7994,10909
8,3,F,6,0,0.0,0.03571428571428571,0.03571428571428571,2,56,9377,13081,18623,25398,41,3974,1324,6927,3851,1157,6625,9246,12317
8,3,F,7,0,0.0,0.03571428571428571,0.03571428571428571,2,56,11123,15070,22510,30424,46,4636,1498,8057,4509,1317,7753,11387,15354
8,3,F,8,0,0.0,0.03571428571428571,0.03571428571428571,2,56,12517,16700,25081,33131,49,5074,1600,8806,4947,1421,8502,12564,16431
8,3,F,9,0,0.0,0.03571428571428571,0.03571428571428571,2,56,13616,17894,26975,35703,52,5504,1712,9547,5375,1525,9242,13359,17809
8,3,F,10,0,0.0,0.03571428571428571,0.03571428571428571,2,56,14807,19477,31017,39657,55,5960,1816,10308,5829,1629,10002,16210,20180
8,3,F,11,0,0.0,0.03571428571428571,0.03571428571428571,2,56,16529,20885,33632,42301,58,6418,1918,11059,6285,1733,10752,17103,21416
8,3,G,4,0,0.0,0.03571428571428571,0.03571428571428571,2,56,9510,13173,18884,26674,42,4096,1368,7147,3973,1191,6845,9374,13501
8,3,G,5,0,0.0,0.03571428571428571,0.03571428571428571,2,56,11304,15472,22713,30542,46,4762,1522,8238,4639,1343,7936,11409,15070
8,3,G,6,0,0.0,0.03571428571428571,0.03571428571428571,2,56,13259,18088,27451,35545,50,5428,1670,9355,5305,1495,9053,14192,17457
8,3,G,7,0,0.0,0.03571428571428571,0.03571428571428571,2,56,16082,20968,32287,41815,56,6290,1894,10833,6163,1703,10529,16205,20847
8,3,G,8,0,0.0,0.03571428571428571,0.03571428571428571,2,56,17820,22763,36201,45371,60,6938,2048,11926,6811,1855,11622,18381,22608
8,3,G,9,0,0.0,0.03571428571428571,0.03571428571428571,2,56,19573,25161,39748,50112,64,7572,2208,13013,7443,2007,12708,20175,24951
8,3,G,10,0,0.0,0.03571428571428571,0.03571428571428571,2,56,21694,27448,44707,54461,68,8234,2358,14114,8103,2159,13808,23013,27013
8,3,G,11,0,0.0,0.03571428571428571,0.03571428571428571,2,56,24187,30031,48004,58844,72,8888,2514,15207,8755,2311,14900,23817,28813
10,4,F,4,0,0.0,0.05238095238095238,0.05238095238095238,11,210,8647,12697,17228,25249,33,3882,1596,6955,3671,1321,6447,8581,12552
10,4,F,5,0,0.0,0.05238095238095238,0.05238095238095238,11,210,10801,15496,21352,30642,38,4764,1808,8441,4549,1529,7932,10551,15146
10,4,F,6,0,0.0,0.05238095238095238,0.05238095238095238,11,210,12342,17550,24936,34245,41,5356,1947,9432,5139,1665,8923,12594,16695
10,4,F,7,0,0.0,0.05238095238095238,0.05238095238095238,11,210,14285,19627,28288,38742,44,5930,2084,10403,5713,1801,9893,14003,19115
10,4,F,8,0,0.0,0.05238095238095238,0.05238095238095238,11,210,15929,21433,32353,42682,47,6516,2217,11386,6299,1937,10876,16424,21249
10,4,F,9,0,0.0,0.05238095238095238,0.05238095238095238,11,210,17684,23545,35472,46352,50,7096,2355,12357,6877,2073,11846,17788,22807
10,4,F,10,0,0.0,0.05238095238095238,0.05238095238095238,11,210,19629,25372,39354,50056,53,7684,2492,13344,7465,2209,12832,19725,24684
10,4,F,11,0,0.0,0.05238095238095238,0.05238095238095238,11,210,21868,27689,43595,54764,56,8286,2629,14339,8065,2345,13826,21727,27075
10,4,G,4,0,0.0,0.0380952380952381,0.0380952380952381,11,210,12553,18300,24967,36233,42,5518,1990,9714,5305,1707,9205,12414,17933
10,4,G,5,0,0.0,0.0380952380952381,0.0380952380952381,11,210,15842,22145,31753,43496,47,6692,2264,11671,6477,1979,11162,15911,21351
10,4,G,6,0,0.0,0.0380952380952381,0.0380952380952381,11,210,18184,24880,36931,49975,51,7550,2471,13110,7333,2179,12601,18747,25095
10,4,G,7,0,0.0,0.0380952380952381,0.0380952380952381,11,210,20911,27831,41352,55153,55,8406,2670,14555,8189,2379,14045,20441,27322
10,4,G,8,0,0.0,0.0380952380952381,0.0380952380952381,11,210,23622,30583,47728,61244,59,9264,2869,15996,9047,2579,15486,24106,30661
10,4,G,9,0,0.0,0.0380952380952381,0.0380952380952381,11,210,26932,34234,54338,67984,63,10126,3071,17437,9907,2779,16926,27406,33750
10,4,G,10,0,0.0,0.0380952380952381,0.0380952380952381,11,210,29229,36051,59814,73030,67,10994,3272,18886,10775,2979,18374,30585,36979
10,4,G,11,0,0.0,0.0380952380952381,0.0380952380952381,11,210,32952,40290,65219,78714,71,11872,3471,20339,11651,3179,19826,32267,38424
12,4,F,4,1,0.00202020202020202,0.052525252525252523,0.05454545454545454,26,495,12066,17510,24246,35318,41,5402,2154,9621,5129,1795,8977,12180,17808
12,4,F,5,0,0.0,0.052525252525252523,0.052525252525252523,26,495,14390,20440,28445,40119,44,6148,2323,10850,5873,1963,10206,14055,19679
12,4,F,6,0,0.0,0.052525252525252523,0.052525252525252523,26,495,15848,22348,32601,44462,47,6844,2489,12041,6569,2131,11397,16753,22114
12,4,F,7,0,0.0,0.052525252525252523,0.052525252525252523,26,495,18168,25222,36061,49077,50,7556,2660,13242,7281,2299,12597,17893,23855
12,4,F,8,0,0.0,0.052525252525252523,0.052525252525252523,26,495,20804,27539,41652,54996,53,8280,2830,14469,8003,2467,13824,20848,27457
12,4,F,9,0,0.0,0.052525252525252523,0.052525252525252523,26,495,22678,29505,45776,59072,56,8994,2999,15664,8717,2635,15018,23098,29567
12,4,F,10,0,0.0,0.052525252525252523,0.052525252525252523,26,495,25203,32680,50259,64097,59,9708,3165,16877,9429,2803,16230,25056,31417
12,4,F,11,0,0.0,0.052525252525252523,0.052525252525252523,26,495,27759,35366,55208,69633,62,10456,3335,18110,10175,2971,17462,27449,34267
12,4,G,4,2,0.00404040404040404,0.03636363636363636,0.04040404040404041,26,495,17220,24735,33630,48755,49,7448,2644,13069,7175,2277,12425,16410,24020
12,4,G,5,0,0.0,0.03636363636363636,0.03636363636363636,26,495,20717,28816,41442,56827,53,8536,2897,14880,8261,2525,14236,20725,28011
12,4,G,6,0,0.0,0.03636363636363636,0.03636363636363636,26,495,23716,32000,46950,62696,57,9568,3143,16639,9293,2773,15995,23234,30696
12,4,G,7,0,0.0,0.03636363636363636,0.03636363636363636,26,495,26892,35765,54026,70679,61,10648,3392,18432,10373,3021,17787,27134,34914
12,4,G,8,0,0.0,0.03636363636363636,0.03636363636363636,26,495,30400,39116,59912,77034,65,11704,3644,20231,11427,3269,19586,29512,37918
12,4,G,9,0,0.0,0.03636363636363636,0.03636363636363636,26,495,33225,42581,67505,84062,69,12766,3889,22004,12489,3517,21358,34280,41481
12,4,G,10,0,0.0,0.03636363636363636,0.03636363636363636,26,495,37801,46258,75772,93085,73,13832,4141,23805,13553,3765,23158,37971,46827
12,4,G,11,0,0.0,0.03636363636363636,0.03636363636363636,26,495,41165,50317,81802,100362,77,14912,4391,25602,14631,4013,24954,40637,50045
16,5,F,4,37,0.00847069597069597,0.038232600732600736,0.045787545787545784,167,4368,18788,27119,37872,52789,49,8119,3412,13870,7633,2802,12950,19084,25670
16,5,F,5,15,0.003434065934065934,0.038232600732600736,0.03983516483516483,167,4368,22275,31254,43484,61145,53,9513,3765,16285,9025,3146,15365,21209,29891
16,5,F,6,4,0.0009157509157509158,0.038232600732600736,0.03869047619047619,167,4368,25109,34500,49710,67937,56,10493,3999,17940,10005,3378,17019,24601,33437
16,5,F,7,1,0.00022893772893772894,0.038232600732600736,0.038003663003663,167,4368,28236,38272,55530,74821,59,11505,4230,19633,11017,3610,18711,27294,36549
16,5,F,8,0,0.0,0.038232600732600736,0.038232600732600736,167,4368,31686,41733,63656,84129,62,12551,4458,21334,12061,3842,20412,31970,42396
16,5,F,9,0,0.0,0.038232600732600736,0.038232600732600736,167,4368,34742,44993,70346,89002,65,13569,4702,23019,13079,4074,22097,35604,44009
16,5,F,10,0,0.0,0.038232600732600736,0.038232600732600736,167,4368,37003,47493,73442,95153,68,14471,4927,24632,13979,4306,23709,36439,47660
16,5,F,11,0,0.0,0.038232600732600736,0.038232600732600736,167,4368,40560,51386,81428,102426,71,15463,5162,26309,14971,4538,25386,40868,51040
16,5,G,4,22,0.005036630036630037,0.025412087912087912,0.028617216117216116,167,4368,25740,36452,51628,72634,57,10965,4094,18702,10479,3476,17782,25888,36182
16,5,G,5,8,0.0018315018315018315,0.025412087912087912,0.025869963369963368,167,4368,30460,42515,60358,83769,62,12839,4561,21915,12351,3932,20995,29898,41254
16,5,G,6,3,0.0006868131868131869,0.025412087912087912,0.0260989010989011,167,4368,34754,48070,69301,94031,66,14279,4907,24372,13791,4276,23451,34547,45961
16,5,G,7,0,0.0,0.025412087912087912,0.025412087912087912,167,4368,39351,52383,79696,104745,70,15795,5254,26879,15307,4620,25957,40345,52362
16,5,G,8,0,0.0,0.025412087912087912,0.025412087912087912,167,4368,44320,58096,87801,114652,74,17275,5592,29366,16785,4964,28444,43481,56556
16,5,G,9,0,0.0,0.025412087912087912,0.025412087912087912,167,4368,50249,62712,100464,126455,78,18825,5950,31885,18335,5308,30963,50215,63743
16,5,G,10,0,0.0,0.025412087912087912,0.025412087912087912,167,4368,54103,67982,108413,135137,82,20169,6291,34276,19677,5652,33353,54310,67155
16,5,G,11,0,0.0,0.025412087912087912,0.025412087912087912,167,4368,59020,73142,118499,145679,86,21669,6632,36787,21177,5996,35864,59479,72537
