n,k,B,status,p_lo,p_hi,width,p_point,p_ref,ref_kind,ref_ci_lo,ref_ci_hi,point_err,point_in_ref_ci,bracket_contains_ref,runtime_s,peak_states,table_GB,reason
100,10,4,ok,0.0,1.0,1.0,0.7452229853631757,0.7000004755405708,MC_2M,0.698038211366123,0.7019554327529303,0.045222509822604895,False,True,0.13208171099995525,164450,0.0026312,
100,10,8,ok,0.0009011032588370663,1.0,0.9990988967411629,0.7090822940606916,0.7000004755405708,MC_2M,0.698038211366123,0.7019554327529303,0.009081818520120799,False,True,2.4884128739995504,1340900,0.0214544,
100,10,12,ok,0.012940591618946451,1.0,0.9870594083810535,0.6992827966035045,0.7000004755405708,MC_2M,0.698038211366123,0.7019554327529303,-0.0007176789370663128,True,True,12.70973870799935,4547840,0.07276544,
100,10,16,ok,0.053832935386793415,1.0,0.9461670646132065,0.6951083463036088,0.7000004755405708,MC_2M,0.698038211366123,0.7019554327529303,-0.004892129236961917,False,True,32.943558823000785,10716706,0.171467296,
100,10,24,ok,0.1362862247435132,1.0,0.8637137752564867,0.6975458004905765,0.7000004755405708,MC_2M,0.698038211366123,0.7019554327529303,-0.0024546750499943037,False,True,100.03997273799996,36143360,0.57829376,
100,10,32,infeasible,,,,,0.7000004755405708,MC_2M,0.698038211366123,0.7019554327529303,,,,,84769740,1.35631584,"state (11, 213, 180, 201) = 8.48e+07 cells > 6e+07"
100,10,48,infeasible,,,,,0.7000004755405708,MC_2M,0.698038211366123,0.7019554327529303,,,,,287020800,4.5923328,"state (11, 320, 270, 302) = 2.87e+08 cells > 6e+07"
100,10,64,infeasible,,,,,0.7000004755405708,MC_2M,0.698038211366123,0.7019554327529303,,,,,678157920,10.85052672,"state (11, 426, 360, 402) = 6.78e+08 cells > 6e+07"
100,10,128,infeasible,,,,,0.7000004755405708,MC_2M,0.698038211366123,0.7019554327529303,,,,,5430833485,86.89333576,"state (11, 853, 719, 805) = 5.43e+09 cells > 6e+07"
100,10,256,infeasible,,,,,0.7000004755405708,MC_2M,0.698038211366123,0.7019554327529303,,,,,43419682372,694.714917952,"state (11, 1706, 1438, 1609) = 4.34e+10 cells > 6e+07"
100,10,1024,infeasible,,,,,0.7000004755405708,MC_2M,0.698038211366123,0.7019554327529303,,,,,2776012719480,44416.20351168,"state (11, 6824, 5747, 6435) = 2.78e+12 cells > 6e+07"
100,10,2048,infeasible,,,,,0.7000004755405708,MC_2M,0.698038211366123,0.7019554327529303,,,,,22204749105462,355275.985687392,"state (11, 13647, 11494, 12869) = 2.22e+13 cells > 6e+07"
150,15,4,ok,0.0,1.0,1.0,0.8620522159876601,0.700001007181202,MC_2M,0.6971428790615346,0.7028436596409995,0.16205120880645818,False,True,0.2592903029999434,495936,0.007934976,
150,15,8,ok,2.719171053959585e-07,1.0,0.9999997280828946,0.7972220341458021,0.700001007181202,MC_2M,0.6971428790615346,0.7028436596409995,0.09722102696460011,False,True,18.569652314999985,7805280,0.12488448,
150,15,12,ok,0.00015186264502845868,1.0,0.9998481373549716,0.6093327518593964,0.700001007181202,MC_2M,0.6971428790615346,0.7028436596409995,-0.09066825532180556,False,True,86.25663082000028,26475120,0.42360192,
150,15,16,infeasible,,,,,0.700001007181202,MC_2M,0.6971428790615346,0.7028436596409995,,,,,63369600,1.0139136,"state (16, 140, 138, 205) = 6.34e+07 cells > 6e+07"
150,15,24,infeasible,,,,,0.700001007181202,MC_2M,0.6971428790615346,0.7028436596409995,,,,,214569600,3.4331136,"state (16, 210, 206, 310) = 2.15e+08 cells > 6e+07"
150,15,32,infeasible,,,,,0.700001007181202,MC_2M,0.6971428790615346,0.7028436596409995,,,,,509454000,8.151264,"state (16, 279, 275, 415) = 5.09e+08 cells > 6e+07"
150,15,48,infeasible,,,,,0.700001007181202,MC_2M,0.6971428790615346,0.7028436596409995,,,,,1723517952,27.576287232,"state (16, 419, 412, 624) = 1.72e+09 cells > 6e+07"
150,15,64,infeasible,,,,,0.700001007181202,MC_2M,0.6971428790615346,0.7028436596409995,,,,,4087827648,65.405242368,"state (16, 558, 549, 834) = 4.09e+09 cells > 6e+07"
150,15,128,infeasible,,,,,0.700001007181202,MC_2M,0.6971428790615346,0.7028436596409995,,,,,32781044736,524.496715776,"state (16, 1116, 1098, 1672) = 3.28e+10 cells > 6e+07"
150,15,256,infeasible,,,,,0.700001007181202,MC_2M,0.6971428790615346,0.7028436596409995,,,,,262560070080,4200.96112128,"state (16, 2233, 2195, 3348) = 2.63e+11 cells > 6e+07"
150,15,1024,infeasible,,,,,0.700001007181202,MC_2M,0.6971428790615346,0.7028436596409995,,,,,16811998365760,268991.97385216,"state (16, 8929, 8780, 13403) = 1.68e+13 cells > 6e+07"
150,15,2048,infeasible,,,,,0.700001007181202,MC_2M,0.6971428790615346,0.7028436596409995,,,,,134520945580656,2152335.129290496,"state (16, 17859, 17559, 26811) = 1.35e+14 cells > 6e+07"
200,20,4,ok,0.0,1.0,1.0,0.49365137469807197,0.7000018143222599,MC_2M,0.6961622547743661,0.7038134969827344,-0.20635043962418798,False,True,3.061864252000305,2249373,0.035989968,
200,20,8,ok,4.471950633338191e-08,1.0,0.9999999552804937,0.6658602182449286,0.7000018143222599,MC_2M,0.6961622547743661,0.7038134969827344,-0.03414159607733136,False,True,67.93796640399978,18334512,0.293352192,
200,20,12,infeasible,,,,,0.7000018143222599,MC_2M,0.6961622547743661,0.7038134969827344,,,,,61778304,0.988452864,"state (21, 128, 141, 163) = 6.18e+07 cells > 6e+07"
200,20,16,infeasible,,,,,0.7000018143222599,MC_2M,0.6961622547743661,0.7038134969827344,,,,,147173544,2.354776704,"state (21, 171, 188, 218) = 1.47e+08 cells > 6e+07"
200,20,24,infeasible,,,,,0.7000018143222599,MC_2M,0.6961622547743661,0.7038134969827344,,,,,499021824,7.984349184,"state (21, 256, 283, 328) = 4.99e+08 cells > 6e+07"
200,20,32,infeasible,,,,,0.7000018143222599,MC_2M,0.6961622547743661,0.7038134969827344,,,,,1185166983,18.962671728,"state (21, 341, 377, 439) = 1.19e+09 cells > 6e+07"
200,20,48,infeasible,,,,,0.7000018143222599,MC_2M,0.6961622547743661,0.7038134969827344,,,,,3994765740,63.91625184,"state (21, 510, 566, 659) = 3.99e+09 cells > 6e+07"
200,20,64,infeasible,,,,,0.7000018143222599,MC_2M,0.6961622547743661,0.7038134969827344,,,,,9475065600,151.6010496,"state (21, 680, 754, 880) = 9.48e+09 cells > 6e+07"
200,20,128,infeasible,,,,,0.7000018143222599,MC_2M,0.6961622547743661,0.7038134969827344,,,,,75936984480,1214.99175168,"state (21, 1360, 1509, 1762) = 7.59e+10 cells > 6e+07"
200,20,256,infeasible,,,,,0.7000018143222599,MC_2M,0.6961622547743661,0.7038134969827344,,,,,607617181332,9721.874901312,"state (21, 2719, 3018, 3526) = 6.08e+11 cells > 6e+07"
200,20,1024,infeasible,,,,,0.7000018143222599,MC_2M,0.6961622547743661,0.7038134969827344,,,,,38886513084720,622184.20935552,"state (21, 10872, 12071, 14110) = 3.89e+13 cells > 6e+07"
200,20,2048,infeasible,,,,,0.7000018143222599,MC_2M,0.6961622547743661,0.7038134969827344,,,,,311103128494368,4977650.055909888,"state (21, 21744, 24142, 28221) = 3.11e+14 cells > 6e+07"
50,5,4,ok,0.0,1.0,1.0,0.6978597217605377,0.7009754807268413,exact_enumeration,0.7009754807268413,0.7009754807268413,-0.0031157589663036722,False,True,0.02050734999920678,10800,0.0001728,
50,5,8,ok,0.04368814037684221,1.0,0.9563118596231578,0.7340993683300128,0.7009754807268413,exact_enumeration,0.7009754807268413,0.7009754807268413,0.03312388760317142,False,True,0.061887640000350075,76038,0.001216608,
50,5,12,ok,0.09873542932255458,1.0,0.9012645706774454,0.7388226198365363,0.7009754807268413,exact_enumeration,0.7009754807268413,0.7009754807268413,0.03784713910969495,False,True,0.13871909499994217,251328,0.004021248,
50,5,16,ok,0.18446654209243038,1.0,0.8155334579075696,0.6913338169288661,0.7009754807268413,exact_enumeration,0.7009754807268413,0.7009754807268413,-0.009641663797975264,False,True,0.26815102599994134,576288,0.009220608,
50,5,24,ok,0.29619210441551214,1.0,0.7038078955844879,0.6917900083330026,0.7009754807268413,exact_enumeration,0.7009754807268413,0.7009754807268413,-0.009185472393838712,False,True,1.0042671219998738,1881288,0.030100608,
50,5,32,ok,0.36897534619557126,1.0,0.6310246538044287,0.6960073351671251,0.7009754807268413,exact_enumeration,0.7009754807268413,0.7009754807268413,-0.004968145559716253,False,True,3.560362975999851,4447440,0.07115904,
50,5,48,ok,0.45991821566380264,1.0,0.5400817843361974,0.6960643531802163,0.7009754807268413,exact_enumeration,0.7009754807268413,0.7009754807268413,-0.004911127546625038,False,True,11.938152921000437,14689080,0.23502528,
50,5,64,ok,0.5183495333487809,0.9686779728317011,0.45032843948292023,0.7041503404724769,0.7009754807268413,exact_enumeration,0.7009754807268413,0.7009754807268413,0.003174859745635583,False,True,28.392565793999893,34634352,0.554149632,
50,5,128,infeasible,,,,,0.7009754807268413,exact_enumeration,0.7009754807268413,0.7009754807268413,,,,,273544704,4.376715264,"state (6, 356, 276, 464) = 2.74e+08 cells > 6e+07"
50,5,256,infeasible,,,,,0.7009754807268413,exact_enumeration,0.7009754807268413,0.7009754807268413,,,,,2181325248,34.901203968,"state (6, 711, 551, 928) = 2.18e+09 cells > 6e+07"
50,5,1024,infeasible,,,,,0.7009754807268413,exact_enumeration,0.7009754807268413,0.7009754807268413,,,,,139043227392,2224.691638272,"state (6, 2839, 2199, 3712) = 1.39e+11 cells > 6e+07"
50,5,2048,infeasible,,,,,0.7009754807268413,exact_enumeration,0.7009754807268413,0.7009754807268413,,,,,1111690214544,17787.043432704,"state (6, 5678, 4396, 7423) = 1.11e+12 cells > 6e+07"
