n,p2,Q,method,rmse,bias,MG,MF,NG,NF,crb,Q_actual
16,0.01,316.22776601683796,mlae_aware,0.33532934131736536,0.3353293413173653,0.0,0.0,300.0,15.0,3.183063799848134e+36,315
16,0.01,316.22776601683796,mlae_unaware,3849001.402685628,2222221.5630739247,0.0,0.0,300.0,15.0,3.183063799848134e+36,315
16,0.01,1000.0,mlae_aware,0.33532934131736536,0.3353293413173653,0.0,0.0,950.0,50.0,1.789968315372028e+36,1000
16,0.01,1000.0,mlae_unaware,2520460.4528693454,2105262.467116749,0.0,0.0,950.0,50.0,1.789968315372028e+36,1000
16,0.01,3162.2776601683795,mlae_aware,0.33532934131736536,0.3353293413173653,0.0,0.0,3004.0,158.0,1.0065731545150427e+36,3162
16,0.01,3162.2776601683795,mlae_unaware,1523067.3572922577,1198401.5653973022,0.0,0.0,3004.0,158.0,1.0065731545150427e+36,3162
16,0.01,10000.0,mlae_aware,0.33532934131736536,0.3353293413173653,0.0,0.0,9500.0,500.0,5.660376816110192e+35,10000
16,0.01,10000.0,mlae_unaware,982205.0690418419,561403.2914073273,0.0,0.0,9500.0,500.0,5.660376816110192e+35,10000
16,0.01,31622.776601683792,mlae_aware,0.33532934131736536,0.3353293413173653,0.0,0.0,30041.0,1581.0,3.1830637998481342e+35,31622
16,0.01,31622.776601683792,mlae_unaware,0.6191231945250243,0.14607318657969823,0.0,0.0,30041.0,1581.0,3.1830637998481342e+35,31622
16,0.01,100000.0,mlae_aware,0.33532934131736536,0.3353293413173653,0.0,0.0,95000.0,5000.0,1.789968315372028e+35,100000
16,0.01,100000.0,mlae_unaware,0.2759762044989402,0.10315677621970872,0.0,0.0,95000.0,5000.0,1.789968315372028e+35,100000
16,0.01,316227.7660168379,mlae_aware,0.33532934131736536,0.3353293413173653,0.0,0.0,300416.0,15811.0,1.0065731545150429e+35,316227
16,0.01,316227.7660168379,mlae_unaware,0.0893151810657504,0.009436787479901221,0.0,0.0,300416.0,15811.0,1.0065731545150429e+35,316227
16,0.01,1000000.0,mlae_aware,0.33532934131736536,0.3353293413173653,0.0,0.0,950000.0,50000.0,5.660376816110192e+34,1000000
16,0.01,1000000.0,mlae_unaware,0.05713809808175233,0.010503132176906326,0.0,0.0,950000.0,50000.0,5.660376816110192e+34,1000000
16,0.01,3162277.6601683795,mlae_aware,0.33532934131736536,0.3353293413173653,0.0,0.0,3004163.0,158113.0,3.1830637998481342e+34,3162276
16,0.01,3162277.6601683795,mlae_unaware,0.03050708268641306,0.0006374683452173254,0.0,0.0,3004163.0,158113.0,3.1830637998481342e+34,3162276
16,0.01,10000000.0,mlae_aware,0.33532934131736536,0.3353293413173653,0.0,0.0,9500000.0,500000.0,1.7899683153720277e+34,10000000
16,0.01,10000000.0,mlae_unaware,0.01775738487194196,0.0015066189063278168,0.0,0.0,9500000.0,500000.0,1.7899683153720277e+34,10000000
16,0.01,31622776.60168379,mlae_aware,0.33532934131736536,0.3353293413173653,0.0,0.0,30041637.0,1581138.0,1.0065731545150428e+34,31622775
16,0.01,31622776.60168379,mlae_unaware,0.010390936725383772,0.001262313715897297,0.0,0.0,30041637.0,1581138.0,1.0065731545150428e+34,31622775
16,0.01,100000000.0,mlae_aware,0.33532934131736536,0.3353293413173653,0.0,0.0,95000000.0,5000000.0,5.660376816110192e+33,100000000
16,0.01,100000000.0,mlae_unaware,0.005286265693701205,1.6348694054557634e-05,0.0,0.0,95000000.0,5000000.0,5.660376816110192e+33,100000000
16,0.001,316.22776601683796,mlae_aware,632455531.6132994,399999999.3353281,0.0,0.0,300.0,15.0,370.5977020169506,315
16,0.001,316.22776601683796,mlae_unaware,3849001.402685628,2222221.5630739247,0.0,0.0,300.0,15.0,370.5977020169506,315
16,0.001,1000.0,mlae_aware,730296742.854811,533333332.66865987,0.0,0.0,950.0,50.0,208.40240286471015,1000
16,0.001,1000.0,mlae_unaware,2520460.4528693454,2105262.467116749,0.0,0.0,950.0,50.0,208.40240286471015,1000
16,0.001,3162.2776601683795,mlae_aware,516397779.151086,266666666.2020718,0.0,0.0,3004.0,158.0,117.1932833997941,3162
16,0.001,3162.2776601683795,mlae_unaware,1549515.6571604458,1220594.1965538028,0.0,0.0,3004.0,158.0,117.1932833997941,3162
16,0.001,10000.0,mlae_aware,489590093.6294678,272753886.23179114,0.0,0.0,9500.0,500.0,65.90262629044837,10000
16,0.001,10000.0,mlae_unaware,778757.356755286,343859.54508308973,0.0,0.0,9500.0,500.0,65.90262629044837,10000
16,0.001,31622.776601683792,mlae_aware,417081691.7011837,185374217.08164874,0.0,0.0,30041.0,1581.0,37.059770201695066,31622
16,0.001,31622.776601683792,mlae_unaware,0.6253797733887759,0.12061121768793741,0.0,0.0,30041.0,1581.0,37.059770201695066,31622
16,0.001,100000.0,mlae_aware,467197166.3081616,282827933.08037657,0.0,0.0,95000.0,5000.0,20.840240286471015,100000
16,0.001,100000.0,mlae_unaware,0.25776720894274985,0.08078116029166979,0.0,0.0,95000.0,5000.0,20.840240286471015,100000
16,0.001,316227.7660168379,mlae_aware,285939855.4739022,129018986.56256087,0.0,0.0,300416.0,15811.0,11.71932833997941,316227
16,0.001,316227.7660168379,mlae_unaware,0.08788008872291855,0.02055106647354549,0.0,0.0,300416.0,15811.0,11.71932833997941,316227
16,0.001,1000000.0,mlae_aware,182940431.79662377,101050356.40431617,0.0,0.0,950000.0,50000.0,6.590262629044836,1000000
16,0.001,1000000.0,mlae_unaware,0.06161359607509997,0.013263755070899275,0.0,0.0,950000.0,50000.0,6.590262629044836,1000000
16,0.001,3162277.6601683795,mlae_aware,93583317.30703674,37065950.39197963,0.0,0.0,3004163.0,158113.0,3.7059770201695064,3162276
16,0.001,3162277.6601683795,mlae_unaware,0.03395672173278098,-0.016715452861745375,0.0,0.0,3004163.0,158113.0,3.7059770201695064,3162276
16,0.001,10000000.0,mlae_aware,18905497.164989784,4881392.389644028,0.0,0.0,9500000.0,500000.0,2.0840240286471015,10000000
16,0.001,10000000.0,mlae_unaware,0.02252584622983227,-0.014669837332339982,0.0,0.0,9500000.0,500000.0,2.0840240286471015,10000000
16,0.001,31622776.60168379,mlae_aware,1.5721696953822448,0.6403403094448136,0.0,0.0,30041637.0,1581138.0,1.1719328339979411,31622775
16,0.001,31622776.60168379,mlae_unaware,0.018626368947143153,-0.016283544324864237,0.0,0.0,30041637.0,1581138.0,1.1719328339979411,31622775
16,0.001,100000000.0,mlae_aware,0.7285517207325298,0.21826608613587667,0.0,0.0,95000000.0,5000000.0,0.6590262629044836,100000000
16,0.001,100000000.0,mlae_unaware,0.017080537561532508,-0.01629877181199509,0.0,0.0,95000000.0,5000000.0,0.6590262629044836,100000000
16,0.0001,316.22776601683796,mlae_aware,5882989.577280513,1518981.613852729,0.0,0.0,189.0,126.0,0.6408074794982064,315
16,0.0001,316.22776601683796,mlae_unaware,2732263.212062208,705467.3704551196,0.0,0.0,189.0,126.0,0.6408074794982064,315
16,0.0001,1000.0,mlae_aware,0.48566324311369685,0.20052765053928587,0.0,0.0,600.0,400.0,0.3603525272129088,1000
16,0.0001,1000.0,mlae_unaware,0.31226687444569184,0.015961043552174627,0.0,0.0,600.0,400.0,0.3603525272129088,1000
16,0.0001,3162.2776601683795,mlae_aware,0.2033185953344983,0.07736757936047742,0.0,0.0,1897.0,1264.0,0.20264111768859847,3161
16,0.0001,3162.2776601683795,mlae_unaware,0.15624553307747946,-0.06897927373960977,0.0,0.0,1897.0,1264.0,0.20264111768859847,3161
16,0.0001,10000.0,mlae_aware,0.1387789758597031,0.051007000089319444,0.0,0.0,6000.0,4000.0,0.11395347465905996,10000
16,0.0001,10000.0,mlae_unaware,0.13071132394281781,-0.08800599292717731,0.0,0.0,6000.0,4000.0,0.11395347465905996,10000
16,0.0001,31622.776601683792,mlae_aware,0.08658250955907275,-0.006106848391442636,0.0,0.0,18973.0,12649.0,0.06408074794982063,31622
16,0.0001,31622.776601683792,mlae_unaware,0.14623701054424953,-0.1310200881983238,0.0,0.0,18973.0,12649.0,0.06408074794982063,31622
16,0.0001,100000.0,mlae_aware,0.043116522510066785,0.012942665990492815,0.0,0.0,60000.0,40000.0,0.03603525272129088,100000
16,0.0001,100000.0,mlae_unaware,0.12050379196216093,-0.11648826420521118,0.0,0.0,60000.0,40000.0,0.03603525272129088,100000
16,0.0001,316227.7660168379,mlae_aware,0.020010106400056016,0.004719885251638808,0.0,0.0,189736.0,126491.0,0.02026411176885985,316227
16,0.0001,316227.7660168379,mlae_unaware,0.12337701252741058,-0.12250902119689328,0.0,0.0,189736.0,126491.0,0.02026411176885985,316227
16,0.0001,1000000.0,mlae_aware,0.011227408677094541,0.0014761398246173618,0.0,0.0,600000.0,400000.0,0.011395347465905996,1000000
16,0.0001,1000000.0,mlae_unaware,0.1252049947689599,-0.12492541444764736,0.0,0.0,600000.0,400000.0,0.011395347465905996,1000000
16,0.0001,3162277.6601683795,mlae_aware,0.006359641311994638,0.0008035390768065402,0.0,0.0,1897366.0,1264911.0,0.006408074794982063,3162277
16,0.0001,3162277.6601683795,mlae_unaware,0.12550744965976451,-0.12541792174815106,0.0,0.0,1897366.0,1264911.0,0.006408074794982063,3162277
16,0.0001,10000000.0,mlae_aware,0.0035946588088825566,0.0004443497298176465,0.0,0.0,6000000.0,4000000.0,0.003603525272129088,10000000
16,0.0001,10000000.0,mlae_unaware,0.12571029336707182,-0.1256817263575887,0.0,0.0,6000000.0,4000000.0,0.003603525272129088,10000000
16,0.0001,31622776.60168379,mlae_aware,0.002025893872822861,0.00024688871137486707,0.0,0.0,18973665.0,12649110.0,0.0020264111768859847,31622775
16,0.0001,31622776.60168379,mlae_unaware,0.12583592246627606,-0.1258268553588616,0.0,0.0,18973665.0,12649110.0,0.0020264111768859847,31622775
16,0.0001,100000000.0,mlae_aware,0.00114069219548545,0.0001404272966003539,0.0,0.0,60000000.0,40000000.0,0.0011395347465905997,100000000
16,0.0001,100000000.0,mlae_unaware,0.1259079806954982,-0.12590510866674284,0.0,0.0,60000000.0,40000000.0,0.0011395347465905997,100000000
16,1e-05,316.22776601683796,mlae_aware,0.4477641430723592,0.057232419773731634,2.0,2.0,19.0,15.0,0.2863680850416171,306
16,1e-05,316.22776601683796,mlae_unaware,0.36374605734099535,-0.018190634424733284,2.0,2.0,19.0,15.0,0.2863680850416171,306
16,1e-05,1000.0,mlae_aware,0.4365464329950748,0.2675006949638296,8.0,8.0,17.0,11.0,0.14742316380794354,980
16,1e-05,1000.0,mlae_unaware,8.242197906734317,4.4014061476068,8.0,8.0,17.0,11.0,0.14742316380794354,980
16,1e-05,3162.2776601683795,mlae_aware,0.13909470725363143,0.0967273912845828,8.0,8.0,54.0,36.0,0.08290213729951289,3150
16,1e-05,3162.2776601683795,mlae_unaware,9.294452385372423,6.343336627518478,8.0,8.0,54.0,36.0,0.08290213729951289,3150
16,1e-05,10000.0,mlae_aware,0.11412820562313843,0.07629336766493555,8.0,8.0,171.0,114.0,0.04661929775012034,9975
16,1e-05,10000.0,mlae_unaware,9.25247726077389,8.270153562535954,8.0,8.0,171.0,114.0,0.04661929775012034,9975
16,1e-05,31622.776601683792,mlae_aware,0.046747155093699394,0.01626257686058014,8.0,8.0,542.0,361.0,0.02621595767624613,31605
16,1e-05,31622.776601683792,mlae_unaware,9.549558247065264,8.860844390766625,8.0,8.0,542.0,361.0,0.02621595767624613,31605
16,1e-05,100000.0,mlae_aware,0.01179608807249864,0.003097726566244282,8.0,8.0,1714.0,1142.0,0.014742316380794354,99960
16,1e-05,100000.0,mlae_unaware,10.233543244315902,10.233376856902959,8.0,8.0,1714.0,1142.0,0.014742316380794354,99960
16,1e-05,316227.7660168379,mlae_aware,0.00777642471307935,0.003219681265006491,8.0,8.0,5421.0,3614.0,0.008290213729951288,316225
16,1e-05,316227.7660168379,mlae_unaware,10.243685205382777,10.2436449398626,8.0,8.0,5421.0,3614.0,0.008290213729951288,316225
16,1e-05,1000000.0,mlae_aware,0.003920789643539854,6.297511535148607e-05,8.0,8.0,17142.0,11428.0,0.004661929775012034,999950
16,1e-05,1000000.0,mlae_unaware,10.251541539207118,10.25153324805016,8.0,8.0,17142.0,11428.0,0.004661929775012034,999950
16,1e-05,3162277.6601683795,mlae_aware,0.0025831574269414527,-0.0005368403297142832,8.0,8.0,54210.0,36140.0,0.002621595767624613,3162250
16,1e-05,3162277.6601683795,mlae_unaware,10.250344636148661,10.250339171368294,8.0,8.0,54210.0,36140.0,0.002621595767624613,3162250
16,1e-05,10000000.0,mlae_aware,0.0015226668665008737,-2.859543526501085e-06,8.0,8.0,171428.0,114285.0,0.0014742316380794353,9999955
16,1e-05,10000000.0,mlae_unaware,10.252520011057221,10.252518217668138,8.0,8.0,171428.0,114285.0,0.0014742316380794353,9999955
16,1e-05,31622776.60168379,mlae_aware,0.0008499817814841793,0.00011541788132913844,8.0,8.0,542104.0,361403.0,0.0008290213729951288,31622745
16,1e-05,31622776.60168379,mlae_unaware,10.253797847966096,10.253797286581822,8.0,8.0,542104.0,361403.0,0.0008290213729951288,31622745
16,1e-05,100000000.0,mlae_aware,0.0004697168707857594,1.2333099909437687e-05,8.0,8.0,1714285.0,1142857.0,0.0004661929775012034,99999970
16,1e-05,100000000.0,mlae_unaware,10.253922244120702,10.253922064611768,8.0,8.0,1714285.0,1142857.0,0.0004661929775012034,99999970
16,-1.0,316.22776601683796,classical_mc,0.1271731364270961,-0.0033068300639040684,,,,,,316
16,-1.0,1000.0,classical_mc,0.0700958092541865,0.0012335110279303452,,,,,,1000
16,-1.0,3162.2776601683795,classical_mc,0.03602882781619031,0.0017681007951696691,,,,,,3162
16,-1.0,10000.0,classical_mc,0.022272087936818844,-0.0006216697507307319,,,,,,10000
16,-1.0,31622.776601683792,classical_mc,0.014100392344828148,0.001680704638571726,,,,,,31622
16,-1.0,100000.0,classical_mc,0.0066991437845271284,0.0005621659205248461,,,,,,100000
16,-1.0,316227.7660168379,classical_mc,0.003662608711148325,0.0002891338361866157,,,,,,316227
16,-1.0,1000000.0,classical_mc,0.0020682696567957833,0.0001872416833094137,,,,,,1000000
16,-1.0,3162277.6601683795,classical_mc,0.0011671410716335886,0.00011930944055907766,,,,,,3162277
16,-1.0,10000000.0,classical_mc,0.0006584532007494856,6.920499959394021e-05,,,,,,10000000
16,-1.0,31622776.60168379,classical_mc,0.0003707657855445838,3.9111339776283964e-05,,,,,,31622776
16,-1.0,100000000.0,classical_mc,0.00020872012199420683,2.2071185285109527e-05,,,,,,100000000
