security_key,issuer_name,cik,registrant_title,match,candidates,sic_source_url,sic,sic_description,reason,excluded,status,source,weight,last_date
cusip:171798101,Cimarex Energy Co,0001168054,HELMERICH & PAYNE EXPLORATION & PRODUCTION CO,exact (historical name list),,https://www.sec.gov/cgi-bin/browse-edgar?action=getcompany&CIK=0001168054&type=&dateb=&owner=include&start=0&count=1&output=atom,1311,CRUDE PETROLEUM &amp; NATURAL GAS,fossil fuels (coal mining; oil and gas extraction and field services; petroleum refining),True,assumed,"SEC SIC code of the registrant, linked by company name",0.00019889212149353606,2019-12-31
cusip:423452101,Helmerich & Payne Inc,0000046765,"Helmerich & Payne, Inc.",exact,,https://www.sec.gov/cgi-bin/browse-edgar?action=getcompany&CIK=0000046765&type=&dateb=&owner=include&start=0&count=1&output=atom,1381,DRILLING OIL &amp; GAS WELLS,fossil fuels (coal mining; oil and gas extraction and field services; petroleum refining),True,assumed,"SEC SIC code of the registrant, linked by company name",7.573286407634707e-05,2020-03-31
cusip:655044105,Noble Energy Inc,0000072207,NOBLE ENERGY INC,exact (historical name list),,https://www.sec.gov/cgi-bin/browse-edgar?action=getcompany&CIK=0000072207&type=&dateb=&owner=include&start=0&count=1&output=atom,1311,CRUDE PETROLEUM &amp; NATURAL GAS,fossil fuels (coal mining; oil and gas extraction and field services; petroleum refining),True,assumed,"SEC SIC code of the registrant, linked by company name",0.00015011973481359944,2020-09-30
cusip:723787107,Pioneer Natural Resources Co.,0001038357,PIONEER NATURAL RESOURCES CO,exact (historical name list),,https://www.sec.gov/cgi-bin/browse-edgar?action=getcompany&CIK=0001038357&type=&dateb=&owner=include&start=0&count=1&output=atom,1311,CRUDE PETROLEUM &amp; NATURAL GAS,fossil fuels (coal mining; oil and gas extraction and field services; petroleum refining),True,assumed,"SEC SIC code of the registrant, linked by company name",0.001391304696483515,2024-03-31
cusip:565849106,Marathon Oil Corp.,0000101778,,"ambiguous name, 2 registrants with the same classification",0000101778|0000357293,https://www.sec.gov/cgi-bin/browse-edgar?action=getcompany&CIK=0000101778&type=&dateb=&owner=include&start=0&count=1&output=atom,1311,CRUDE PETROLEUM &amp; NATURAL GAS,fossil fuels (coal mining; oil and gas extraction and field services; petroleum refining),True,assumed,"SEC SIC code of the registrant, linked by company name",0.000305894636111973,2024-09-30
cusip:42809H107,Hess Corp.,0000004447,HESS CORP,exact (historical name list),,https://www.sec.gov/cgi-bin/browse-edgar?action=getcompany&CIK=0000004447&type=&dateb=&owner=include&start=0&count=1&output=atom,2911,PETROLEUM REFINING,fossil fuels (coal mining; oil and gas extraction and field services; petroleum refining),True,assumed,"SEC SIC code of the registrant, linked by company name",0.0007316640622936633,2025-06-30
cusip:127097103,"Coterra Energy, Inc.",0000858470,COTERRA ENERGY INC.,exact (historical name list),,https://www.sec.gov/cgi-bin/browse-edgar?action=getcompany&CIK=0000858470&type=&dateb=&owner=include&start=0&count=1&output=atom,1311,CRUDE PETROLEUM &amp; NATURAL GAS,fossil fuels (coal mining; oil and gas extraction and field services; petroleum refining),True,assumed,"SEC SIC code of the registrant, linked by company name",0.00047689061106039163,2026-03-31
cusip:60871R209,Molson Coors Beverage Co.,0000024545,MOLSON COORS BEVERAGE CO,exact,,https://www.sec.gov/cgi-bin/browse-edgar?action=getcompany&CIK=0000024545&type=&dateb=&owner=include&start=0&count=1&output=atom,2082,MALT BEVERAGES,"alcohol (beer, wine and spirits makers)",True,assumed,"SEC SIC code of the registrant, linked by company name",9.695498842857694e-05,2026-06-30
cusip:806857108,SLB Ltd.,0000087347,SLB LIMITED/NV,exact,,https://www.sec.gov/cgi-bin/browse-edgar?action=getcompany&CIK=0000087347&type=&dateb=&owner=include&start=0&count=1&output=atom,1389,"OIL, GAS FIELD SERVICES, NBC",fossil fuels (coal mining; oil and gas extraction and field services; petroleum refining),True,assumed,"SEC SIC code of the registrant, linked by company name",0.0010783108466227054,2026-06-30
cusip:20825C104,ConocoPhillips,0001163165,CONOCOPHILLIPS,exact,,https://www.sec.gov/cgi-bin/browse-edgar?action=getcompany&CIK=0001163165&type=&dateb=&owner=include&start=0&count=1&output=atom,2911,PETROLEUM REFINING,fossil fuels (coal mining; oil and gas extraction and field services; petroleum refining),True,assumed,"SEC SIC code of the registrant, linked by company name",0.0019648989168230117,2026-06-30
cusip:406216101,Halliburton Co.,0000045012,HALLIBURTON CO,exact,,https://www.sec.gov/cgi-bin/browse-edgar?action=getcompany&CIK=0000045012&type=&dateb=&owner=include&start=0&count=1&output=atom,1389,"OIL, GAS FIELD SERVICES, NBC",fossil fuels (coal mining; oil and gas extraction and field services; petroleum refining),True,assumed,"SEC SIC code of the registrant, linked by company name",0.00044002879946858294,2026-06-30
cusip:166764100,Chevron Corp.,0000093410,CHEVRON CORP,exact,,https://www.sec.gov/cgi-bin/browse-edgar?action=getcompany&CIK=0000093410&type=&dateb=&owner=include&start=0&count=1&output=atom,2911,PETROLEUM REFINING,fossil fuels (coal mining; oil and gas extraction and field services; petroleum refining),True,assumed,"SEC SIC code of the registrant, linked by company name",0.00481428871716593,2026-06-30
cusip:26884L109,EQT Corp.,0000033213,EQT Corp,exact,,https://www.sec.gov/cgi-bin/browse-edgar?action=getcompany&CIK=0000033213&type=&dateb=&owner=include&start=0&count=1&output=atom,1311,CRUDE PETROLEUM &amp; NATURAL GAS,fossil fuels (coal mining; oil and gas extraction and field services; petroleum refining),True,assumed,"SEC SIC code of the registrant, linked by company name",0.0005166468143418034,2026-06-30
cusip:539830109,Lockheed Martin Corp.,0000936468,LOCKHEED MARTIN CORP,exact,,https://www.sec.gov/cgi-bin/browse-edgar?action=getcompany&CIK=0000936468&type=&dateb=&owner=include&start=0&count=1&output=atom,3760,GUIDED MISSILES &amp; SPACE VEHICLES &amp; PARTS,weapons (ordnance; guided missiles; tanks),True,assumed,"SEC SIC code of the registrant, linked by company name",0.0016035654626528483,2026-06-30
cusip:674599105,Occidental Petroleum Corp.,0000797468,OCCIDENTAL PETROLEUM CORP /DE/,exact,,https://www.sec.gov/cgi-bin/browse-edgar?action=getcompany&CIK=0000797468&type=&dateb=&owner=include&start=0&count=1&output=atom,1311,CRUDE PETROLEUM &amp; NATURAL GAS,fossil fuels (coal mining; oil and gas extraction and field services; petroleum refining),True,assumed,"SEC SIC code of the registrant, linked by company name",0.0005471155163012288,2026-06-30
cusip:26875P101,"EOG Resources, Inc.",0000821189,EOG RESOURCES INC,exact,,https://www.sec.gov/cgi-bin/browse-edgar?action=getcompany&CIK=0000821189&type=&dateb=&owner=include&start=0&count=1&output=atom,1311,CRUDE PETROLEUM &amp; NATURAL GAS,fossil fuels (coal mining; oil and gas extraction and field services; petroleum refining),True,assumed,"SEC SIC code of the registrant, linked by company name",0.0010720723840784267,2026-06-30
cusip:56585A102,Marathon Petroleum Corp.,0001510295,Marathon Petroleum Corp,exact,,https://www.sec.gov/cgi-bin/browse-edgar?action=getcompany&CIK=0001510295&type=&dateb=&owner=include&start=0&count=1&output=atom,2911,PETROLEUM REFINING,fossil fuels (coal mining; oil and gas extraction and field services; petroleum refining),True,assumed,"SEC SIC code of the registrant, linked by company name",0.001158084971078567,2026-06-30
cusip:25179M103,Devon Energy Corp.,0001090012,DEVON ENERGY CORP/DE,exact,,https://www.sec.gov/cgi-bin/browse-edgar?action=getcompany&CIK=0001090012&type=&dateb=&owner=include&start=0&count=1&output=atom,1311,CRUDE PETROLEUM &amp; NATURAL GAS,fossil fuels (coal mining; oil and gas extraction and field services; petroleum refining),True,assumed,"SEC SIC code of the registrant, linked by company name",0.0007390809850593021,2026-06-30
cusip:165167735,Expand Energy Corp.,0000895126,EXPAND ENERGY Corp,exact,,https://www.sec.gov/cgi-bin/browse-edgar?action=getcompany&CIK=0000895126&type=&dateb=&owner=include&start=0&count=1&output=atom,1311,CRUDE PETROLEUM &amp; NATURAL GAS,fossil fuels (coal mining; oil and gas extraction and field services; petroleum refining),True,assumed,"SEC SIC code of the registrant, linked by company name",0.00033835766275163316,2026-06-30
cusip:718546104,Phillips 66,0001534701,Phillips 66,exact,,https://www.sec.gov/cgi-bin/browse-edgar?action=getcompany&CIK=0001534701&type=&dateb=&owner=include&start=0&count=1&output=atom,2911,PETROLEUM REFINING,fossil fuels (coal mining; oil and gas extraction and field services; petroleum refining),True,assumed,"SEC SIC code of the registrant, linked by company name",0.0010515041730516349,2026-06-30
cusip:91913Y100,Valero Energy Corp.,0001035002,VALERO ENERGY CORP/TX,exact,,https://www.sec.gov/cgi-bin/browse-edgar?action=getcompany&CIK=0001035002&type=&dateb=&owner=include&start=0&count=1&output=atom,2911,PETROLEUM REFINING,fossil fuels (coal mining; oil and gas extraction and field services; petroleum refining),True,assumed,"SEC SIC code of the registrant, linked by company name",0.001199915236085256,2026-06-30
cusip:30231G102,Exxon Mobil Corp.,0002115436,ExxonMobil Holdings Corp,compact,,https://www.sec.gov/cgi-bin/browse-edgar?action=getcompany&CIK=0002115436&type=&dateb=&owner=include&start=0&count=1&output=atom,2911,PETROLEUM REFINING,fossil fuels (coal mining; oil and gas extraction and field services; petroleum refining),True,assumed,"SEC SIC code of the registrant, linked by company name",0.008791741905983076,2026-06-30
cusip:03743Q108,APA Corp.,0001841666,APA Corp,exact,,https://www.sec.gov/cgi-bin/browse-edgar?action=getcompany&CIK=0001841666&type=&dateb=&owner=include&start=0&count=1&output=atom,1311,CRUDE PETROLEUM &amp; NATURAL GAS,fossil fuels (coal mining; oil and gas extraction and field services; petroleum refining),True,assumed,"SEC SIC code of the registrant, linked by company name",0.00017858397580333278,2026-06-30
cusip:05464C101,"Axon Enterprise, Inc.",0001069183,"AXON ENTERPRISE, INC.",exact,,https://www.sec.gov/cgi-bin/browse-edgar?action=getcompany&CIK=0001069183&type=&dateb=&owner=include&start=0&count=1&output=atom,3480,"ORDNANCE &amp; ACCESSORIES, (NO VEHICLES/GUIDED MISSILES)",weapons (ordnance; guided missiles; tanks),True,assumed,"SEC SIC code of the registrant, linked by company name",0.0007011512453426394,2026-06-30
cusip:718172109,"Philip Morris International, Inc.",0001413329,Philip Morris International Inc.,exact,,https://www.sec.gov/cgi-bin/browse-edgar?action=getcompany&CIK=0001413329&type=&dateb=&owner=include&start=0&count=1&output=atom,2111,CIGARETTES,tobacco,True,assumed,"SEC SIC code of the registrant, linked by company name",0.004374361241114929,2026-06-30
cusip:25278X109,"Diamondback Energy, Inc.",0001539838,"Diamondback Energy, Inc.",exact,,https://www.sec.gov/cgi-bin/browse-edgar?action=getcompany&CIK=0001539838&type=&dateb=&owner=include&start=0&count=1&output=atom,1311,CRUDE PETROLEUM &amp; NATURAL GAS,fossil fuels (coal mining; oil and gas extraction and field services; petroleum refining),True,assumed,"SEC SIC code of the registrant, linked by company name",0.0005293866266506558,2026-06-30
cusip:02209S103,"Altria Group, Inc.",0000764180,"ALTRIA GROUP, INC.",exact,,https://www.sec.gov/cgi-bin/browse-edgar?action=getcompany&CIK=0000764180&type=&dateb=&owner=include&start=0&count=1&output=atom,2111,CIGARETTES,tobacco,True,assumed,"SEC SIC code of the registrant, linked by company name",0.0018640384584539405,2026-06-30
