period_start,period_end,k,n_universe,realised_frozen_return,benchmark_proxy_return,nav_return,reference,median,p05,p95,within_mandate_return_difference,realised_portfolio_percentile,percentile_se,fund_weight_in_universe
2019-09-30,2019-12-31,36,496,0.06443773349882607,0.08495064582504583,0.06266692716800004,"D1 uniform subsets, capped benchmark weights",0.0719603144701412,0.038288649488478384,0.10698690661216853,-0.0075225809713151265,36.18000000000001,0.6795597986932423,0.9409534815920426
2019-12-31,2020-03-31,37,503,-0.1636327378774371,-0.20036229906235403,-0.16902601298800002,"D1 uniform subsets, capped benchmark weights",-0.21719574708011094,-0.27031209794182987,-0.1685896736491699,0.053563009202673845,96.61999999999999,0.2555682296374103,0.9362154693126694
2020-03-31,2020-06-30,36,499,0.18177474306713318,0.1999955564623837,0.17866820038400033,"D1 uniform subsets, capped benchmark weights",0.17905368979757566,0.13165943583101075,0.23394715310336578,0.0027210532695575163,53.14,0.7057110456837132,0.9551828180573656
2020-06-30,2020-09-30,37,505,0.11979024467497024,0.08468706599393133,0.11405242700000029,"D1 uniform subsets, capped benchmark weights",0.07776585495336982,0.03518999100750488,0.12350608833278384,0.042024389721600414,93.44000000000001,0.3501332317847019,0.9541196034272792
2020-09-30,2020-12-31,36,501,0.10947406235213694,0.1156023001378804,0.1107460527919999,"D1 uniform subsets, capped benchmark weights",0.1370001206138674,0.0909652430921409,0.18900094455863536,-0.027526058261730463,17.06,0.5319692472314541,0.9531022996876088
2020-12-31,2021-03-31,36,498,0.07198355084696212,0.057735228337234455,0.07132777580000016,"D1 uniform subsets, capped benchmark weights",0.0743474930639563,0.03929654526345478,0.11408426228016921,-0.0023639422169941804,46.040000000000006,0.7048855793673183,0.9519578890902005
2021-03-31,2021-06-30,36,502,0.07193763312060122,0.08141783705718947,0.07396306318000012,"D1 uniform subsets, capped benchmark weights",0.06647731867421054,0.037911215757428424,0.09964028633922106,0.005460314446390682,61.15999999999999,0.6892683657328255,0.9520027192143841
2021-06-30,2021-09-30,36,501,-0.0017830139272663355,0.0013973296586831073,3.774617087604071e-05,"D1 uniform subsets, capped benchmark weights",-0.007121673204147445,-0.03378536675694585,0.020139326014789544,0.005338659276881109,62.59999999999999,0.6842864897102675,0.9533240457203539
2021-09-30,2021-12-31,34,504,0.10542067087561688,0.10570465664211365,0.10730025783999997,"D1 uniform subsets, capped benchmark weights",0.09253255008663265,0.043488263966916074,0.14010958245454483,0.012888120788984228,67.34,0.6632230997183376,0.9329027180361777
2021-12-31,2022-03-31,34,500,-0.056607108153965253,-0.050528803293001065,-0.057416671920000106,"D1 uniform subsets, capped benchmark weights",-0.06135936514785061,-0.10496566895293208,-0.017810394144587977,0.004752256993885359,56.7,0.7007296197535823,0.9310614299269894
2022-03-31,2022-06-30,36,501,-0.1631639167758511,-0.16516843731883074,-0.15344238132,"D1 uniform subsets, capped benchmark weights",-0.14793020554235609,-0.18977606945960435,-0.10736953403975005,-0.015233711233495012,27.24,0.6296002541295548,0.9591540280294414
2022-06-30,2022-09-30,36,502,-0.06758783500169892,-0.0527606169435582,-0.06929802526599993,"D1 uniform subsets, capped benchmark weights",-0.05694532120412612,-0.09149095792045706,-0.021414996979563807,-0.010642513797572799,30.459999999999997,0.6508745501246764,0.9282468877508644
2022-09-30,2022-12-31,36,498,0.10040677253376978,0.07035459101197736,0.09582470269999988,"D1 uniform subsets, capped benchmark weights",0.10642793464034445,0.05859733865568291,0.15250834442068556,-0.006021162106574662,41.44000000000001,0.6966672663474293,0.9430261851710515
2022-12-31,2023-03-31,36,500,0.0745825070505256,0.06956495372352127,0.07537653209599982,"D1 uniform subsets, capped benchmark weights",0.03719088370748827,-0.013143387344391466,0.1090042639576534,0.037391623343037333,81.56,0.548446241668224,0.9419572934932077
2023-03-31,2023-06-30,36,502,0.08267336535122412,0.08315047044368398,0.0747271689800002,"D1 uniform subsets, capped benchmark weights",0.04383725040219972,0.003273823453380297,0.0921073587536249,0.0388361149490244,91.24,0.39981555747619424,0.9183498541848196
2023-06-30,2023-09-30,35,503,-0.038881320003947,-0.03633313412859306,-0.032914473850000125,"D1 uniform subsets, capped benchmark weights",-0.04863756406972216,-0.0802563101830504,-0.0185463890288498,0.00975624406577516,70.60000000000001,0.6443042759442156,0.9134777065901563
2023-09-30,2023-12-31,36,500,0.11293182976826431,0.11150979859081873,0.11768154343100012,"D1 uniform subsets, capped benchmark weights",0.12053293796853193,0.08515708289814031,0.15819713450453948,-0.007601108200267617,36.78000000000001,0.6819430474753738,0.9147727560019174
2023-12-31,2024-03-31,36,501,0.09432704926005454,0.10174705424450867,0.09996374776999994,"D1 uniform subsets, capped benchmark weights",0.08361087603133426,0.03919934159925018,0.13729274841579658,0.010716173228720288,65.32000000000001,0.6730969618115951,0.9304982575970202
2024-03-31,2024-06-30,38,500,0.019049553302710683,0.037995253054853684,0.018581927659999886,"D1 uniform subsets, capped benchmark weights",-0.012989324324856784,-0.051294302719552085,0.027925394537078124,0.032038877627567464,90.56,0.41349399028280914,0.9501845405906438
2024-06-30,2024-09-30,37,500,0.05132593465303213,0.055191108850842,0.05507412849999982,"D1 uniform subsets, capped benchmark weights",0.08047503612165996,0.03719656008942125,0.12206362001989575,-0.029149101468627828,13.780000000000001,0.487465198757819,0.9711113399878963
2024-09-30,2024-12-31,36,497,0.009114955912536735,0.021000684562111252,0.0026683553599997634,"D1 uniform subsets, capped benchmark weights",-0.01614079907866525,-0.0635138675744879,0.041058483381949645,0.025255754991201983,77.42,0.5912941061772897,0.9698534885778294
2024-12-31,2025-03-31,37,503,-0.02910560569025231,-0.045994536232994696,-0.02436213092799988,"D1 uniform subsets, capped benchmark weights",-0.005933649986626571,-0.04850194124577581,0.03811247702415266,-0.02317195570362574,18.36,0.5475235885329508,0.9589158243246165
2025-03-31,2025-06-30,38,502,0.10404416458173088,0.10541654090589105,0.09822527398399994,"D1 uniform subsets, capped benchmark weights",0.07247904930128599,0.014464732162565497,0.13781297469508919,0.031565115280444894,78.74000000000002,0.5786211886891109,0.9566412926879497
2025-06-30,2025-09-30,37,499,0.028294745432211534,0.07776814943743379,0.02576974920000019,"D1 uniform subsets, capped benchmark weights",0.04184171938754391,-0.0033567815240196867,0.08997065001950375,-0.01354697395533238,32.08,0.6601323503661974,0.9557769091992834
2025-09-30,2025-12-31,38,501,0.02040178801609238,0.023133084933720918,0.016036925696000015,"D1 uniform subsets, capped benchmark weights",0.015508482090875724,-0.02838701803937721,0.06744701645904569,0.004893305925216657,57.10000000000001,0.6999414261207861,0.9558773963385867
2025-12-31,2026-03-31,35,501,-0.07158770786045097,-0.04680976748028849,-0.061796089200000015,"D1 uniform subsets, capped benchmark weights",-0.022155945187248498,-0.07983006487205993,0.04052047991491854,-0.04943176267320248,7.719999999999999,0.3774656540666978,0.9601633435664944
2026-03-31,2026-06-30,34,496,0.13986907032606874,0.14626682939666397,0.16831967560000005,"D1 uniform subsets, capped benchmark weights",0.12873582845760784,0.028043921949084068,0.3214188961986592,0.011133241868460902,54.51999999999999,0.7042115591212629,0.9227346528320353
