period_end,weights,n,k,n_excluded,fund_return,eps,alpha,percentile,percentile_mc_half_width,n_mc,quantum_estimate,quantum_worst_error,quantum_queries_median,quantum_queries_p90,classical_samples_same_precision,query_ratio,valid_fraction
2019-12-31,equal,986,40,0,0.055640644915179484,0.05,0.05,21.2,3.582565406939217,500,21.133839030969163,2.5978583722672837,1000.0,1100.0,256.6954978999511,0.25669549789995105,1.0
2020-03-31,equal,989,40,0,-0.148748958624043,0.05,0.05,100.0,8.765225405765816e-06,500,97.5257308879051,2.4742691120948956,500.0,500.0,0.0,,1.0
2020-06-30,equal,944,40,0,0.21598910897085732,0.05,0.05,14.399999999999999,3.0773806396805727,500,14.192431660837537,2.636136926472385,800.0,900.0,189.4054320296162,0.23675679003702027,1.0
2020-09-30,equal,997,41,0,0.10415827278803041,0.05,0.05,92.60000000000001,2.2944808747481162,500,92.62489741403756,2.583823504932836,600.0,600.0,105.29284969169761,0.17548808281949602,1.0
2020-12-31,equal,998,41,0,0.08931209487222441,0.05,0.05,0.0,8.765225405765816e-06,500,2.474269112094898,2.474269112094898,500.0,500.0,0.0,,1.0
2021-03-31,equal,1006,43,0,0.02569442642875075,0.05,0.05,0.0,8.765225405765816e-06,500,2.474269112094898,2.474269112094898,500.0,500.0,0.0,,1.0
2021-06-30,equal,965,43,0,0.09833616800771895,0.05,0.05,97.2,1.446023120589788,500,96.89376627193636,5.326019670778326,600.0,760.0000000000001,41.81965730560456,0.06969942884267426,1.0
2021-09-30,equal,1011,43,0,0.031619931323401684,0.05,0.05,99.4,0.6769115216425228,500,97.5257308879051,5.6525668766931325,500.0,500.0,9.164184162647912,0.018328368325295823,1.0
2021-12-31,equal,1016,43,0,0.11776206888284746,0.05,0.05,99.4,0.6769115216425228,500,97.5257308879051,5.6525668766931325,500.0,500.0,9.164184162647912,0.018328368325295823,1.0
2022-03-31,equal,1010,42,0,-0.10807665528570448,0.05,0.05,3.8,1.6758780901324204,500,3.6845844766763904,1.5057120481509736,600.0,760.0000000000001,56.17134745971777,0.09361891243286295,1.0
2022-06-30,equal,964,44,0,-0.12782893694528608,0.05,0.05,94.39999999999999,2.0153157524178407,500,94.07346131588896,2.648970193188216,600.0,700.0,81.22995163886975,0.13538325273144958,1.0
2022-09-30,equal,980,45,0,-0.04326876212173717,0.05,0.05,49.6,4.3824724570324465,500,49.60645165693233,6.450701106596279,600.0,760.0000000000001,384.12129673296,0.6402021612216,1.0
2022-12-31,equal,1005,41,0,0.10194334678541746,0.05,0.05,74.6,3.8154815768927666,500,74.43618363533074,4.16537420980565,1000.0,1300.0,291.15799327216223,0.29115799327216224,1.0
2023-03-31,equal,1002,41,0,0.036132668420184165,0.05,0.05,37.6,4.24570002319179,500,38.07830685976956,3.2067359747776636,700.0,1100.0,360.5193737386153,0.5150276767694504,1.0
2023-06-30,equal,973,41,0,0.051698501917648784,0.05,0.05,66.8,4.1278163026429855,500,66.66744357941934,2.642405310129936,1100.0,1500.0,340.77734856730405,0.30979758960664006,1.0
2023-09-30,equal,996,41,0,-0.043462464913521764,0.05,0.05,56.8,4.341893134536228,500,56.70186075130024,4.016452317009145,700.0,760.0000000000001,377.0407198346566,0.5386295997637952,1.0
2023-12-31,equal,1003,41,0,0.12119956555272685,0.05,0.05,45.4,4.36402607304068,500,45.52982089993884,3.6184451060758183,700.0,760.0000000000001,380.894471323577,0.5441349590336815,1.0
2024-03-31,equal,1001,42,0,0.05734020002943865,0.05,0.05,39.4,4.282994452165942,500,39.97612418595021,3.333679352694979,700.0,800.0,366.8808295456847,0.5241154707795496,1.0
2024-06-30,equal,1000,42,0,-0.0017810756559062599,0.05,0.05,97.8,1.28571247163629,500,95.59786079926113,6.867601133405543,500.0,700.0,33.06113119442195,0.06612226238884389,1.0
2024-09-30,equal,966,41,0,0.0644098201028567,0.05,0.05,13.200000000000001,2.966947879015909,500,13.040772877448703,1.9585158332384944,700.0,900.0,176.05559433594004,0.2515079919084858,1.0
2024-12-31,equal,996,41,0,-0.03355713579669377,0.05,0.05,10.6,2.6982661235847667,500,11.06395387449556,2.999521289252803,600.0,960.0000000000001,145.6128014737032,0.242688002456172,1.0
2025-03-31,equal,1002,41,0,-0.0028225168520460047,0.05,0.05,96.2,1.6758780901324215,500,96.31541552332361,1.5057120481509756,600.0,760.0000000000001,56.17134745971782,0.09361891243286304,1.0
2025-06-30,equal,973,40,0,0.059348357960294466,0.05,0.05,42.6,4.334348570826786,500,42.944152305717424,5.140174738512365,600.0,700.0,375.73155066856407,0.6262192511142735,1.0
2025-09-30,equal,1001,41,0,0.012887996181694355,0.05,0.05,10.0,2.629567621729745,500,9.98382350493282,2.007302547313894,600.0,900.0,138.2925175449885,0.2304875292416475,1.0
2025-12-31,equal,1002,43,0,0.011126172660825506,0.05,0.05,63.0,4.231888588098228,500,62.919588432633766,4.336040277978837,700.0,1100.0,358.1776204415202,0.5116823149164574,1.0
2026-03-31,equal,999,42,0,-0.10672922813189689,0.05,0.05,0.0,8.765225405765816e-06,500,2.474269112094898,2.474269112094898,500.0,500.0,0.0,,1.0
2026-06-30,equal,953,42,0,-0.0010636456011563296,0.05,0.05,0.2,0.39160060791846263,500,2.474269112094898,4.202139200738881,500.0,500.0,3.067020722442189,0.006134041444884378,1.0
