start,end,quarters_to_end,k,n_universe,n_eligible,reference,weights,position_cap,fund_return_1q,median_1q,percentile_1q,fund_return_to_end,median_to_end,p05_to_end,p95_to_end,percentile_to_end,fund_weight_in_universe,n_samples,seed,n_violations,fund_holds_excluded,rule_conditioned_shift_1q,rule_conditioned_shift_to_end
2019-09-30,2026-06-30,27,36,505,505,any k names,equal,0.06668355963055538,0.0644377334988262,0.07152882233220736,34.36,1.96694889190776,1.0191145101146104,0.4957037049332686,2.3100627453502622,90.0,0.9409534815920426,5000,2968811710,0,0,-0.0003605921958779179,-0.0020645583359224506
2019-09-30,2026-06-30,27,36,505,505,any k names,benchmark_capped,0.06668355963055538,0.0644377334988262,0.07188365216797954,35.88,1.96694889190776,1.0646962509746536,0.49276614069961894,3.909403409924115,84.4,0.9409534815920426,5000,2968811710,0,0,-0.00022112827817977188,-0.006447215278209573
2019-09-30,2026-06-30,27,36,505,482,k names obeying the exclusions,equal,0.06668355963055538,0.0644377334988262,0.07116823013632945,35.7,1.96694889190776,1.017049951778688,0.49515704795384735,2.27540684489014,90.38,0.9409534815920426,5000,2968811710,0,0,-0.0003605921958779179,-0.0020645583359224506
2019-09-30,2026-06-30,27,36,505,482,k names obeying the exclusions,benchmark_capped,0.06668355963055538,0.0644377334988262,0.07166252388979977,35.9,1.96694889190776,1.058249035696444,0.4964088496197856,3.905600948458828,84.66,0.9409534815920426,5000,2968811710,0,0,-0.00022112827817977188,-0.006447215278209573
2019-12-31,2026-06-30,26,37,505,505,any k names,equal,0.06834760243400426,-0.16363273787743704,-0.2728013518578448,100.0,1.5775367598216818,0.8375350924687562,0.39883939723239936,1.7877114323915522,90.46,0.9362154693126694,5000,3677149159,0,0,0.011121471317954879,-0.004489418989756633
2019-12-31,2026-06-30,26,37,505,505,any k names,benchmark_capped,0.06834760243400426,-0.16363273787743704,-0.22830555195665236,98.06,1.5775367598216818,0.9088637439233651,0.39877520913750897,3.0861093566763587,80.98,0.9362154693126694,5000,3677149159,0,0,0.00992835924368557,-0.016947101980227197
2019-12-31,2026-06-30,26,37,505,483,k names obeying the exclusions,equal,0.06834760243400426,-0.16363273787743704,-0.26167988053988994,99.98,1.5775367598216818,0.8330456734789996,0.3975450033542087,1.745426680518245,91.82,0.9362154693126694,5000,3677149159,0,0,0.011121471317954879,-0.004489418989756633
2019-12-31,2026-06-30,26,37,505,483,k names obeying the exclusions,benchmark_capped,0.06834760243400426,-0.16363273787743704,-0.2183771927129668,96.52,1.5775367598216818,0.8919166419431379,0.39319672765754266,3.0433983879292157,82.9,0.9362154693126694,5000,3677149159,0,0,0.00992835924368557,-0.016947101980227197
2020-03-31,2026-06-30,25,36,505,505,any k names,equal,0.07408097136344508,0.18177474306713326,0.21013466405422188,16.7,2.540124512202042,1.668190043182018,1.0138242021188448,2.75603910938652,91.56,0.9551828180573656,5000,745650761,0,0,-0.0073728694167126685,-0.058787488729385995
2020-03-31,2026-06-30,25,36,505,505,any k names,benchmark_capped,0.07408097136344508,0.18177474306713326,0.17998163976422232,52.02,2.540124512202042,1.4613915994173925,0.8115188897784387,3.5585616660625026,84.96,0.9551828180573656,5000,745650761,0,0,-0.0011289301617085634,-0.009192645259187504
2020-03-31,2026-06-30,25,36,505,484,k names obeying the exclusions,equal,0.07408097136344508,0.18177474306713326,0.2027617946375092,22.18,2.540124512202042,1.609402554452632,0.9658642868860682,2.66060206724794,92.86,0.9551828180573656,5000,745650761,0,0,-0.0073728694167126685,-0.058787488729385995
2020-03-31,2026-06-30,25,36,505,484,k names obeying the exclusions,benchmark_capped,0.07408097136344508,0.18177474306713326,0.17885270960251376,53.76,2.540124512202042,1.452198954158205,0.7778499633954972,3.4783765797068655,85.0,0.9551828180573656,5000,745650761,0,0,-0.0011289301617085634,-0.009192645259187504
2020-06-30,2026-06-30,24,37,505,505,any k names,equal,0.07357814518288275,0.11979024467497013,0.06213840490735767,98.9,2.251581280058482,1.2076018071813628,0.7042209795227907,2.012914149269166,98.14,0.9541196034272792,5000,2884920346,0,0,0.009001789386822945,-0.045375934172063426
2020-06-30,2026-06-30,24,37,505,505,any k names,benchmark_capped,0.07357814518288275,0.11979024467497013,0.06964225110970157,95.62,2.251581280058482,1.1049821005029161,0.5668840351009327,2.565095272611478,90.06,0.9541196034272792,5000,2884920346,0,0,0.007907957428269219,-0.033249490369824164
2020-06-30,2026-06-30,24,37,505,485,k names obeying the exclusions,equal,0.07357814518288275,0.11979024467497013,0.07114019429418061,97.94,2.251581280058482,1.1622258730092994,0.6566706406810883,2.0010073801542436,98.24,0.9541196034272792,5000,2884920346,0,0,0.009001789386822945,-0.045375934172063426
2020-06-30,2026-06-30,24,37,505,485,k names obeying the exclusions,benchmark_capped,0.07357814518288275,0.11979024467497013,0.07755020853797079,93.7,2.251581280058482,1.071732610133092,0.5244295224237278,2.5535892777576374,90.72,0.9541196034272792,5000,2884920346,0,0,0.007907957428269219,-0.033249490369824164
2020-09-30,2026-06-30,23,36,505,505,any k names,equal,0.06389741327590451,0.10947406235213686,0.18002871298058276,0.48,1.7506997076200617,1.1135048345828356,0.6252221817926553,1.9111698884465438,91.28,0.9531022996876088,5000,2642120001,0,0,-0.005515147619710503,-0.07515479252961099
2020-09-30,2026-06-30,23,36,505,505,any k names,benchmark_capped,0.06389741327590451,0.10947406235213686,0.13853453953252393,15.66,1.7506997076200617,1.000692961430444,0.49581278814506513,2.166062114956297,88.04,0.9531022996876088,5000,2642120001,0,0,-0.0013737275306795471,-0.041031119630950075
2020-09-30,2026-06-30,23,36,505,485,k names obeying the exclusions,equal,0.06389741327590451,0.10947406235213686,0.17451356536087226,0.78,1.7506997076200617,1.0383500420532246,0.5660078233658229,1.8360191810610877,93.38,0.9531022996876088,5000,2642120001,0,0,-0.005515147619710503,-0.07515479252961099
2020-09-30,2026-06-30,23,36,505,485,k names obeying the exclusions,benchmark_capped,0.06389741327590451,0.10947406235213686,0.13716081200184438,16.58,1.7506997076200617,0.959661841799494,0.44916539097712843,2.178845722207275,87.68,0.9531022996876088,5000,2642120001,0,0,-0.0013737275306795471,-0.041031119630950075
2020-12-31,2026-06-30,22,36,505,505,any k names,equal,0.06095778519370595,0.07198355084696217,0.10771499153422437,5.0,1.4593439403606379,0.7301436658424485,0.3743242079184934,1.2820320961855716,98.12,0.9519578890902005,5000,549907821,0,0,-0.007473041798160218,-0.03734053873647103
2020-12-31,2026-06-30,22,36,505,505,any k names,benchmark_capped,0.06095778519370595,0.07198355084696217,0.08062610927970137,36.22,1.4593439403606379,0.7378030514405881,0.3278674419490424,1.6804333756642231,89.92,0.9519578890902005,5000,549907821,0,0,-0.00590969998866564,-0.03794822145830867
2020-12-31,2026-06-30,22,36,505,486,k names obeying the exclusions,equal,0.06095778519370595,0.07198355084696217,0.10024194973606415,8.84,1.4593439403606379,0.6928031271059775,0.3295866389719512,1.2519009676846626,98.76,0.9519578890902005,5000,549907821,0,0,-0.007473041798160218,-0.03734053873647103
2020-12-31,2026-06-30,22,36,505,486,k names obeying the exclusions,benchmark_capped,0.06095778519370595,0.07198355084696217,0.07471640929103573,44.64,1.4593439403606379,0.6998548299822794,0.29222533717816895,1.6751505362340913,90.12,0.9519578890902005,5000,549907821,0,0,-0.00590969998866564,-0.03794822145830867
2021-03-31,2026-06-30,21,36,505,505,any k names,equal,0.06346577004231692,0.0719376331206012,0.06337336645703895,70.74,1.1054536147141012,0.5249280055509908,0.2142665626130646,1.0119112649717246,97.62,0.9520027192143841,5000,574372308,0,0,-0.002880611518267462,-0.013004549203396998
2021-03-31,2026-06-30,21,36,505,505,any k names,benchmark_capped,0.06346577004231692,0.0719376331206012,0.0674114195753176,59.16,1.1054536147141012,0.565612156961444,0.2197862192686975,1.4832682650386952,85.62,0.9520027192143841,5000,574372308,0,0,-0.0007298133757784875,5.071505968956558e-06
2021-03-31,2026-06-30,21,36,505,485,k names obeying the exclusions,equal,0.06346577004231692,0.0719376331206012,0.06049275493877149,77.18,1.1054536147141012,0.5119234563475938,0.20428033660191255,0.9870408119990915,97.94,0.9520027192143841,5000,574372308,0,0,-0.002880611518267462,-0.013004549203396998
2021-03-31,2026-06-30,21,36,505,485,k names obeying the exclusions,benchmark_capped,0.06346577004231692,0.0719376331206012,0.06668160619953911,61.18,1.1054536147141012,0.5656172284674129,0.20648398691103004,1.4621666414749475,84.78,0.9520027192143841,5000,574372308,0,0,-0.0007298133757784875,5.071505968956558e-06
2021-06-30,2026-06-30,20,36,505,505,any k names,equal,0.06667270958421945,-0.0017830139272663192,-0.011506953414860632,73.96,0.817044948028826,0.4616300429167042,0.16661303393710897,0.8858127790386605,91.4,0.953324045720354,5000,742431198,0,0,0.0002622483806362097,-0.02897617722643231
2021-06-30,2026-06-30,20,36,505,505,any k names,benchmark_capped,0.06667270958421945,-0.0017830139272663192,-0.00835067900891684,65.82,0.817044948028826,0.5042836335408767,0.1546227853981348,1.2859499203469653,78.84,0.953324045720354,5000,742431198,0,0,0.0014420488286691624,-0.03596639712224692
2021-06-30,2026-06-30,20,36,505,485,k names obeying the exclusions,equal,0.06667270958421945,-0.0017830139272663192,-0.011244705034224423,73.54,0.817044948028826,0.43265386569027187,0.13518879645790582,0.8988128728918005,91.64,0.953324045720354,5000,742431198,0,0,0.0002622483806362097,-0.02897617722643231
2021-06-30,2026-06-30,20,36,505,485,k names obeying the exclusions,benchmark_capped,0.06667270958421945,-0.0017830139272663192,-0.006908630180247677,62.4,0.817044948028826,0.46831723641862977,0.13805679077211663,1.2915252469626688,78.94,0.953324045720354,5000,742431198,0,0,0.0014420488286691624,-0.03596639712224692
2021-09-30,2026-06-30,19,35,505,505,any k names,equal,0.06916464169527572,0.1054206708756169,0.08432401463955719,84.74,0.8133156089541937,0.4728410731044276,0.15080036865896682,0.9651495755214167,88.16,0.9507381105843042,5000,2597619198,0,0,2.7656688807109475e-05,-0.028320324288307108
2021-09-30,2026-06-30,19,35,505,505,any k names,benchmark_capped,0.06916464169527572,0.1054206708756169,0.09177936400809661,69.26,0.8133156089541937,0.5051373699019093,0.15784692002488837,1.299384411105509,77.98,0.9507381105843042,5000,2597619198,0,0,0.0010101873536694228,-0.016925398061250263
2021-09-30,2026-06-30,19,35,505,485,k names obeying the exclusions,equal,0.06916464169527572,0.1054206708756169,0.0843516713283643,84.12,0.8133156089541937,0.44452074881612047,0.14461437697641383,0.968699335911656,88.7,0.9507381105843042,5000,2597619198,0,0,2.7656688807109475e-05,-0.028320324288307108
2021-09-30,2026-06-30,19,35,505,485,k names obeying the exclusions,benchmark_capped,0.06916464169527572,0.1054206708756169,0.09278955136176603,67.44,0.8133156089541937,0.488211971840659,0.1435472851445369,1.3001208404380118,78.14,0.9507381105843042,5000,2597619198,0,0,0.0010101873536694228,-0.016925398061250263
2021-12-31,2026-06-30,18,34,505,505,any k names,equal,0.07382631416918249,-0.0566071081539653,-0.03302932738842773,19.34,0.5526902447384683,0.3452517909927353,0.06980499704171311,0.7558473560656308,81.0,0.9310614299269895,5000,150917237,0,0,-0.01457648312915677,-0.01430277513623357
2021-12-31,2026-06-30,18,34,505,505,any k names,benchmark_capped,0.07382631416918249,-0.0566071081539653,-0.04690929088452944,37.88,0.5526902447384683,0.3792709304887919,0.058258238370138986,1.0392307674417465,71.34,0.9310614299269895,5000,150917237,0,0,-0.013740657776262821,-0.012000363153868432
2021-12-31,2026-06-30,18,34,505,485,k names obeying the exclusions,equal,0.07382631416918249,-0.0566071081539653,-0.0476058105175845,35.64,0.5526902447384683,0.3309490158565017,0.05421380126490111,0.7406418703052139,82.76,0.9310614299269895,5000,150917237,0,0,-0.01457648312915677,-0.01430277513623357
2021-12-31,2026-06-30,18,34,505,485,k names obeying the exclusions,benchmark_capped,0.07382631416918249,-0.0566071081539653,-0.06064994866079226,55.68,0.5526902447384683,0.36727056733492347,0.039638997908088544,1.0360069350157675,72.38,0.9310614299269895,5000,150917237,0,0,-0.013740657776262821,-0.012000363153868432
2022-03-31,2026-06-30,17,36,505,505,any k names,equal,0.07442575103572444,-0.16316391677585118,-0.14656673105184248,20.4,0.6498024411056937,0.38736097362193145,0.11736724164752307,0.8610925455460584,83.58,0.9591540280294414,5000,4253401181,0,0,-0.003505127060288604,0.004765185200922395
2022-03-31,2026-06-30,17,36,505,505,any k names,benchmark_capped,0.07442575103572444,-0.16316391677585118,-0.14336299769358035,21.58,0.6498024411056937,0.45113120913682225,0.12623839872293946,1.1669423226792994,72.48,0.9591540280294414,5000,4253401181,0,0,-0.00471722580212075,0.00820676162845091
2022-03-31,2026-06-30,17,36,505,484,k names obeying the exclusions,equal,0.07442575103572444,-0.16316391677585118,-0.15007185811213108,25.66,0.6498024411056937,0.39212615882285384,0.10848851346477364,0.8776922722609034,82.94,0.9591540280294414,5000,4253401181,0,0,-0.003505127060288604,0.004765185200922395
2022-03-31,2026-06-30,17,36,505,484,k names obeying the exclusions,benchmark_capped,0.07442575103572444,-0.16316391677585118,-0.1480802234957011,28.3,0.6498024411056937,0.45933797076527316,0.11025338731861119,1.193355083402535,70.64,0.9591540280294414,5000,4253401181,0,0,-0.00471722580212075,0.00820676162845091
2022-06-30,2026-06-30,16,36,504,504,any k names,equal,0.0744277186411501,-0.06758783500169885,-0.05135936657711643,18.38,0.7201805560044463,0.6647302869214531,0.3192716173343785,1.2935755330542877,57.56,0.9282468877508644,5000,1546742079,0,0,-0.0025940862467800363,0.024068735808046582
2022-06-30,2026-06-30,16,36,504,504,any k names,benchmark_capped,0.0744277186411501,-0.06758783500169885,-0.05418836667584703,26.26,0.7201805560044463,0.7028907197396042,0.30334150520367675,1.664457537976271,51.98,0.9282468877508644,5000,1546742079,0,0,-0.003492265747104817,0.029503325626879406
2022-06-30,2026-06-30,16,36,504,483,k names obeying the exclusions,equal,0.0744277186411501,-0.06758783500169885,-0.053953452823896464,22.9,0.7201805560044463,0.6887990227294997,0.32392807157722153,1.2837298021675823,54.34,0.9282468877508644,5000,1546742079,0,0,-0.0025940862467800363,0.024068735808046582
2022-06-30,2026-06-30,16,36,504,483,k names obeying the exclusions,benchmark_capped,0.0744277186411501,-0.06758783500169885,-0.05768063242295185,31.8,0.7201805560044463,0.7323940453664836,0.3117275944335376,1.7143904770969085,48.6,0.9282468877508644,5000,1546742079,0,0,-0.003492265747104817,0.029503325626879406
2022-09-30,2026-06-30,15,36,503,503,any k names,equal,0.0728074004480734,0.10040677253376984,0.10876040144095545,35.38,0.9297204138249582,0.758350464467084,0.38745961090141484,1.4699310171527031,66.9,0.9430261851710515,5000,2296626681,0,0,-0.00488448065431335,0.020902716566037705
2022-09-30,2026-06-30,15,36,503,503,any k names,benchmark_capped,0.0728074004480734,0.10040677253376984,0.11380103566785449,31.52,0.9297204138249582,0.8151481637893868,0.3742177619746693,1.885489301746818,60.14,0.9430261851710515,5000,2296626681,0,0,-0.00590325363832056,0.01766671233753392
2022-09-30,2026-06-30,15,36,503,482,k names obeying the exclusions,equal,0.0728074004480734,0.10040677253376984,0.1038759207866421,43.64,0.9297204138249582,0.7792531810331217,0.39562432463744795,1.4927954656512672,65.32,0.9430261851710515,5000,2296626681,0,0,-0.00488448065431335,0.020902716566037705
2022-09-30,2026-06-30,15,36,503,482,k names obeying the exclusions,benchmark_capped,0.0728074004480734,0.10040677253376984,0.10789778202953393,39.98,0.9297204138249582,0.8328148761269207,0.3865236593639196,1.9560884567972272,59.1,0.9430261851710515,5000,2296626681,0,0,-0.00590325363832056,0.01766671233753392
2022-12-31,2026-06-30,14,36,503,503,any k names,equal,0.07155990903838491,0.07458250705052549,0.027840974592156398,95.94,0.9388203332180141,0.5835701591289674,0.26791654140244237,1.2868322995005121,81.12,0.9419572934932077,5000,634801725,0,0,0.004271800892370448,0.02132318979053216
2022-12-31,2026-06-30,14,36,503,503,any k names,benchmark_capped,0.07155990903838491,0.07458250705052549,0.030589701703166217,85.44,0.9388203332180141,0.6353484719865005,0.2543120668267234,1.5873669302008961,74.96,0.9419572934932077,5000,634801725,0,0,0.005895917866536093,0.03807741434766565
2022-12-31,2026-06-30,14,36,503,481,k names obeying the exclusions,equal,0.07155990903838491,0.07458250705052549,0.032112775484526845,94.7,0.9388203332180141,0.6048933489194995,0.27195345371175456,1.3163160448271773,78.98,0.9419572934932077,5000,634801725,0,0,0.004271800892370448,0.02132318979053216
2022-12-31,2026-06-30,14,36,503,481,k names obeying the exclusions,benchmark_capped,0.07155990903838491,0.07458250705052549,0.03648561956970231,82.62,0.9388203332180141,0.6734258863341661,0.2607503659010802,1.6476092346841544,72.24,0.9419572934932077,5000,634801725,0,0,0.005895917866536093,0.03807741434766565
2023-03-31,2026-06-30,13,36,503,503,any k names,equal,0.07647863635168559,0.08267336535122394,0.03462814293653482,98.24,0.7677890475395108,0.5029180940787458,0.23651392026466764,1.0655219260932607,80.52,0.9183498541848195,5000,533521220,0,0,0.001954249178807377,0.012564263996798442
2023-03-31,2026-06-30,13,36,503,503,any k names,benchmark_capped,0.07647863635168559,0.08267336535122394,0.040907821920766696,92.38,0.7677890475395108,0.5640120196883093,0.22582272547442575,1.3241668899206176,72.2,0.9183498541848195,5000,533521220,0,0,0.003036628703275479,0.020104890139591935
2023-03-31,2026-06-30,13,36,503,481,k names obeying the exclusions,equal,0.07647863635168559,0.08267336535122394,0.0365823921153422,98.08,0.7677890475395108,0.5154823580755442,0.24079194542024815,1.0661957787109864,79.84,0.9183498541848195,5000,533521220,0,0,0.001954249178807377,0.012564263996798442
2023-03-31,2026-06-30,13,36,503,481,k names obeying the exclusions,benchmark_capped,0.07647863635168559,0.08267336535122394,0.043944450624042175,91.14,0.7677890475395108,0.5841169098279012,0.23737345110297284,1.330732752204492,70.04,0.9183498541848195,5000,533521220,0,0,0.003036628703275479,0.020104890139591935
2023-06-30,2026-06-30,12,35,503,503,any k names,equal,0.07414032997510585,-0.03888132000394706,-0.05252944262507747,75.88,0.663100634686103,0.4331926473098957,0.19730997725353616,0.9926425592513755,78.78,0.9134777065901563,5000,1647092370,0,0,-0.006561673493844733,0.004254017339548777
2023-06-30,2026-06-30,12,35,503,503,any k names,benchmark_capped,0.07414032997510585,-0.03888132000394706,-0.041121570044709566,54.72,0.663100634686103,0.4960803619121633,0.19845875801949922,1.170929744514117,73.36,0.9134777065901563,5000,1647092370,0,0,-0.008025546390703908,0.011830046407210082
2023-06-30,2026-06-30,12,35,503,480,k names obeying the exclusions,equal,0.07414032997510585,-0.03888132000394706,-0.059091116118922205,87.84,0.663100634686103,0.4374466646494445,0.2003436083771775,0.9921691452047965,77.88,0.9134777065901563,5000,1647092370,0,0,-0.006561673493844733,0.004254017339548777
2023-06-30,2026-06-30,12,35,503,480,k names obeying the exclusions,benchmark_capped,0.07414032997510585,-0.03888132000394706,-0.049147116435413474,69.0,0.663100634686103,0.5079104083193734,0.19104628031910853,1.1741368001617858,72.58,0.9134777065901563,5000,1647092370,0,0,-0.008025546390703908,0.011830046407210082
2023-09-30,2026-06-30,11,36,503,503,any k names,equal,0.07065250552860149,0.11293182976826421,0.11332317958856575,49.18,0.49004312302958697,0.5143004247494543,0.2649100193157375,1.0041187029269218,45.02,0.9147727560019174,5000,1142507027,0,0,0.006220696222722033,0.011916569873972604
2023-09-30,2026-06-30,11,36,503,503,any k names,benchmark_capped,0.07065250552860149,0.11293182976826421,0.11090427767160393,53.36,0.49004312302958697,0.5533227630367211,0.252970574088462,1.2427964847954291,39.04,0.9147727560019174,5000,1142507027,0,0,0.009769703650757577,0.02632056089547663
2023-09-30,2026-06-30,11,36,503,480,k names obeying the exclusions,equal,0.07065250552860149,0.11293182976826421,0.11954387581128778,35.6,0.49004312302958697,0.5262169946234269,0.27682207682470483,1.0395871472186837,42.32,0.9147727560019174,5000,1142507027,0,0,0.006220696222722033,0.011916569873972604
2023-09-30,2026-06-30,11,36,503,480,k names obeying the exclusions,benchmark_capped,0.07065250552860149,0.11293182976826421,0.12067398132236151,37.28,0.49004312302958697,0.5796433239321978,0.27137663203071855,1.3339491245006383,34.46,0.9147727560019174,5000,1142507027,0,0,0.009769703650757577,0.02632056089547663
2023-12-31,2026-06-30,10,36,503,503,any k names,equal,0.07030832541548261,0.09432704926005453,0.07483916053444917,85.28,0.3714708406105214,0.35178656432330435,0.14743457631877682,0.7583285855985166,54.56,0.9304982575970202,5000,661176739,0,0,-0.0026421477134669358,0.004788589361983897
2023-12-31,2026-06-30,10,36,503,503,any k names,benchmark_capped,0.07030832541548261,0.09432704926005453,0.08464002410980054,64.36,0.3714708406105214,0.3904774145933799,0.1421658624446785,1.0034517038035624,46.4,0.9304982575970202,5000,661176739,0,0,-0.0016948244537352553,0.009626627801979648
2023-12-31,2026-06-30,10,36,503,480,k names obeying the exclusions,equal,0.07030832541548261,0.09432704926005453,0.07219701282098223,86.44,0.3714708406105214,0.35657515368528825,0.14460548242048432,0.7649395859912473,53.72,0.9304982575970202,5000,661176739,0,0,-0.0026421477134669358,0.004788589361983897
2023-12-31,2026-06-30,10,36,503,480,k names obeying the exclusions,benchmark_capped,0.07030832541548261,0.09432704926005453,0.08294519965606528,65.74,0.3714708406105214,0.40010404239535957,0.14476608324492315,1.0386855007206486,43.9,0.9304982575970202,5000,661176739,0,0,-0.0016948244537352553,0.009626627801979648
2024-03-31,2026-06-30,9,38,503,503,any k names,equal,0.07034020400213327,0.01904955330271063,-0.032551218444019925,99.84,0.3663905799066085,0.2485987423952648,0.06867005247634826,0.561264943926206,74.78,0.9501845405906438,5000,3884194044,0,0,0.0009690370980536267,0.003768655238777008
2024-03-31,2026-06-30,9,38,503,503,any k names,benchmark_capped,0.07034020400213327,0.01904955330271063,-0.01432106161915514,92.26,0.3663905799066085,0.2816358221183579,0.06202771976524098,0.7694033211765301,69.16,0.9501845405906438,5000,3884194044,0,0,0.0015081115803603495,0.006023759901293446
2024-03-31,2026-06-30,9,38,503,480,k names obeying the exclusions,equal,0.07034020400213327,0.01904955330271063,-0.0315821813459663,99.7,0.3663905799066085,0.2523673976340418,0.0762813936516612,0.5696458045992767,74.22,0.9501845405906438,5000,3884194044,0,0,0.0009690370980536267,0.003768655238777008
2024-03-31,2026-06-30,9,38,503,480,k names obeying the exclusions,benchmark_capped,0.07034020400213327,0.01904955330271063,-0.01281295003879479,90.46,0.3663905799066085,0.28765958201965136,0.06595278798143946,0.7876634132036346,67.72,0.9501845405906438,5000,3884194044,0,0,0.0015081115803603495,0.006023759901293446
2024-06-30,2026-06-30,8,37,503,503,any k names,equal,0.07369504311495673,0.051325934653032146,0.09032186141240284,3.58,0.3057589895364614,0.28688180880845005,0.10952791371955864,0.5721344150662289,55.7,0.9711113399878963,5000,308368335,0,0,0.004346675117613774,0.007955341985816489
2024-06-30,2026-06-30,8,37,503,503,any k names,benchmark_capped,0.07369504311495673,0.051325934653032146,0.07716664826303776,17.28,0.3057589895364614,0.30348069859419424,0.08631882448424771,0.7692657903790717,50.58,0.9711113399878963,5000,308368335,0,0,0.0030041535108371598,0.007320010303427216
2024-06-30,2026-06-30,8,37,503,481,k names obeying the exclusions,equal,0.07369504311495673,0.051325934653032146,0.09466853653001661,2.38,0.3057589895364614,0.29483715079426653,0.11118621310986065,0.5796727845209236,52.58,0.9711113399878963,5000,308368335,0,0,0.004346675117613774,0.007955341985816489
2024-06-30,2026-06-30,8,37,503,481,k names obeying the exclusions,benchmark_capped,0.07369504311495673,0.051325934653032146,0.08017080177387492,13.34,0.3057589895364614,0.31080070889762146,0.09305297519896723,0.7829539106616189,48.82,0.9711113399878963,5000,308368335,0,0,0.0030041535108371598,0.007320010303427216
2024-09-30,2026-06-30,7,36,504,504,any k names,equal,0.07181250952177085,0.009114955912536749,-0.02332857608233796,91.18,0.11626428607186523,0.19206075969825098,0.027914607700357443,0.5068645169636643,25.44,0.9698534885778294,5000,279859028,0,0,-4.82228717008093e-05,0.004244152228373488
2024-09-30,2026-06-30,7,36,504,504,any k names,benchmark_capped,0.07181250952177085,0.009114955912536749,-0.017877833750470307,80.36,0.11626428607186523,0.21881067471454285,0.011298695268165383,0.7287980140879126,23.86,0.9698534885778294,5000,279859028,0,0,0.0015118848928590833,0.002303505552813223
2024-09-30,2026-06-30,7,36,504,482,k names obeying the exclusions,equal,0.07181250952177085,0.009114955912536749,-0.02337679895403877,90.86,0.11626428607186523,0.19630491192662447,0.020896236708093523,0.5154885179301556,26.72,0.9698534885778294,5000,279859028,0,0,-4.82228717008093e-05,0.004244152228373488
2024-09-30,2026-06-30,7,36,504,482,k names obeying the exclusions,benchmark_capped,0.07181250952177085,0.009114955912536749,-0.016365948857611223,78.46,0.11626428607186523,0.22111418026735608,0.010507590557516659,0.7495279711522417,23.44,0.9698534885778294,5000,279859028,0,0,0.0015118848928590833,0.002303505552813223
2024-12-31,2026-06-30,6,37,503,503,any k names,equal,0.0705819822168403,-0.029105605690252334,-0.009578453367856066,18.36,0.13921152479528387,0.21805539826617426,0.0553258814209238,0.6021643283325661,25.24,0.9589158243246165,5000,2893229016,0,0,-0.003925690198279319,-0.0004463985734157738
2024-12-31,2026-06-30,6,37,503,503,any k names,benchmark_capped,0.0705819822168403,-0.029105605690252334,2.1825716493006908e-05,14.6,0.13921152479528387,0.24449024393414553,0.04127429849791187,0.7855507824108734,23.78,0.9589158243246165,5000,2893229016,0,0,-0.005617963657749914,0.0015864440679829173
2024-12-31,2026-06-30,6,37,503,482,k names obeying the exclusions,equal,0.0705819822168403,-0.029105605690252334,-0.013504143566135385,21.04,0.13921152479528387,0.2176089996927585,0.05425060478159971,0.5900523522600661,25.92,0.9589158243246165,5000,2893229016,0,0,-0.003925690198279319,-0.0004463985734157738
2024-12-31,2026-06-30,6,37,503,482,k names obeying the exclusions,benchmark_capped,0.0705819822168403,-0.029105605690252334,-0.005596137941256907,18.96,0.13921152479528387,0.24607668800212845,0.03893292635893923,0.789301429040761,24.72,0.9589158243246165,5000,2893229016,0,0,-0.005617963657749914,0.0015864440679829173
2025-03-31,2026-06-30,5,38,504,504,any k names,equal,0.07350188364961839,0.10404416458173094,0.050811655007121814,97.16,0.20130340628021282,0.2771230417765329,0.0877979174017282,1.4734796899314808,32.5,0.9566412926879497,5000,1448041575,0,0,0.0033146597933799704,0.008265132014169119
2025-03-31,2026-06-30,5,38,504,504,any k names,benchmark_capped,0.07350188364961839,0.10404416458173094,0.06740717989097711,81.86,0.20130340628021282,0.2533624038026475,0.049120868022462565,0.8046812724481496,37.94,0.9566412926879497,5000,1448041575,0,0,0.004553084938411889,0.014003748062623167
2025-03-31,2026-06-30,5,38,504,482,k names obeying the exclusions,equal,0.07350188364961839,0.10404416458173094,0.054126314800501785,96.48,0.20130340628021282,0.285388173790702,0.08766822056496676,1.4679317190674728,30.04,0.9566412926879497,5000,1448041575,0,0,0.0033146597933799704,0.008265132014169119
2025-03-31,2026-06-30,5,38,504,482,k names obeying the exclusions,benchmark_capped,0.07350188364961839,0.10404416458173094,0.071960264829389,79.48,0.20130340628021282,0.2673661518652707,0.04826601823418304,0.8134832423269114,35.66,0.9566412926879497,5000,1448041575,0,0,0.004553084938411889,0.014003748062623167
2025-06-30,2026-06-30,4,37,504,504,any k names,equal,0.0745460694643683,0.028294745432211554,0.04126052331692742,28.16,0.1002489326047784,0.17840655874213895,0.038776507576771896,0.4590401854082224,21.7,0.9557769091992832,5000,3202507196,0,0,-0.0008614149453135544,-0.001453737387584031
2025-06-30,2026-06-30,4,37,504,504,any k names,benchmark_capped,0.0745460694643683,0.028294745432211554,0.042033217936201184,31.8,0.1002489326047784,0.1749904894833446,-0.006760824723097892,0.6530711478006602,28.36,0.9557769091992832,5000,3202507196,0,0,-0.0003449388252892982,0.0017547775876053384
2025-06-30,2026-06-30,4,37,504,482,k names obeying the exclusions,equal,0.0745460694643683,0.028294745432211554,0.04039910837161387,30.42,0.1002489326047784,0.17695282135455492,0.03413578015702014,0.4622210459957684,23.16,0.9557769091992832,5000,3202507196,0,0,-0.0008614149453135544,-0.001453737387584031
2025-06-30,2026-06-30,4,37,504,482,k names obeying the exclusions,benchmark_capped,0.0745460694643683,0.028294745432211554,0.041688279110911886,31.36,0.1002489326047784,0.17674526707094995,-0.011203862782973537,0.6673847581611251,29.44,0.9557769091992832,5000,3202507196,0,0,-0.0003449388252892982,0.0017547775876053384
2025-09-30,2026-06-30,3,38,503,503,any k names,equal,0.07069980269733558,0.02040178801609205,0.007186042153531025,73.68,0.0684034581191677,0.11412070128274698,0.0037827470231539774,0.28200479334549916,26.72,0.9558773963385867,5000,1407914241,0,0,-0.0004888837228421705,-0.0029337964612443646
2025-09-30,2026-06-30,3,38,503,503,any k names,benchmark_capped,0.07069980269733558,0.02040178801609205,0.014441739104571583,57.86,0.0684034581191677,0.12191703937957243,-0.023319335490668766,0.4793376338821096,32.24,0.9558773963385867,5000,1407914241,0,0,0.00018943784977354383,-0.0033950434066586377
2025-09-30,2026-06-30,3,38,503,482,k names obeying the exclusions,equal,0.07069980269733558,0.02040178801609205,0.006697158430688854,73.38,0.0684034581191677,0.11118690482150262,1.5856809173331688e-05,0.28029367809309497,28.94,0.9558773963385867,5000,1407914241,0,0,-0.0004888837228421705,-0.0029337964612443646
2025-09-30,2026-06-30,3,38,503,482,k names obeying the exclusions,benchmark_capped,0.07069980269733558,0.02040178801609205,0.014631176954345126,58.04,0.0684034581191677,0.1185219959729138,-0.031544353732597605,0.48913904457613916,33.6,0.9558773963385867,5000,1407914241,0,0,0.00018943784977354383,-0.0033950434066586377
2025-12-31,2026-06-30,2,35,503,503,any k names,equal,0.07226110374271918,-0.07158770786045099,-0.0012077438728615997,1.04,0.04953334672264176,0.10199990050347685,0.004909040375597262,0.3082621452916548,19.76,0.9601633435664942,5000,2741338606,0,0,-0.011866998993697475,0.0005534823423454238
2025-12-31,2026-06-30,2,35,503,503,any k names,benchmark_capped,0.07226110374271918,-0.07158770786045099,-0.007979304634106399,4.58,0.04953334672264176,0.10706151559492894,-0.022647315161979164,0.35116996327165134,27.14,0.9601633435664942,5000,2741338606,0,0,-0.013700352213630806,0.0006490897359046066
2025-12-31,2026-06-30,2,35,503,482,k names obeying the exclusions,equal,0.07226110374271918,-0.07158770786045099,-0.013074742866559075,1.82,0.04953334672264176,0.10255338284582227,0.006001660538122745,0.320412589367737,21.12,0.9601633435664942,5000,2741338606,0,0,-0.011866998993697475,0.0005534823423454238
2025-12-31,2026-06-30,2,35,503,482,k names obeying the exclusions,benchmark_capped,0.07226110374271918,-0.07158770786045099,-0.021679656847737205,7.06,0.04953334672264176,0.10771060533083354,-0.023055671631250496,0.3566800134288497,28.64,0.9601633435664942,5000,2741338606,0,0,-0.013700352213630806,0.0006490897359046066
2026-03-31,2026-06-30,1,35,503,503,any k names,equal,0.06770180106461642,0.13986907032606877,0.10382004319337013,74.44,0.13986907032606877,0.10382004319337013,0.033767213489121664,0.2067704314859513,74.44,0.9506191762807759,5000,4091284932,0,0,0.006564589051155978,0.006564589051155978
2026-03-31,2026-06-30,1,35,503,503,any k names,benchmark_capped,0.06770180106461642,0.13986907032606877,0.1200472121784576,58.48,0.13986907032606877,0.1200472121784576,0.0193034794497053,0.31331517749137666,58.48,0.9506191762807759,5000,4091284932,0,0,0.008388607945645998,0.008388607945645998
2026-03-31,2026-06-30,1,35,503,482,k names obeying the exclusions,equal,0.06770180106461642,0.13986907032606877,0.1103846322445261,70.28,0.13986907032606877,0.1103846322445261,0.039510850404786524,0.2105172915093853,70.28,0.9506191762807759,5000,4091284932,0,0,0.006564589051155978,0.006564589051155978
2026-03-31,2026-06-30,1,35,503,482,k names obeying the exclusions,benchmark_capped,0.06770180106461642,0.13986907032606877,0.1284358201241036,54.5,0.13986907032606877,0.1284358201241036,0.025572570172693855,0.3174233657428009,54.5,0.9506191762807759,5000,4091284932,0,0,0.008388607945645998,0.008388607945645998
